x0000,y0000
0.,-0.019375
1.,-0.0190625
2.,-0.019375
3.,-0.02
4.,-0.0196875
5.,-0.0190625
6.,-0.020625
7.,-0.0196875
8.,-0.01875
9.,-0.0196875
10.,-0.0196875
11.,-0.019375
12.,-0.019375
13.,-0.019375
14.,-0.0190625
15.,-0.019375
16.,-0.019375
17.,-0.0190625
18.,-0.019375
19.,-0.0190625
20.,-0.019375
21.,-0.0190625
22.,-0.0190625
23.,-0.0196875
24.,-0.02
25.,-0.0196875
26.,-0.019375
27.,-0.0196875
28.,-0.0190625
29.,-0.0196875
30.,-0.02
31.,-0.02
32.,-0.02
33.,-0.0203125
34.,-0.0190625
35.,-0.01875
36.,-0.019375
37.,-0.0190625
38.,-0.019375
39.,-0.0196875
40.,-0.019375
41.,-0.02
42.,-0.0190625
43.,-0.019375
44.,-0.0196875
45.,-0.019375
46.,-0.0196875
47.,-0.019375
48.,-0.0196875
49.,-0.0196875
50.,-0.0196875
51.,-0.02
52.,-0.0196875
53.,-0.019375
54.,-0.019375
55.,-0.02
56.,-0.0190625
57.,-0.019375
58.,-0.02
59.,-0.01875
60.,-0.0190625
61.,-0.02
62.,-0.0190625
63.,-0.019375
64.,-0.019375
65.,-0.01875
66.,-0.0196875
67.,-0.01875
68.,-0.019375
69.,-0.0196875
70.,-0.0190625
71.,-0.0190625
72.,-0.019375
73.,-0.02
74.,-0.0196875
75.,-0.020625
76.,-0.0190625
77.,-0.0190625
78.,-0.0190625
79.,-0.02
80.,-0.019375
81.,-0.02
82.,-0.020625
83.,-0.02
84.,-0.0196875
85.,-0.0196875
86.,-0.019375
87.,-0.0190625
88.,-0.019375
89.,-0.019375
90.,-0.0190625
91.,-0.0190625
92.,-0.019375
93.,-0.0196875
94.,-0.0196875
95.,-0.019375
96.,-0.01875
97.,-0.02
98.,-0.0196875
99.,-0.019375
100.,-0.02
101.,-0.02
102.,-0.0190625
103.,-0.0190625
104.,-0.02
105.,-0.0196875
106.,-0.0184375
107.,-0.0190625
108.,-0.0196875
109.,-0.019375
110.,-0.019375
111.,-0.0190625
112.,-0.0190625
113.,-0.01875
114.,-0.019375
115.,-0.02
116.,-0.0190625
117.,-0.02
118.,-0.019375
119.,-0.019375
120.,-0.019375
121.,-0.019375
122.,-0.02
123.,-0.02
124.,-0.02
125.,-0.0196875
126.,-0.0184375
127.,-0.0196875
128.,-0.019375
129.,-0.0190625
130.,-0.020625
131.,-0.0190625
132.,-0.019375
133.,-0.0196875
134.,-0.0196875
135.,-0.020625
136.,-0.0190625
137.,-0.0196875
138.,-0.019375
139.,-0.019375
140.,-0.019375
141.,-0.019375
142.,-0.0190625
143.,-0.01875
144.,-0.02
145.,-0.02
146.,-0.019375
147.,-0.0190625
148.,-0.0196875
149.,-0.0196875
150.,-0.019375
151.,-0.0190625
152.,-0.02
153.,-0.019375
154.,-0.0196875
155.,-0.019375
156.,-0.019375
157.,-0.02
158.,-0.02
159.,-0.019375
160.,-0.019375
161.,-0.019375
162.,-0.0190625
163.,-0.01875
164.,-0.019375
165.,-0.019375
166.,-0.0184375
167.,-0.019375
168.,-0.0196875
169.,-0.019375
170.,-0.0196875
171.,-0.0184375
172.,-0.01875
173.,-0.0190625
174.,-0.02
175.,-0.0184375
176.,-0.0190625
177.,-0.0196875
178.,-0.0190625
179.,-0.0196875
180.,-0.019375
181.,-0.01875
182.,-0.0184375
183.,-0.0190625
184.,-0.0196875
185.,-0.019375
186.,-0.02
187.,-0.02
188.,-0.01875
189.,-0.02
190.,-0.02
191.,-0.0184375
192.,-0.020625
193.,-0.0196875
194.,-0.02
195.,-0.0196875
196.,-0.02
197.,-0.02
198.,-0.0196875
199.,-0.019375
200.,-0.0196875
201.,-0.01875
202.,-0.019375
203.,-0.02
204.,-0.019375
205.,-0.020625
206.,-0.018125
207.,-0.0190625
208.,-0.0190625
209.,-0.02
210.,-0.02
211.,-0.0190625
212.,-0.0184375
213.,-0.0190625
214.,-0.018125
215.,-0.02
216.,-0.020625
217.,-0.0190625
218.,-0.0196875
219.,-0.02
220.,-0.0196875
221.,-0.02
222.,-0.019375
223.,-0.0196875
224.,-0.02
225.,-0.020625
226.,-0.019375
227.,-0.019375
228.,-0.0190625
229.,-0.019375
230.,-0.0190625
231.,-0.0190625
232.,-0.0184375
233.,-0.0190625
234.,-0.019375
235.,-0.0196875
236.,-0.02
237.,-0.0196875
238.,-0.0196875
239.,-0.020625
240.,-0.02
241.,-0.0190625
242.,-0.02
243.,-0.02
244.,-0.02
245.,-0.0190625
246.,-0.02
247.,-0.0190625
248.,-0.02
249.,-0.019375
250.,-0.0190625
251.,-0.0196875
252.,-0.019375
253.,-0.0190625
254.,-0.02
255.,-0.0196875
256.,-0.02
257.,-0.0190625
258.,-0.0196875
259.,-0.0184375
260.,-0.0190625
261.,-0.0190625
262.,-0.0190625
263.,-0.02
264.,-0.0190625
265.,-0.0190625
266.,-0.019375
267.,-0.02
268.,-0.0190625
269.,-0.0196875
270.,-0.02
271.,-0.0184375
272.,-0.02
273.,-0.0190625
274.,-0.0190625
275.,-0.02
276.,-0.019375
277.,-0.0190625
278.,-0.02
279.,-0.019375
280.,-0.02
281.,-0.0190625
282.,-0.019375
283.,-0.019375
284.,-0.0190625
285.,-0.0190625
286.,-0.02
287.,-0.019375
288.,-0.019375
289.,-0.0190625
290.,-0.019375
291.,-0.019375
292.,-0.0184375
293.,-0.0190625
294.,-0.0203125
295.,-0.0196875
296.,-0.019375
297.,-0.0196875
298.,-0.0190625
299.,-0.01875
300.,-0.019375
301.,-0.0196875
302.,-0.0184375
303.,-0.02
304.,-0.019375
305.,-0.02
306.,-0.020625
307.,-0.01875
308.,-0.02
309.,-0.02
310.,-0.019375
311.,-0.01875
312.,-0.0196875
313.,-0.019375
314.,-0.0196875
315.,-0.020625
316.,-0.0190625
317.,-0.0196875
318.,-0.0196875
319.,-0.02
320.,-0.0196875
321.,-0.0190625
322.,-0.01875
323.,-0.019375
324.,-0.0190625
325.,-0.02
326.,-0.0196875
327.,-0.02
328.,-0.0190625
329.,-0.0196875
330.,-0.0203125
331.,-0.019375
332.,-0.019375
333.,-0.0190625
334.,-0.019375
335.,-0.0190625
336.,-0.0190625
337.,-0.0196875
338.,-0.02
339.,-0.0190625
340.,-0.0196875
341.,-0.0184375
342.,-0.019375
343.,-0.01875
344.,-0.0196875
345.,-0.0190625
346.,-0.019375
347.,-0.019375
348.,-0.0184375
349.,-0.0196875
350.,-0.01875
351.,-0.01875
352.,-0.0184375
353.,-0.0196875
354.,-0.0190625
355.,-0.0196875
356.,-0.02
357.,-0.019375
358.,-0.019375
359.,-0.02
360.,-0.0196875
361.,-0.0196875
362.,-0.0190625
363.,-0.020625
364.,-0.0190625
365.,-0.0190625
366.,-0.02
367.,-0.0190625
368.,-0.02
369.,-0.0190625
370.,-0.0190625
371.,-0.02
372.,-0.01875
373.,-0.0196875
374.,-0.019375
375.,-0.0190625
376.,-0.0196875
377.,-0.0184375
378.,-0.0190625
379.,-0.0196875
380.,-0.0196875
381.,-0.0190625
382.,-0.0190625
383.,-0.0190625
384.,-0.02
385.,-0.019375
386.,-0.02
387.,-0.0196875
388.,-0.01875
389.,-0.019375
390.,-0.0190625
391.,-0.019375
392.,-0.019375
393.,-0.0190625
394.,-0.019375
395.,-0.0196875
396.,-0.0196875
397.,-0.019375
398.,-0.02
399.,-0.0203125
400.,-0.019375
401.,-0.02
402.,-0.02
403.,-0.02
404.,-0.0196875
405.,-0.0190625
406.,-0.02
407.,-0.0196875
408.,-0.02
409.,-0.02
410.,-0.01875
411.,-0.019375
412.,-0.019375
413.,-0.02
414.,-0.019375
415.,-0.019375
416.,-0.0190625
417.,-0.0190625
418.,-0.019375
419.,-0.0190625
420.,-0.019375
421.,-0.02
422.,-0.0196875
423.,-0.02
424.,-0.01875
425.,-0.0203125
426.,-0.02
427.,-0.02
428.,-0.01875
429.,-0.019375
430.,-0.0196875
431.,-0.0196875
432.,-0.02
433.,-0.0190625
434.,-0.019375
435.,-0.0190625
436.,-0.0196875
437.,-0.0196875
438.,-0.02
439.,-0.019375
440.,-0.019375
441.,-0.019375
442.,-0.019375
443.,-0.019375
444.,-0.019375
445.,-0.019375
446.,-0.02
447.,-0.02
448.,-0.0190625
449.,-0.0184375
450.,-0.0190625
451.,-0.0184375
452.,-0.019375
453.,-0.0196875
454.,-0.02
455.,-0.0184375
456.,-0.0190625
457.,-0.019375
458.,-0.0184375
459.,-0.019375
460.,-0.019375
461.,-0.0196875
462.,-0.019375
463.,-0.019375
464.,-0.0190625
465.,-0.01875
466.,-0.02
467.,-0.019375
468.,-0.0190625
469.,-0.0190625
470.,-0.0196875
471.,-0.0190625
472.,-0.0184375
473.,-0.0190625
474.,-0.019375
475.,-0.0190625
476.,-0.0196875
477.,-0.02
478.,-0.01875
479.,-0.0190625
480.,-0.0196875
481.,-0.0196875
482.,-0.0190625
483.,-0.0196875
484.,-0.019375
485.,-0.01875
486.,-0.0196875
487.,-0.02
488.,-0.0196875
489.,-0.0196875
490.,-0.02
491.,-0.0203125
492.,-0.0190625
493.,-0.01875
494.,-0.02
495.,-0.019375
496.,-0.0190625
497.,-0.02
498.,-0.0190625
499.,-0.020625
500.,-0.01875
501.,-0.019375
502.,-0.019375
503.,-0.02
504.,-0.0190625
505.,-0.019375
506.,-0.019375
507.,-0.019375
508.,-0.0196875
509.,-0.019375
510.,-0.019375
511.,-0.0196875
512.,-0.02
513.,-0.02
514.,-0.019375
515.,-0.02
516.,-0.020625
517.,-0.0196875
518.,-0.0190625
519.,-0.0190625
520.,-0.0190625
521.,-0.02
522.,-0.019375
523.,-0.0184375
524.,-0.019375
525.,-0.02
526.,-0.0190625
527.,-0.0203125
528.,-0.02
529.,-0.019375
530.,-0.01875
531.,-0.0184375
532.,-0.0196875
533.,-0.02
534.,-0.0196875
535.,-0.019375
536.,-0.01875
537.,-0.02
538.,-0.02
539.,-0.0190625
540.,-0.0190625
541.,-0.019375
542.,-0.0196875
543.,-0.019375
544.,-0.0184375
545.,-0.0184375
546.,-0.0196875
547.,-0.019375
548.,-0.02
549.,-0.019375
550.,-0.0196875
551.,-0.0190625
552.,-0.0190625
553.,-0.02
554.,-0.019375
555.,-0.02
556.,-0.02
557.,-0.02
558.,-0.019375
559.,-0.0196875
560.,-0.02
561.,-0.019375
562.,-0.0190625
563.,-0.01875
564.,-0.019375
565.,-0.0196875
566.,-0.02
567.,-0.0190625
568.,-0.0190625
569.,-0.0196875
570.,-0.01875
571.,-0.0190625
572.,-0.0184375
573.,-0.0196875
574.,-0.0184375
575.,-0.0190625
576.,-0.02
577.,-0.01875
578.,-0.019375
579.,-0.0196875
580.,-0.019375
581.,-0.019375
582.,-0.019375
583.,-0.019375
584.,-0.0190625
585.,-0.019375
586.,-0.02
587.,-0.0196875
588.,-0.02
589.,-0.0190625
590.,-0.0190625
591.,-0.0196875
592.,-0.01875
593.,-0.0184375
594.,-0.0196875
595.,-0.020625
596.,-0.0190625
597.,-0.0196875
598.,-0.02
599.,-0.02
600.,-0.0196875
601.,-0.0190625
602.,-0.019375
603.,-0.0184375
604.,-0.02
605.,-0.0190625
606.,-0.0196875
607.,-0.019375
608.,-0.0190625
609.,-0.0184375
610.,-0.0203125
611.,-0.02
612.,-0.020625
613.,-0.02
614.,-0.02
615.,-0.02
616.,-0.019375
617.,-0.02
618.,-0.0196875
619.,-0.0196875
620.,-0.019375
621.,-0.019375
622.,-0.019375
623.,-0.02
624.,-0.01875
625.,-0.0190625
626.,-0.02
627.,-0.0190625
628.,-0.02
629.,-0.02
630.,-0.019375
631.,-0.0190625
632.,-0.0184375
633.,-0.01875
634.,-0.019375
635.,-0.0196875
636.,-0.019375
637.,-0.0190625
638.,-0.02
639.,-0.0184375
640.,-0.0196875
641.,-0.0196875
642.,-0.02
643.,-0.02
644.,-0.02
645.,-0.0190625
646.,-0.019375
647.,-0.0184375
648.,-0.01875
649.,-0.0196875
650.,-0.019375
651.,-0.019375
652.,-0.020625
653.,-0.01875
654.,-0.020625
655.,-0.0196875
656.,-0.019375
657.,-0.0184375
658.,-0.0196875
659.,-0.0196875
660.,-0.0196875
661.,-0.019375
662.,-0.019375
663.,-0.0196875
664.,-0.019375
665.,-0.0196875
666.,-0.019375
667.,-0.019375
668.,-0.02
669.,-0.02
670.,-0.02
671.,-0.02
672.,-0.019375
673.,-0.02
674.,-0.0203125
675.,-0.0190625
676.,-0.019375
677.,-0.0190625
678.,-0.02
679.,-0.0196875
680.,-0.01875
681.,-0.01875
682.,-0.0196875
683.,-0.0190625
684.,-0.0190625
685.,-0.019375
686.,-0.0184375
687.,-0.0190625
688.,-0.019375
689.,-0.01875
690.,-0.019375
691.,-0.01875
692.,-0.0196875
693.,-0.0196875
694.,-0.019375
695.,-0.0196875
696.,-0.0196875
697.,-0.0196875
698.,-0.0184375
699.,-0.019375
700.,-0.019375
701.,-0.019375
702.,-0.0196875
703.,-0.0190625
704.,-0.0190625
705.,-0.0196875
706.,-0.0196875
707.,-0.0190625
708.,-0.019375
709.,-0.02
710.,-0.02
711.,-0.02
712.,-0.0190625
713.,-0.0196875
714.,-0.02
715.,-0.0196875
716.,-0.01875
717.,-0.0184375
718.,-0.02
719.,-0.019375
720.,-0.02
721.,-0.02
722.,-0.0190625
723.,-0.0184375
724.,-0.0184375
725.,-0.02
726.,-0.0196875
727.,-0.0203125
728.,-0.02
729.,-0.01875
730.,-0.0196875
731.,-0.019375
732.,-0.019375
733.,-0.019375
734.,-0.02
735.,-0.01875
736.,-0.0196875
737.,-0.0190625
738.,-0.02
739.,-0.02
740.,-0.0190625
741.,-0.019375
742.,-0.01875
743.,-0.019375
744.,-0.0196875
745.,-0.02
746.,-0.0196875
747.,-0.02
748.,-0.0196875
749.,-0.019375
750.,-0.02
751.,-0.019375
752.,-0.019375
753.,-0.02
754.,-0.019375
755.,-0.01875
756.,-0.0196875
757.,-0.01875
758.,-0.0196875
759.,-0.02
760.,-0.0184375
761.,-0.02
762.,-0.02
763.,-0.02
764.,-0.0190625
765.,-0.02
766.,-0.0190625
767.,-0.019375
768.,-0.019375
769.,-0.0196875
770.,-0.0190625
771.,-0.02
772.,-0.0190625
773.,-0.02
774.,-0.02
775.,-0.0190625
776.,-0.0196875
777.,-0.0196875
778.,-0.019375
779.,-0.02
780.,-0.0196875
781.,-0.019375
782.,-0.0190625
783.,-0.01875
784.,-0.0190625
785.,-0.0190625
786.,-0.01875
787.,-0.019375
788.,-0.019375
789.,-0.0184375
790.,-0.02
791.,-0.0196875
792.,-0.019375
793.,-0.0190625
794.,-0.02
795.,-0.019375
796.,-0.0203125
797.,-0.0190625
798.,-0.0190625
799.,-0.02
800.,-0.0190625
801.,-0.019375
802.,-0.019375
803.,-0.0203125
804.,-0.0190625
805.,-0.02
806.,-0.0203125
807.,-0.0190625
808.,-0.020625
809.,-0.019375
810.,-0.0190625
811.,-0.019375
812.,-0.019375
813.,-0.019375
814.,-0.019375
815.,-0.0203125
816.,-0.0190625
817.,-0.0184375
818.,-0.019375
819.,-0.019375
820.,-0.0190625
821.,-0.0190625
822.,-0.02
823.,-0.0196875
824.,-0.020625
825.,-0.02
826.,-0.0178125000
827.,-0.0190625
828.,-0.019375
829.,-0.02
830.,-0.0190625
831.,-0.02
832.,-0.0196875
833.,-0.02
834.,-0.0190625
835.,-0.019375
836.,-0.019375
837.,-0.02
838.,-0.0190625
839.,-0.02
840.,-0.019375
841.,-0.0190625
842.,-0.0196875
843.,-0.019375
844.,-0.020625
845.,-0.0184375
846.,-0.02
847.,-0.0190625
848.,-0.0196875
849.,-0.019375
850.,-0.0190625
851.,-0.0190625
852.,-0.0190625
853.,-0.0184375
854.,-0.019375
855.,-0.019375
856.,-0.019375
857.,-0.0190625
858.,-0.0190625
859.,-0.019375
860.,-0.02
861.,-0.019375
862.,-0.02
863.,-0.019375
864.,-0.0184375
865.,-0.02
866.,-0.019375
867.,-0.019375
868.,-0.019375
869.,-0.0190625
870.,-0.0203125
871.,-0.01875
872.,-0.019375
873.,-0.0196875
874.,-0.02
875.,-0.02
876.,-0.0196875
877.,-0.0190625
878.,-0.02
879.,-0.019375
880.,-0.020625
881.,-0.02
882.,-0.0190625
883.,-0.0184375
884.,-0.0190625
885.,-0.019375
886.,-0.01875
887.,-0.019375
888.,-0.0184375
889.,-0.019375
890.,-0.019375
891.,-0.02
892.,-0.019375
893.,-0.0190625
894.,-0.019375
895.,-0.02
896.,-0.0196875
897.,-0.0203125
898.,-0.01875
899.,-0.02
900.,-0.0190625
901.,-0.02
902.,-0.02
903.,-0.019375
904.,-0.019375
905.,-0.0190625
906.,-0.0190625
907.,-0.0190625
908.,-0.019375
909.,-0.019375
910.,-0.02
911.,-0.02
912.,-0.0190625
913.,-0.019375
914.,-0.0196875
915.,-0.02
916.,-0.0196875
917.,-0.0196875
918.,-0.01875
919.,-0.0190625
920.,-0.02
921.,-0.02
922.,-0.01875
923.,-0.019375
924.,-0.019375
925.,-0.0196875
926.,-0.0184375
927.,-0.019375
928.,-0.019375
929.,-0.02
930.,-0.02
931.,-0.019375
932.,-0.019375
933.,-0.0196875
934.,-0.019375
935.,-0.0190625
936.,-0.019375
937.,-0.0190625
938.,-0.0196875
939.,-0.0196875
940.,-0.0196875
941.,-0.019375
942.,-0.02
943.,-0.0190625
944.,-0.019375
945.,-0.019375
946.,-0.0196875
947.,-0.019375
948.,-0.018125
949.,-0.02
950.,-0.019375
951.,-0.01875
952.,-0.0196875
953.,-0.0190625
954.,-0.02
955.,-0.0184375
956.,-0.019375
957.,-0.0190625
958.,-0.0190625
959.,-0.02
960.,-0.019375
961.,-0.0190625
962.,-0.02
963.,-0.0196875
964.,-0.0196875
965.,-0.019375
966.,-0.0196875
967.,-0.0196875
968.,-0.019375
969.,-0.019375
970.,-0.0190625
971.,-0.0190625
972.,-0.02
973.,-0.0196875
974.,-0.0203125
975.,-0.0196875
976.,-0.0190625
977.,-0.019375
978.,-0.0190625
979.,-0.0184375
980.,-0.019375
981.,-0.019375
982.,-0.0196875
983.,-0.0196875
984.,-0.0190625
985.,-0.019375
986.,-0.0190625
987.,-0.02
988.,-0.02
989.,-0.0196875
990.,-0.0190625
991.,-0.019375
992.,-0.0196875
993.,-0.0184375
994.,-0.02
995.,-0.019375
996.,-0.020625
997.,-0.019375
998.,-0.0196875
999.,-0.0190625
1000.,-0.0190625
1001.,-0.0203125
1002.,-0.0190625
1003.,-0.019375
1004.,-0.0196875
1005.,-0.0190625
1006.,-0.02
1007.,-0.0196875
1008.,-0.019375
1009.,-0.019375
1010.,-0.0196875
1011.,-0.0190625
1012.,-0.0196875
1013.,-0.0196875
1014.,-0.0196875
1015.,-0.02
1016.,-0.02
1017.,-0.02
1018.,-0.0184375
1019.,-0.019375
1020.,-0.01875
1021.,-0.019375
1022.,-0.0196875
1023.,-0.02125
1024.,-0.0190625
1025.,-0.0196875
1026.,-0.019375
1027.,-0.019375
1028.,-0.0196875
1029.,-0.02
1030.,-0.019375
1031.,-0.019375
1032.,-0.019375
1033.,-0.02
1034.,-0.01875
1035.,-0.0196875
1036.,-0.0190625
1037.,-0.02
1038.,-0.02
1039.,-0.019375
1040.,-0.0184375
1041.,-0.019375
1042.,-0.0196875
1043.,-0.0190625
1044.,-0.0196875
1045.,-0.0190625
1046.,-0.0190625
1047.,-0.0190625
1048.,-0.019375
1049.,-0.0203125
1050.,-0.0196875
1051.,-0.0196875
1052.,-0.0196875
1053.,-0.019375
1054.,-0.01875
1055.,-0.0196875
1056.,-0.02
1057.,-0.02
1058.,-0.019375
1059.,-0.0184375
1060.,-0.01875
1061.,-0.02
1062.,-0.020625
1063.,-0.0190625
1064.,-0.0190625
1065.,-0.0190625
1066.,-0.0190625
1067.,-0.019375
1068.,-0.02
1069.,-0.0190625
1070.,-0.0196875
1071.,-0.019375
1072.,-0.0190625
1073.,-0.019375
1074.,-0.0196875
1075.,-0.0196875
1076.,-0.019375
1077.,-0.0190625
1078.,-0.02
1079.,-0.020625
1080.,-0.0190625
1081.,-0.0190625
1082.,-0.019375
1083.,-0.019375
1084.,-0.019375
1085.,-0.0196875
1086.,-0.0190625
1087.,-0.0184375
1088.,-0.0190625
1089.,-0.0196875
1090.,-0.0190625
1091.,-0.019375
1092.,-0.02
1093.,-0.02
1094.,-0.02
1095.,-0.0196875
1096.,-0.019375
1097.,-0.0196875
1098.,-0.019375
1099.,-0.0196875
1100.,-0.02
1101.,-0.0196875
1102.,-0.0190625
1103.,-0.0190625
1104.,-0.02
1105.,-0.0184375
1106.,-0.02
1107.,-0.019375
1108.,-0.019375
1109.,-0.01875
1110.,-0.019375
1111.,-0.0203125
1112.,-0.0190625
1113.,-0.02
1114.,-0.0184375
1115.,-0.019375
1116.,-0.0196875
1117.,-0.019375
1118.,-0.0203125
1119.,-0.0196875
1120.,-0.0190625
1121.,-0.0190625
1122.,-0.0190625
1123.,-0.0190625
1124.,-0.02
1125.,-0.019375
1126.,-0.019375
1127.,-0.02
1128.,-0.01875
1129.,-0.019375
1130.,-0.02
1131.,-0.019375
1132.,-0.0196875
1133.,-0.019375
1134.,-0.0190625
1135.,-0.0190625
1136.,-0.0190625
1137.,-0.0196875
1138.,-0.0196875
1139.,-0.0196875
1140.,-0.0196875
1141.,-0.0190625
1142.,-0.019375
1143.,-0.0190625
1144.,-0.02
1145.,-0.0196875
1146.,-0.0196875
1147.,-0.02
1148.,-0.02
1149.,-0.0184375
1150.,-0.01875
1151.,-0.0190625
1152.,-0.02
1153.,-0.0196875
1154.,-0.0190625
1155.,-0.0184375
1156.,-0.019375
1157.,-0.02
1158.,-0.0196875
1159.,-0.0196875
1160.,-0.02
1161.,-0.018125
1162.,-0.0184375
1163.,-0.0190625
1164.,-0.019375
1165.,-0.0190625
1166.,-0.0190625
1167.,-0.0190625
1168.,-0.0190625
1169.,-0.019375
1170.,-0.019375
1171.,-0.0196875
1172.,-0.0196875
1173.,-0.0196875
1174.,-0.0190625
1175.,-0.019375
1176.,-0.0196875
1177.,-0.0190625
1178.,-0.02
1179.,-0.0190625
1180.,-0.01875
1181.,-0.019375
1182.,-0.019375
1183.,-0.019375
1184.,-0.019375
1185.,-0.019375
1186.,-0.0196875
1187.,-0.0196875
1188.,-0.0196875
1189.,-0.019375
1190.,-0.019375
1191.,-0.0196875
1192.,-0.019375
1193.,-0.02
1194.,-0.02
1195.,-0.0203125
1196.,-0.0190625
1197.,-0.019375
1198.,-0.019375
1199.,-0.0190625
1200.,-0.0190625
1201.,-0.019375
1202.,-0.0196875
1203.,-0.0190625
1204.,-0.0196875
1205.,-0.019375
1206.,-0.02
1207.,-0.02
1208.,-0.02
1209.,-0.019375
1210.,-0.0190625
1211.,-0.0190625
1212.,-0.02
1213.,-0.019375
1214.,-0.0190625
1215.,-0.019375
1216.,-0.02
1217.,-0.0196875
1218.,-0.0190625
1219.,-0.0190625
1220.,-0.0190625
1221.,-0.0190625
1222.,-0.0190625
1223.,-0.0196875
1224.,-0.0190625
1225.,-0.0190625
1226.,-0.0196875
1227.,-0.0184375
1228.,-0.0196875
1229.,-0.020625
1230.,-0.0196875
1231.,-0.0196875
1232.,-0.019375
1233.,-0.0190625
1234.,-0.019375
1235.,-0.019375
1236.,-0.0190625
1237.,-0.0196875
1238.,-0.019375
1239.,-0.0190625
1240.,-0.0190625
1241.,-0.0190625
1242.,-0.020625
1243.,-0.0196875
1244.,-0.0196875
1245.,-0.0190625
1246.,-0.0190625
1247.,-0.0196875
1248.,-0.0190625
1249.,-0.0190625
1250.,-0.0196875
1251.,-0.0190625
1252.,-0.020625
1253.,-0.0190625
1254.,-0.0196875
1255.,-0.0184375
1256.,-0.02
1257.,-0.02
1258.,-0.0190625
1259.,-0.0190625
1260.,-0.0196875
1261.,-0.0196875
1262.,-0.01875
1263.,-0.0190625
1264.,-0.01875
1265.,-0.02
1266.,-0.0196875
1267.,-0.02
1268.,-0.0190625
1269.,-0.0196875
1270.,-0.019375
1271.,-0.0190625
1272.,-0.0190625
1273.,-0.0196875
1274.,-0.01875
1275.,-0.019375
1276.,-0.0196875
1277.,-0.019375
1278.,-0.02
1279.,-0.019375
1280.,-0.0184375
1281.,-0.0190625
1282.,-0.019375
1283.,-0.019375
1284.,-0.019375
1285.,-0.019375
1286.,-0.0190625
1287.,-0.01875
1288.,-0.019375
1289.,-0.01875
1290.,-0.01875
1291.,-0.01875
1292.,-0.0184375
1293.,-0.0196875
1294.,-0.0190625
1295.,-0.0190625
1296.,-0.0190625
1297.,-0.019375
1298.,-0.02
1299.,-0.019375
1300.,-0.020625
1301.,-0.0184375
1302.,-0.019375
1303.,-0.019375
1304.,-0.0196875
1305.,-0.0190625
1306.,-0.0184375
1307.,-0.019375
1308.,-0.0190625
1309.,-0.0184375
1310.,-0.0184375
1311.,-0.0184375
1312.,-0.019375
1313.,-0.0196875
1314.,-0.0196875
1315.,-0.0196875
1316.,-0.020625
1317.,-0.01875
1318.,-0.0190625
1319.,-0.019375
1320.,-0.02
1321.,-0.02
1322.,-0.019375
1323.,-0.01875
1324.,-0.0178125000
1325.,-0.0184375
1326.,-0.019375
1327.,-0.02
1328.,-0.019375
1329.,-0.019375
1330.,-0.0184375
1331.,-0.0190625
1332.,-0.019375
1333.,-0.019375
1334.,-0.0184375
1335.,-0.02
1336.,-0.02
1337.,-0.0203125
1338.,-0.02
1339.,-0.0184375
1340.,-0.019375
1341.,-0.0190625
1342.,-0.019375
1343.,-0.0196875
1344.,-0.02
1345.,-0.02
1346.,-0.019375
1347.,-0.0190625
1348.,-0.0196875
1349.,-0.0190625
1350.,-0.0196875
1351.,-0.0184375
1352.,-0.0190625
1353.,-0.019375
1354.,-0.02
1355.,-0.019375
1356.,-0.0190625
1357.,-0.0190625
1358.,-0.0184375
1359.,-0.019375
1360.,-0.019375
1361.,-0.02
1362.,-0.0184375
1363.,-0.0196875
1364.,-0.0203125
1365.,-0.0184375
1366.,-0.02
1367.,-0.019375
1368.,-0.0190625
1369.,-0.0196875
1370.,-0.0190625
1371.,-0.0196875
1372.,-0.0190625
1373.,-0.0190625
1374.,-0.019375
1375.,-0.019375
1376.,-0.018125
1377.,-0.019375
1378.,-0.019375
1379.,-0.0196875
1380.,-0.0184375
1381.,-0.0196875
1382.,-0.0190625
1383.,-0.0190625
1384.,-0.0190625
1385.,-0.01875
1386.,-0.02
1387.,-0.02
1388.,-0.0190625
1389.,-0.0196875
1390.,-0.019375
1391.,-0.0190625
1392.,-0.019375
1393.,-0.0196875
1394.,-0.0190625
1395.,-0.0196875
1396.,-0.0196875
1397.,-0.0190625
1398.,-0.0184375
1399.,-0.02
1400.,-0.0203125
1401.,-0.019375
1402.,-0.02
1403.,-0.0190625
1404.,-0.0190625
1405.,-0.0190625
1406.,-0.019375
1407.,-0.019375
1408.,-0.0196875
1409.,-0.0196875
1410.,-0.0190625
1411.,-0.02
1412.,-0.019375
1413.,-0.0196875
1414.,-0.0190625
1415.,-0.0196875
1416.,-0.019375
1417.,-0.02
1418.,-0.0190625
1419.,-0.0196875
1420.,-0.02
1421.,-0.02
1422.,-0.0190625
1423.,-0.02
1424.,-0.0184375
1425.,-0.0196875
1426.,-0.019375
1427.,-0.0190625
1428.,-0.02
1429.,-0.02
1430.,-0.0190625
1431.,-0.019375
1432.,-0.0196875
1433.,-0.02
1434.,-0.019375
1435.,-0.018125
1436.,-0.02
1437.,-0.0196875
1438.,-0.01875
1439.,-0.020625
1440.,-0.0190625
1441.,-0.0203125
1442.,-0.0196875
1443.,-0.0196875
1444.,-0.0190625
1445.,-0.02
1446.,-0.0196875
1447.,-0.02
1448.,-0.01875
1449.,-0.0190625
1450.,-0.0190625
1451.,-0.0196875
1452.,-0.0190625
1453.,-0.0196875
1454.,-0.019375
1455.,-0.02
1456.,-0.0196875
1457.,-0.019375
1458.,-0.019375
1459.,-0.02
1460.,-0.0190625
1461.,-0.0190625
1462.,-0.0190625
1463.,-0.02
1464.,-0.0190625
1465.,-0.0190625
1466.,-0.019375
1467.,-0.0184375
1468.,-0.02
1469.,-0.019375
1470.,-0.01875
1471.,-0.0196875
1472.,-0.0190625
1473.,-0.019375
1474.,-0.019375
1475.,-0.0196875
1476.,-0.0203125
1477.,-0.0196875
1478.,-0.0190625
1479.,-0.019375
1480.,-0.0190625
1481.,-0.0190625
1482.,-0.0196875
1483.,-0.019375
1484.,-0.0196875
1485.,-0.019375
1486.,-0.0190625
1487.,-0.02
1488.,-0.02
1489.,-0.01875
1490.,-0.0196875
1491.,-0.01875
1492.,-0.0196875
1493.,-0.0196875
1494.,-0.019375
1495.,-0.0184375
1496.,-0.0196875
1497.,-0.019375
1498.,-0.0190625
1499.,-0.0190625
1500.,-0.0190625
1501.,-0.0190625
1502.,-0.019375
1503.,-0.0196875
1504.,-0.0196875
1505.,-0.019375
1506.,-0.0196875
1507.,-0.02
1508.,-0.0203125
1509.,-0.0190625
1510.,-0.0196875
1511.,-0.0196875
1512.,-0.0190625
1513.,-0.01875
1514.,-0.0196875
1515.,-0.019375
1516.,-0.0196875
1517.,-0.0190625
1518.,-0.0190625
1519.,-0.0196875
1520.,-0.0196875
1521.,-0.0190625
1522.,-0.0196875
1523.,-0.02
1524.,-0.01875
1525.,-0.0196875
1526.,-0.020625
1527.,-0.019375
1528.,-0.019375
1529.,-0.020625
1530.,-0.01875
1531.,-0.0196875
1532.,-0.0190625
1533.,-0.018125
1534.,-0.02
1535.,-0.019375
1536.,-0.0184375
1537.,-0.0184375
1538.,-0.02
1539.,-0.02
1540.,-0.0184375
1541.,-0.0184375
1542.,-0.0196875
1543.,-0.019375
1544.,-0.02
1545.,-0.019375
1546.,-0.019375
1547.,-0.019375
1548.,-0.019375
1549.,-0.0190625
1550.,-0.0190625
1551.,-0.02
1552.,-0.0190625
1553.,-0.0190625
1554.,-0.019375
1555.,-0.0190625
1556.,-0.019375
1557.,-0.019375
1558.,-0.019375
1559.,-0.0190625
1560.,-0.0190625
1561.,-0.019375
1562.,-0.0196875
1563.,-0.0190625
1564.,-0.0196875
1565.,-0.0190625
1566.,-0.019375
1567.,-0.0190625
1568.,-0.0184375
1569.,-0.01875
1570.,-0.02
1571.,-0.0190625
1572.,-0.02
1573.,-0.02
1574.,-0.019375
1575.,-0.0196875
1576.,-0.0196875
1577.,-0.02
1578.,-0.019375
1579.,-0.0196875
1580.,-0.019375
1581.,-0.0190625
1582.,-0.0184375
1583.,-0.0190625
1584.,-0.02
1585.,-0.0190625
1586.,-0.019375
1587.,-0.019375
1588.,-0.0196875
1589.,-0.020625
1590.,-0.0184375
1591.,-0.02
1592.,-0.0196875
1593.,-0.0196875
1594.,-0.019375
1595.,-0.0190625
1596.,-0.0203125
1597.,-0.02
1598.,-0.0190625
1599.,-0.0190625
1600.,-0.0190625
1601.,-0.01875
1602.,-0.0190625
1603.,-0.019375
1604.,-0.02
1605.,-0.02
1606.,-0.02
1607.,-0.019375
1608.,-0.02
1609.,-0.02
1610.,-0.0196875
1611.,-0.019375
1612.,-0.02
1613.,-0.0196875
1614.,-0.02
1615.,-0.02
1616.,-0.0196875
1617.,-0.02
1618.,-0.0190625
1619.,-0.0196875
1620.,-0.0184375
1621.,-0.02
1622.,-0.0203125
1623.,-0.019375
1624.,-0.019375
1625.,-0.02
1626.,-0.02
1627.,-0.0196875
1628.,-0.019375
1629.,-0.0190625
1630.,-0.0190625
1631.,-0.0196875
1632.,-0.019375
1633.,-0.02
1634.,-0.020625
1635.,-0.01875
1636.,-0.0190625
1637.,-0.0196875
1638.,-0.0196875
1639.,-0.01875
1640.,-0.019375
1641.,-0.019375
1642.,-0.02
1643.,-0.0190625
1644.,-0.0190625
1645.,-0.019375
1646.,-0.0196875
1647.,-0.02
1648.,-0.019375
1649.,-0.0190625
1650.,-0.02
1651.,-0.0190625
1652.,-0.01875
1653.,-0.019375
1654.,-0.0190625
1655.,-0.0196875
1656.,-0.019375
1657.,-0.019375
1658.,-0.019375
1659.,-0.0190625
1660.,-0.0190625
1661.,-0.0203125
1662.,-0.0203125
1663.,-0.02
1664.,-0.02
1665.,-0.0184375
1666.,-0.019375
1667.,-0.02
1668.,-0.019375
1669.,-0.0184375
1670.,-0.0190625
1671.,-0.019375
1672.,-0.02
1673.,-0.019375
1674.,-0.0196875
1675.,-0.0190625
1676.,-0.019375
1677.,-0.02
1678.,-0.01875
1679.,-0.0190625
1680.,-0.0190625
1681.,-0.0184375
1682.,-0.0196875
1683.,-0.019375
1684.,-0.0190625
1685.,-0.0203125
1686.,-0.0196875
1687.,-0.0196875
1688.,-0.0190625
1689.,-0.02
1690.,-0.0190625
1691.,-0.02
1692.,-0.0190625
1693.,-0.0196875
1694.,-0.0190625
1695.,-0.0190625
1696.,-0.01875
1697.,-0.019375
1698.,-0.0190625
1699.,-0.0190625
1700.,-0.0190625
1701.,-0.01875
1702.,-0.01875
1703.,-0.0196875
1704.,-0.0190625
1705.,-0.02
1706.,-0.01875
1707.,-0.0203125
1708.,-0.01875
1709.,-0.019375
1710.,-0.02
1711.,-0.0196875
1712.,-0.02
1713.,-0.02
1714.,-0.02
1715.,-0.019375
1716.,-0.0190625
1717.,-0.02
1718.,-0.0190625
1719.,-0.02
1720.,-0.019375
1721.,-0.020625
1722.,-0.0190625
1723.,-0.0190625
1724.,-0.02
1725.,-0.020625
1726.,-0.0190625
1727.,-0.019375
1728.,-0.019375
1729.,-0.0196875
1730.,-0.0184375
1731.,-0.019375
1732.,-0.0184375
1733.,-0.02
1734.,-0.0196875
1735.,-0.0196875
1736.,-0.0190625
1737.,-0.019375
1738.,-0.02
1739.,-0.020625
1740.,-0.0190625
1741.,-0.019375
1742.,-0.0190625
1743.,-0.02
1744.,-0.0190625
1745.,-0.0196875
1746.,-0.0190625
1747.,-0.02
1748.,-0.02
1749.,-0.01875
1750.,-0.0196875
1751.,-0.0190625
1752.,-0.0196875
1753.,-0.0203125
1754.,-0.02
1755.,-0.0190625
1756.,2.9134375
1757.,2.9059375
1758.,2.9240625000
1759.,2.9021875
1760.,2.9040625
1761.,2.90375
1762.,2.9053125
1763.,2.945
1764.,2.915
1765.,2.9271875
1766.,2.928125
1767.,2.934375
1768.,2.9284375000
1769.,2.945625
1770.,2.9425
1771.,2.936875
1772.,2.9318750000
1773.,2.949375
1774.,2.9562500000
1775.,2.9559375
1776.,2.94375
1777.,2.933125
1778.,2.9509375
1779.,2.94625
1780.,2.9465625
1781.,2.9140625
1782.,2.943125
1783.,2.9634375
1784.,2.935
1785.,2.9353125
1786.,2.964375
1787.,2.9509375
1788.,2.959375
1789.,2.928125
1790.,2.9440625000
1791.,2.95
1792.,2.9534375
1793.,2.9534375
1794.,2.9453125
1795.,2.9562500000
1796.,2.9571875
1797.,2.9634375
1798.,2.9465625
1799.,2.94625
1800.,2.9334375
1801.,2.9434375
1802.,2.9646875
1803.,2.950625
1804.,2.9425
1805.,2.9471875
1806.,2.96125
1807.,2.94
1808.,2.9653125
1809.,2.9446875
1810.,2.96375
1811.,2.9709375000
1812.,2.9415625
1813.,2.936875
1814.,2.955625
1815.,2.934375
1816.,2.96375
1817.,2.935
1818.,2.9478125
1819.,2.9390625
1820.,2.955
1821.,2.9425
1822.,2.9421875
1823.,2.9609375
1824.,2.935
1825.,2.9153125
1826.,2.9728125
1827.,2.9615625
1828.,2.9565625
1829.,2.9278125
1830.,2.928125
1831.,2.9553125000
1832.,2.9384375
1833.,2.94375
1834.,2.9478125
1835.,2.9353125
1836.,2.9603125
1837.,2.94125
1838.,2.9540625
1839.,2.9665625
1840.,2.9334375
1841.,2.9415625
1842.,2.9578125
1843.,2.9503125
1844.,2.9675000000
1845.,2.9525
1846.,2.9478125
1847.,2.9690625
1848.,2.96375
1849.,2.9475000000
1850.,2.958125
1851.,2.96625
1852.,2.976875
1853.,2.9784375
1854.,2.9471875
1855.,2.9596875000
1856.,2.99
1857.,2.959375
1858.,2.9640625000
1859.,2.94625
1860.,2.975
1861.,2.969375
1862.,2.9615625
1863.,2.9671875
1864.,2.9715625
1865.,2.9721875
1866.,2.9696875
1867.,2.9890625
1868.,2.985625
1869.,2.975
1870.,2.9721875
1871.,2.9653125
1872.,2.95
1873.,2.9784375
1874.,2.9746875
1875.,2.97125
1876.,2.964375
1877.,2.985625
1878.,2.956875
1879.,2.9753125000
1880.,2.9721875
1881.,2.96
1882.,2.9671875
1883.,2.9690625
1884.,2.976875
1885.,2.9828125
1886.,2.9721875
1887.,2.9890625
1888.,2.96625
1889.,2.9946875
1890.,2.965625
1891.,2.9734375
1892.,2.9690625
1893.,2.95375
1894.,2.9928125
1895.,2.97625
1896.,2.9865625000
1897.,2.9853125
1898.,3.0009375
1899.,3.0034375
1900.,2.98125
1901.,2.9728125
1902.,2.9728125
1903.,3.0031250000
1904.,2.9640625000
1905.,2.9787500000
1906.,2.9975
1907.,2.9940625
1908.,2.9925
1909.,2.9978125
1910.,2.9921875
1911.,2.9903125
1912.,2.9915625
1913.,2.9984375
1914.,2.969375
1915.,2.9915625
1916.,2.974375
1917.,2.98
1918.,2.9934375
1919.,2.98375
1920.,2.9918750000
1921.,2.995
1922.,3.0009375
1923.,2.9990625
1924.,3.0040625
1925.,2.96875
1926.,2.9784375
1927.,2.99625
1928.,2.97625
1929.,2.9878125
1930.,2.9875000000
1931.,2.98625
1932.,2.9778125
1933.,2.9990625
1934.,2.980625
1935.,2.975625
1936.,2.989375
1937.,2.9896875
1938.,2.9834375
1939.,3.
1940.,2.9890625
1941.,3.001875
1942.,2.978125
1943.,2.974375
1944.,2.979375
1945.,2.9909375000
1946.,3.
1947.,2.9828125
1948.,2.9834375
1949.,2.9918750000
1950.,2.990625
1951.,2.97625
1952.,2.9775
1953.,2.9925
1954.,2.9621875
1955.,3.004375
1956.,2.9746875
1957.,2.9721875
1958.,2.9778125
1959.,2.9625
1960.,2.9943750000
1961.,2.979375
1962.,2.995
1963.,2.9796875000
1964.,2.976875
1965.,2.980625
1966.,2.9675000000
1967.,2.965625
1968.,2.9984375
1969.,2.9678125
1970.,2.9787500000
1971.,2.9978125
1972.,2.9875000000
1973.,2.9634375
1974.,2.96875
1975.,2.9809375
1976.,2.9840625
1977.,3.0009375
1978.,2.9971875
1979.,2.9984375
1980.,2.9871875
1981.,2.9665625
1982.,2.9918750000
1983.,2.9909375000
1984.,2.9896875
1985.,2.975
1986.,3.0059375
1987.,2.9953125000
1988.,2.975625
1989.,2.985
1990.,2.9831250000
1991.,2.9778125
1992.,2.98
1993.,2.97125
1994.,2.990625
1995.,2.9790625
1996.,2.9875000000
1997.,2.9803125
1998.,2.98375
1999.,2.965
2000.,2.9846875
2001.,2.98
2002.,2.9653125
2003.,2.99125
2004.,2.984375
2005.,2.9875000000
2006.,2.981875
2007.,2.9815625
2008.,2.9884375
2009.,2.9909375000
2010.,2.9728125
2011.,2.9771875
2012.,2.9878125
2013.,2.9665625
2014.,2.9896875
2015.,2.974375
2016.,2.98875
2017.,2.9865625000
2018.,2.9975
2019.,2.97375
2020.,2.986875
2021.,3.0075000000
2022.,2.9940625
2023.,2.995625
2024.,2.9918750000
2025.,2.986875
2026.,2.98875
2027.,2.98125
2028.,2.986875
2029.,2.9925
2030.,2.9975
2031.,2.9809375
2032.,2.9965625
2033.,2.9996875000
2034.,2.98375
2035.,2.9809375
2036.,2.990625
2037.,2.9778125
2038.,3.0084375
2039.,2.98875
2040.,2.9753125000
2041.,2.97625
2042.,2.9918750000
2043.,2.9831250000
2044.,2.988125
2045.,3.0025
2046.,3.01125
2047.,2.9965625
2048.,2.9987500000
2049.,3.
2050.,3.0103125
2051.,3.0153125000
2052.,2.9965625
2053.,2.9946875
2054.,3.01125
2055.,3.015
2056.,3.0128125
2057.,3.01125
2058.,2.9871875
2059.,3.008125
2060.,2.976875
2061.,3.0134375
2062.,2.9778125
2063.,2.986875
2064.,3.0028125
2065.,3.0115625
2066.,2.9996875000
2067.,3.0090625
2068.,3.0053125
2069.,3.000625
2070.,2.996875
2071.,2.9946875
2072.,3.0071875
2073.,2.9921875
2074.,3.0040625
2075.,2.98375
2076.,2.99375
2077.,3.
2078.,3.0028125
2079.,3.0125
2080.,3.0040625
2081.,2.9940625
2082.,3.0028125
2083.,3.0028125
2084.,3.0009375
2085.,3.0071875
2086.,3.0265625000
2087.,2.995625
2088.,3.0084375
2089.,3.015625
2090.,3.006875
2091.,3.0015625
2092.,3.0065625000
2093.,3.00125
2094.,3.02
2095.,3.00125
2096.,3.0046875
2097.,3.001875
2098.,3.0225
2099.,3.02625
2100.,3.0256250000
2101.,3.0140625
2102.,2.9915625
2103.,2.9875000000
2104.,2.9975
2105.,2.9965625
2106.,3.0015625
2107.,2.99625
2108.,3.010625
2109.,3.006875
2110.,3.0146875
2111.,2.9978125
2112.,3.0065625000
2113.,3.0140625
2114.,2.99625
2115.,3.0078125
2116.,3.02
2117.,3.013125
2118.,2.9943750000
2119.,3.0065625000
2120.,3.0196875
2121.,2.9943750000
2122.,2.989375
2123.,2.999375
2124.,3.00875
2125.,2.98125
2126.,3.005
2127.,3.0090625
2128.,3.004375
2129.,3.013125
2130.,2.996875
2131.,3.0203125
2132.,2.99125
2133.,3.0143750000
2134.,2.9975
2135.,3.004375
2136.,3.0171875
2137.,3.
2138.,2.9975
2139.,3.00875
2140.,3.0046875
2141.,2.9934375
2142.,3.00375
2143.,2.9959375
2144.,2.9959375
2145.,3.001875
2146.,2.98875
2147.,3.0121875
2148.,3.0128125
2149.,3.0103125
2150.,2.9953125000
2151.,2.999375
2152.,2.989375
2153.,2.99
2154.,2.989375
2155.,2.984375
2156.,3.0031250000
2157.,3.0153125000
2158.,3.00125
2159.,3.00875
2160.,3.004375
2161.,3.0040625
2162.,3.0125
2163.,3.0125
2164.,3.035
2165.,3.0153125000
2166.,3.0146875
2167.,2.9928125
2168.,3.0015625
2169.,2.9790625
2170.,3.0031250000
2171.,3.011875
2172.,3.0046875
2173.,2.9771875
2174.,2.995625
2175.,2.99375
2176.,3.0065625000
2177.,2.9840625
2178.,2.998125
2179.,3.0215625
2180.,2.9934375
2181.,3.0059375
2182.,3.0009375
2183.,2.9990625
2184.,3.00125
2185.,2.999375
2186.,2.9921875
2187.,2.9975
2188.,2.98375
2189.,3.021875
2190.,3.0100000000
2191.,3.0153125000
2192.,3.008125
2193.,2.995625
2194.,2.9965625
2195.,2.9918750000
2196.,3.0034375
2197.,2.984375
2198.,3.0128125
2199.,3.0340625
2200.,3.0134375
2201.,3.0159375
2202.,3.013125
2203.,3.0134375
2204.,3.0321875
2205.,2.9946875
2206.,3.01375
2207.,3.015
2208.,3.0184375
2209.,3.0009375
2210.,3.0053125
2211.,3.0187500000
2212.,3.016875
2213.,2.9975
2214.,3.021875
2215.,3.01125
2216.,3.0228125
2217.,3.00875
2218.,3.0265625000
2219.,3.01625
2220.,3.0203125
2221.,3.0334375000
2222.,3.0228125
2223.,3.0165625
2224.,3.0190625
2225.,3.0421875000
2226.,3.0290625
2227.,3.001875
2228.,3.0275
2229.,3.03375
2230.,3.0128125
2231.,3.009375
2232.,3.0025
2233.,3.02375
2234.,3.02125
2235.,3.033125
2236.,3.030625
2237.,3.0296875
2238.,3.008125
2239.,3.0134375
2240.,3.0271875
2241.,3.024375
2242.,3.04375
2243.,3.021875
2244.,3.0412500000
2245.,3.0387500000
2246.,3.0225
2247.,3.0190625
2248.,3.015625
2249.,3.0387500000
2250.,3.0371875
2251.,3.0259375
2252.,3.040625
2253.,3.02625
2254.,3.0543750000
2255.,3.0125
2256.,3.0384375
2257.,3.0340625
2258.,3.033125
2259.,3.0465625000
2260.,3.04
2261.,3.046875
2262.,3.046875
2263.,3.0412500000
2264.,3.028125
2265.,3.039375
2266.,3.044375
2267.,3.0475
2268.,3.0590625
2269.,3.0256250000
2270.,3.03375
2271.,3.02875
2272.,3.0546875
2273.,3.044375
2274.,3.04875
2275.,3.03375
2276.,3.0415625
2277.,3.0296875
2278.,3.0253125
2279.,3.04375
2280.,3.040625
2281.,3.033125
2282.,3.0300000000
2283.,3.0515625
2284.,3.0440625
2285.,3.0275
2286.,3.016875
2287.,3.059375
2288.,3.0475
2289.,3.0359375
2290.,3.0428125
2291.,3.036875
2292.,3.0215625
2293.,3.021875
2294.,3.0359375
2295.,3.03625
2296.,3.048125
2297.,3.039375
2298.,3.0146875
2299.,3.0240625
2300.,3.04
2301.,3.0390625
2302.,3.0340625
2303.,3.024375
2304.,3.0425
2305.,3.053125
2306.,3.049375
2307.,3.018125
2308.,3.0412500000
2309.,3.0346875
2310.,3.0353125
2311.,3.0321875
2312.,3.043125
2313.,3.0084375
2314.,3.0365625
2315.,3.0246875
2316.,3.0171875
2317.,3.0446875
2318.,3.0259375
2319.,3.03625
2320.,3.0246875
2321.,3.0453125
2322.,3.0300000000
2323.,3.0303125
2324.,3.0543750000
2325.,3.0234375
2326.,3.0275
2327.,3.0387500000
2328.,3.0103125
2329.,3.0300000000
2330.,3.044375
2331.,3.0375
2332.,3.051875
2333.,3.0409375
2334.,3.0278125
2335.,3.055
2336.,3.0140625
2337.,3.030625
2338.,3.02125
2339.,3.020625
2340.,3.0303125
2341.,3.0246875
2342.,3.0296875
2343.,3.03625
2344.,3.0290625
2345.,3.0253125
2346.,3.02625
2347.,3.024375
2348.,3.0100000000
2349.,3.018125
2350.,2.986875
2351.,3.0128125
2352.,3.0346875
2353.,3.009375
2354.,3.03125
2355.,3.024375
2356.,3.0153125000
2357.,3.0165625
2358.,3.0190625
2359.,3.028125
2360.,3.0371875
2361.,3.02875
2362.,3.02125
2363.,3.01125
2364.,3.0290625
2365.,3.02125
2366.,3.01625
2367.,3.0309375000
2368.,3.0353125
2369.,3.0346875
2370.,3.0371875
2371.,3.0371875
2372.,3.0303125
2373.,3.026875
2374.,3.031875
2375.,3.0203125
2376.,3.020625
2377.,3.0484375
2378.,3.049375
2379.,3.0059375
2380.,3.0300000000
2381.,3.048125
2382.,3.0421875000
2383.,3.040625
2384.,3.0253125
2385.,3.0409375
2386.,3.0656250000
2387.,3.035625
2388.,3.0265625000
2389.,3.0425
2390.,3.0415625
2391.,3.0521875
2392.,3.02875
2393.,3.03125
2394.,3.0346875
2395.,3.0625
2396.,3.0490625000
2397.,3.0384375
2398.,3.0453125
2399.,3.0521875
2400.,3.0240625
2401.,3.02875
2402.,3.0428125
2403.,3.040625
2404.,3.0659375
2405.,3.0278125
2406.,3.0353125
2407.,3.0300000000
2408.,3.0734375000
2409.,3.0365625
2410.,3.0415625
2411.,3.055
2412.,3.0453125
2413.,3.063125
2414.,3.035
2415.,3.078125
2416.,3.0578125000
2417.,3.040625
2418.,3.04875
2419.,3.0503125
2420.,3.07625
2421.,3.075
2422.,3.0503125
2423.,3.039375
2424.,3.0528125
2425.,3.0525
2426.,3.04
2427.,3.0503125
2428.,3.0440625
2429.,3.0396875
2430.,3.040625
2431.,3.04875
2432.,3.0553125
2433.,3.0315625
2434.,3.05625
2435.,3.0540625
2436.,3.058125
2437.,3.048125
2438.,3.045
2439.,3.0659375
2440.,3.0659375
2441.,3.0521875
2442.,3.0559375
2443.,3.0375
2444.,3.0465625000
2445.,3.061875
2446.,3.055
2447.,3.066875
2448.,3.0403125
2449.,3.0603125
2450.,3.0528125
2451.,3.0646875000
2452.,3.0625
2453.,3.0568750000
2454.,3.0425
2455.,3.0425
2456.,3.0221875000
2457.,3.0465625000
2458.,3.06
2459.,3.0475
2460.,3.05125
2461.,3.0321875
2462.,3.0321875
2463.,3.028125
2464.,3.0465625000
2465.,3.0484375
2466.,3.0378125000
2467.,3.0256250000
2468.,3.0284375
2469.,3.0484375
2470.,3.0496875
2471.,3.053125
2472.,3.059375
2473.,3.035
2474.,3.0465625000
2475.,3.0228125
2476.,3.0559375
2477.,3.0465625000
2478.,3.0428125
2479.,3.0528125
2480.,3.050625
2481.,3.04625
2482.,3.0478125
2483.,3.055
2484.,3.0321875
2485.,3.064375
2486.,3.0340625
2487.,3.0503125
2488.,3.0446875
2489.,3.0403125
2490.,3.05125
2491.,3.0321875
2492.,3.0403125
2493.,3.050625
2494.,3.0456250000
2495.,3.045
2496.,3.0543750000
2497.,3.038125
2498.,3.0503125
2499.,3.0503125
2500.,3.0521875
2501.,3.0509375
2502.,3.021875
2503.,3.046875
2504.,3.05125
2505.,3.0621875000
2506.,3.0471875
2507.,3.0471875
2508.,3.053125
2509.,3.0309375000
2510.,3.0625
2511.,3.0490625000
2512.,3.055625
2513.,3.0496875
2514.,3.0596875
2515.,3.0768750000
2516.,3.048125
2517.,3.04875
2518.,3.048125
2519.,3.0653125
2520.,3.0346875
2521.,3.043125
2522.,3.0271875
2523.,3.03375
2524.,3.0075000000
2525.,3.0334375000
2526.,3.029375
2527.,3.0375
2528.,3.035625
2529.,3.0228125
2530.,3.0384375
2531.,3.058125
2532.,3.0346875
2533.,3.02625
2534.,3.050625
2535.,3.0543750000
2536.,3.0387500000
2537.,3.0246875
2538.,3.0340625
2539.,3.0465625000
2540.,3.0503125
2541.,3.044375
2542.,3.0328125
2543.,3.0603125
2544.,3.036875
2545.,3.03625
2546.,3.029375
2547.,3.0612500000
2548.,3.0500000000
2549.,3.0353125
2550.,3.0412500000
2551.,3.0568750000
2552.,3.0496875
2553.,3.04
2554.,3.044375
2555.,3.045
2556.,3.0284375
2557.,3.0384375
2558.,3.0446875
2559.,3.0459375
2560.,3.055625
2561.,3.064375
2562.,3.0625
2563.,3.0628125
2564.,3.066875
2565.,3.0500000000
2566.,3.0428125
2567.,3.0534375000
2568.,3.0628125
2569.,3.0653125
2570.,3.059375
2571.,3.0490625000
2572.,3.0590625
2573.,3.0459375
2574.,3.0543750000
2575.,3.0584375
2576.,3.0568750000
2577.,3.055
2578.,3.04625
2579.,3.0596875
2580.,3.0646875000
2581.,3.070625
2582.,3.0471875
2583.,3.0659375
2584.,3.04875
2585.,3.0509375
2586.,3.06
2587.,3.048125
2588.,3.065
2589.,3.0465625000
2590.,3.0659375
2591.,3.0771875
2592.,3.0646875000
2593.,3.0546875
2594.,3.059375
2595.,3.0584375
2596.,3.071875
2597.,3.0709375
2598.,3.0665625
2599.,3.0878125
2600.,3.0640625
2601.,3.0412500000
2602.,3.05125
2603.,3.0815625
2604.,3.0721875
2605.,3.06875
2606.,3.069375
2607.,3.0803125000
2608.,3.0628125
2609.,3.0490625000
2610.,3.0725000000
2611.,3.06875
2612.,3.055
2613.,3.07375
2614.,3.0853125
2615.,3.0515625
2616.,3.0803125000
2617.,3.07375
2618.,3.075625
2619.,3.0634375
2620.,3.0834375
2621.,3.10625
2622.,3.063125
2623.,3.0759375
2624.,3.0734375000
2625.,3.05375
2626.,3.0771875
2627.,3.0903125
2628.,3.075625
2629.,3.0728125
2630.,3.0771875
2631.,3.0540625
2632.,3.0521875
2633.,3.0484375
2634.,3.069375
2635.,3.0565625
2636.,3.0775
2637.,3.068125
2638.,3.0640625
2639.,3.0684375
2640.,3.075625
2641.,3.0578125000
2642.,3.05625
2643.,3.049375
2644.,3.0575
2645.,3.063125
2646.,3.0753125
2647.,3.0559375
2648.,3.0612500000
2649.,3.0615625
2650.,3.0671875
2651.,3.055625
2652.,3.0675
2653.,3.0721875
2654.,3.049375
2655.,3.06
2656.,3.0412500000
2657.,3.0671875
2658.,3.0646875000
2659.,3.0540625
2660.,3.0515625
2661.,3.055625
2662.,3.0628125
2663.,3.060625
2664.,3.049375
2665.,3.0490625000
2666.,3.068125
2667.,3.0584375
2668.,3.0665625
2669.,3.0584375
2670.,3.0771875
2671.,3.0571875
2672.,3.0409375
2673.,3.0625
2674.,3.055
2675.,3.0596875
2676.,3.0384375
2677.,3.0559375
2678.,3.0565625
2679.,3.0765625
2680.,3.0446875
2681.,3.0621875000
2682.,3.055625
2683.,3.05375
2684.,3.0634375
2685.,3.068125
2686.,3.06
2687.,3.0675
2688.,3.0703125
2689.,3.0615625
2690.,3.051875
2691.,3.0590625
2692.,3.0746875
2693.,3.0590625
2694.,3.08875
2695.,3.0765625
2696.,3.0703125
2697.,3.0490625000
2698.,3.046875
2699.,3.0534375000
2700.,3.046875
2701.,3.0459375
2702.,3.0434375
2703.,3.0500000000
2704.,3.0534375000
2705.,3.0584375
2706.,3.06
2707.,3.05375
2708.,3.0725000000
2709.,3.0575
2710.,3.0375
2711.,3.060625
2712.,3.0596875
2713.,3.0678125
2714.,3.05625
2715.,3.044375
2716.,3.0725000000
2717.,3.0553125
2718.,3.0546875
2719.,3.0521875
2720.,3.055
2721.,3.0696875
2722.,3.0571875
2723.,3.0690625000
2724.,3.0728125
2725.,3.0768750000
2726.,3.0571875
2727.,3.0543750000
2728.,3.065
2729.,3.0584375
2730.,3.0753125
2731.,3.0534375000
2732.,3.0475
2733.,3.070625
2734.,3.0578125000
2735.,3.0509375
2736.,3.05375
2737.,3.0696875
2738.,3.0640625
2739.,3.0575
2740.,3.06
2741.,3.060625
2742.,3.07875
2743.,3.0759375
2744.,3.0856250000
2745.,3.0803125000
2746.,3.0628125
2747.,3.0640625
2748.,3.0609375
2749.,3.0721875
2750.,3.0675
2751.,3.064375
2752.,3.0696875
2753.,3.055
2754.,3.075
2755.,3.0784375
2756.,3.0721875
2757.,3.0478125
2758.,3.0728125
2759.,3.08375
2760.,3.0809375
2761.,3.0734375000
2762.,3.0828125
2763.,3.098125
2764.,3.0540625
2765.,3.055625
2766.,3.0653125
2767.,3.0915625
2768.,3.0740625
2769.,3.0709375
2770.,3.0612500000
2771.,3.0815625
2772.,3.069375
2773.,3.0771875
2774.,3.0646875000
2775.,3.071875
2776.,3.1053125
2777.,3.0721875
2778.,3.08
2779.,3.0515625
2780.,3.0521875
2781.,3.0796875
2782.,3.0771875
2783.,3.0778125000
2784.,3.0640625
2785.,3.0615625
2786.,3.0700000000
2787.,3.083125
2788.,3.09
2789.,3.0840625
2790.,3.0881250000
2791.,3.0775
2792.,3.0809375
2793.,3.0915625
2794.,3.0846875000
2795.,3.11125
2796.,3.0634375
2797.,3.0984375
2798.,3.0971875
2799.,3.1012500000
2800.,3.0778125000
2801.,3.09
2802.,3.074375
2803.,3.0768750000
2804.,3.07625
2805.,3.0759375
2806.,3.075625
2807.,3.073125
2808.,3.0856250000
2809.,3.0740625
2810.,3.0821875
2811.,3.0765625
2812.,3.080625
2813.,3.101875
2814.,3.0871875
2815.,3.08875
2816.,3.07875
2817.,3.0975
2818.,3.0784375
2819.,3.0715625
2820.,3.0840625
2821.,3.069375
2822.,3.064375
2823.,3.06375
2824.,3.0734375000
2825.,3.0825
2826.,3.06875
2827.,3.0915625
2828.,3.040625
2829.,3.0678125
2830.,3.06875
2831.,3.079375
2832.,3.080625
2833.,3.058125
2834.,3.0775
2835.,3.0740625
2836.,3.0728125
2837.,3.0696875
2838.,3.071875
2839.,3.075
2840.,3.06875
2841.,3.0612500000
2842.,3.0684375
2843.,3.0921875
2844.,3.0615625
2845.,3.068125
2846.,3.0725000000
2847.,3.1021875
2848.,3.0834375
2849.,3.08375
2850.,3.095
2851.,3.07375
2852.,3.080625
2853.,3.06625
2854.,3.084375
2855.,3.05625
2856.,3.0578125000
2857.,3.079375
2858.,3.0796875
2859.,3.0828125
2860.,3.0771875
2861.,3.07875
2862.,3.0509375
2863.,3.0746875
2864.,3.07375
2865.,3.0609375
2866.,3.071875
2867.,3.0665625
2868.,3.0768750000
2869.,3.0921875
2870.,3.0575
2871.,3.0771875
2872.,3.0596875
2873.,3.065
2874.,3.0790625
2875.,3.0771875
2876.,3.0500000000
2877.,3.0665625
2878.,3.0846875000
2879.,3.0575
2880.,3.055
2881.,3.081875
2882.,3.0821875
2883.,3.0700000000
2884.,3.0625
2885.,3.06
2886.,3.0696875
2887.,3.074375
2888.,3.046875
2889.,3.044375
2890.,3.064375
2891.,3.0753125
2892.,3.0825
2893.,3.064375
2894.,3.07875
2895.,3.059375
2896.,3.0809375
2897.,3.0825
2898.,3.0796875
2899.,3.0625
2900.,3.0596875
2901.,3.0725000000
2902.,3.069375
2903.,3.0765625
2904.,3.0809375
2905.,3.0740625
2906.,3.0759375
2907.,3.06375
2908.,3.0975
2909.,3.094375
2910.,3.1084375
2911.,3.0715625
2912.,3.0856250000
2913.,3.0790625
2914.,3.053125
2915.,3.0775
2916.,3.0690625000
2917.,3.0890625000
2918.,3.0700000000
2919.,3.114375
2920.,3.0856250000
2921.,3.0881250000
2922.,3.0759375
2923.,3.065
2924.,3.073125
2925.,3.1046875000
2926.,3.0734375000
2927.,3.0896875
2928.,3.0753125
2929.,3.0896875
2930.,3.0903125
2931.,3.0812500000
2932.,3.0768750000
2933.,3.0675
2934.,3.09
2935.,3.0759375
2936.,3.0646875000
2937.,3.0700000000
2938.,3.086875
2939.,3.0675
2940.,3.0784375
2941.,3.083125
2942.,3.095625
2943.,3.0909375
2944.,3.0784375
2945.,3.070625
2946.,3.0853125
2947.,3.1096875
2948.,3.0734375000
2949.,3.0903125
2950.,3.09875
2951.,3.0896875
2952.,3.09375
2953.,3.0690625000
2954.,3.0721875
2955.,3.093125
2956.,3.08625
2957.,3.0996875
2958.,3.1084375
2959.,3.0968750000
2960.,3.094375
2961.,3.0928125
2962.,3.0968750000
2963.,3.0953125
2964.,3.1081250000
2965.,3.0984375
2966.,3.095625
2967.,3.1168750000
2968.,3.0890625000
2969.,3.1146875
2970.,3.0971875
2971.,3.0878125
2972.,3.0856250000
2973.,3.115
2974.,3.101875
2975.,3.1021875
2976.,3.1159375000
2977.,3.1128125
2978.,3.0875
2979.,3.08
2980.,3.0812500000
2981.,3.0928125
2982.,3.110625
2983.,3.0903125
2984.,3.11125
2985.,3.0968750000
2986.,3.085
2987.,3.075
2988.,3.095
2989.,3.0934375000
2990.,3.0925000000
2991.,3.0896875
2992.,3.0840625
2993.,3.0853125
2994.,3.08875
2995.,3.1037500000
2996.,3.0671875
2997.,3.0978125
2998.,3.081875
2999.,3.090625
3000.,3.0834375
3001.,3.095625
3002.,3.0778125000
3003.,3.0965625
3004.,3.07375
3005.,3.0821875
3006.,3.069375
3007.,3.0915625
3008.,3.0859375
3009.,3.0753125
3010.,3.1059375
3011.,3.0884375
3012.,3.1003125000
3013.,3.0696875
3014.,3.09125
3015.,3.1265625
3016.,3.090625
3017.,3.08
3018.,3.0803125000
3019.,3.1071875
3020.,3.084375
3021.,3.080625
3022.,3.1046875000
3023.,3.0759375
3024.,3.1012500000
3025.,3.09625
3026.,3.0728125
3027.,3.0790625
3028.,3.0784375
3029.,3.0881250000
3030.,3.0790625
3031.,3.0803125000
3032.,3.1115625000
3033.,3.1090625000
3034.,3.08
3035.,3.07375
3036.,3.086875
3037.,3.0875
3038.,3.0809375
3039.,3.1025
3040.,3.0881250000
3041.,3.0812500000
3042.,3.08
3043.,3.089375
3044.,3.080625
3045.,3.0790625
3046.,3.0871875
3047.,3.078125
3048.,3.086875
3049.,3.0746875
3050.,3.0656250000
3051.,3.0768750000
3052.,3.074375
3053.,3.08375
3054.,3.07375
3055.,3.0740625
3056.,3.085
3057.,3.04375
3058.,3.0846875000
3059.,3.07125
3060.,3.0875
3061.,3.0709375
3062.,3.073125
3063.,3.0746875
3064.,3.0768750000
3065.,3.0546875
3066.,3.06875
3067.,3.086875
3068.,3.078125
3069.,3.1034375
3070.,3.0700000000
3071.,3.0778125000
3072.,3.101875
3073.,3.0859375
3074.,3.0856250000
3075.,3.08625
3076.,3.074375
3077.,3.1190625
3078.,3.0803125000
3079.,3.0775
3080.,3.0946875
3081.,3.0778125000
3082.,3.0796875
3083.,3.0815625
3084.,3.0784375
3085.,3.1084375
3086.,3.094375
3087.,3.0909375
3088.,3.1034375
3089.,3.0878125
3090.,3.1090625000
3091.,3.105
3092.,3.0903125
3093.,3.0975
3094.,3.09625
3095.,3.0978125
3096.,3.0859375
3097.,3.1
3098.,3.1059375
3099.,3.094375
3100.,3.07875
3101.,3.1009375
3102.,3.095
3103.,3.0971875
3104.,3.091875
3105.,3.0881250000
3106.,3.0940625
3107.,3.0971875
3108.,3.0978125
3109.,3.0840625
3110.,3.114375
3111.,3.09
3112.,3.1059375
3113.,3.10625
3114.,3.109375
3115.,3.1078125
3116.,3.09375
3117.,3.0984375
3118.,3.1021875
3119.,3.0925000000
3120.,3.1240625
3121.,3.0996875
3122.,3.11875
3123.,3.1046875000
3124.,3.0909375
3125.,3.08625
3126.,3.103125
3127.,3.1178125
3128.,3.118125
3129.,3.09375
3130.,3.111875
3131.,3.1028125
3132.,3.101875
3133.,3.0940625
3134.,3.1215625
3135.,3.08375
3136.,3.110625
3137.,3.11875
3138.,3.1168750000
3139.,3.130625
3140.,3.11875
3141.,3.1215625
3142.,3.1159375000
3143.,3.0881250000
3144.,3.1259375
3145.,3.0996875
3146.,3.1193750000
3147.,3.121875
3148.,3.113125
3149.,3.13125
3150.,3.101875
3151.,3.1081250000
3152.,3.1221875
3153.,3.1234375
3154.,3.126875
3155.,3.106875
3156.,3.118125
3157.,3.1109375
3158.,3.1196875
3159.,3.1021875
3160.,3.1193750000
3161.,3.1121875
3162.,3.1028125
3163.,3.0853125
3164.,3.1193750000
3165.,3.105625
3166.,3.111875
3167.,3.0971875
3168.,3.094375
3169.,3.1125000000
3170.,3.106875
3171.,3.1168750000
3172.,3.1171875
3173.,3.0978125
3174.,3.1037500000
3175.,3.1159375000
3176.,3.10625
3177.,3.12
3178.,3.1037500000
3179.,3.106875
3180.,3.1028125
3181.,3.0859375
3182.,3.0825
3183.,3.1012500000
3184.,3.0903125
3185.,3.075625
3186.,3.1053125
3187.,3.095625
3188.,3.0871875
3189.,3.0875
3190.,3.1040625
3191.,3.098125
3192.,3.093125
3193.,3.0840625
3194.,3.1253125
3195.,3.1271875000
3196.,3.0821875
3197.,3.1034375
3198.,3.0656250000
3199.,3.1003125000
3200.,3.1012500000
3201.,3.1090625000
3202.,3.1071875
3203.,3.0953125
3204.,3.1053125
3205.,3.1090625000
3206.,3.0959375000
3207.,3.109375
3208.,3.1215625
3209.,3.10625
3210.,3.1203125000
3211.,3.094375
3212.,3.1003125000
3213.,3.104375
3214.,3.0953125
3215.,3.1021875
3216.,3.099375
3217.,3.105625
3218.,3.0925000000
3219.,3.0984375
3220.,3.1159375000
3221.,3.09125
3222.,3.1271875000
3223.,3.0928125
3224.,3.09375
3225.,3.1175
3226.,3.0881250000
3227.,3.09125
3228.,3.0840625
3229.,3.1
3230.,3.0965625
3231.,3.0925000000
3232.,3.0734375000
3233.,3.0859375
3234.,3.0968750000
3235.,3.073125
3236.,3.0871875
3237.,3.100625
3238.,3.0915625
3239.,3.0996875
3240.,3.0915625
3241.,3.0953125
3242.,3.0909375
3243.,3.1037500000
3244.,3.093125
3245.,3.0968750000
3246.,3.1003125000
3247.,3.11375
3248.,3.1053125
3249.,3.09125
3250.,3.1046875000
3251.,3.1053125
3252.,3.0978125
3253.,3.1034375
3254.,3.093125
3255.,3.08875
3256.,3.1028125
3257.,3.1090625000
3258.,3.1037500000
3259.,3.1012500000
3260.,3.115625
3261.,3.1196875
3262.,3.08875
3263.,3.1084375
3264.,3.094375
3265.,3.098125
3266.,3.09
3267.,3.091875
3268.,3.0925000000
3269.,3.1078125
3270.,3.124375
3271.,3.0909375
3272.,3.126875
3273.,3.0890625000
3274.,3.115625
3275.,3.105
3276.,3.0968750000
3277.,3.1396875
3278.,3.1028125
3279.,3.1168750000
3280.,3.0978125
3281.,3.12
3282.,3.1046875000
3283.,3.1296875
3284.,3.1015625
3285.,3.0953125
3286.,3.1228125
3287.,3.1084375
3288.,3.11
3289.,3.11125
3290.,3.1021875
3291.,3.1075
3292.,3.1196875
3293.,3.1146875
3294.,3.1046875000
3295.,3.0968750000
3296.,3.115625
3297.,3.118125
3298.,3.1321875
3299.,3.1134375
3300.,3.1275
3301.,3.1196875
3302.,3.1034375
3303.,3.1140625
3304.,3.111875
3305.,3.11625
3306.,3.0881250000
3307.,3.1059375
3308.,3.1175
3309.,3.114375
3310.,3.104375
3311.,3.1290625
3312.,3.1221875
3313.,3.106875
3314.,3.13125
3315.,3.1281250000
3316.,3.1446875
3317.,3.14875
3318.,3.1303125
3319.,3.11875
3320.,3.1490625
3321.,3.1159375000
3322.,3.126875
3323.,3.1275
3324.,3.135625
3325.,3.1409375
3326.,3.105625
3327.,3.131875
3328.,3.1128125
3329.,3.1353125
3330.,3.1121875
3331.,3.1012500000
3332.,3.1128125
3333.,3.1246875000
3334.,3.1265625
3335.,3.11125
3336.,3.1384375
3337.,3.1134375
3338.,3.12125
3339.,3.1078125
3340.,3.126875
3341.,3.1365625
3342.,3.1365625
3343.,3.1146875
3344.,3.1146875
3345.,3.11375
3346.,3.1034375
3347.,3.11625
3348.,3.1190625
3349.,3.10875
3350.,3.1234375
3351.,3.11125
3352.,3.1353125
3353.,3.1034375
3354.,3.1553125
3355.,3.1040625
3356.,3.1171875
3357.,3.08875
3358.,3.1234375
3359.,3.113125
3360.,3.106875
3361.,3.12625
3362.,3.1140625
3363.,3.110625
3364.,3.0871875
3365.,3.115
3366.,3.099375
3367.,3.1153125
3368.,3.115
3369.,3.105625
3370.,3.1321875
3371.,3.11375
3372.,3.1309375
3373.,3.1096875
3374.,3.098125
3375.,3.11
3376.,3.1196875
3377.,3.0959375000
3378.,3.130625
3379.,3.1
3380.,3.1128125
3381.,3.11875
3382.,3.089375
3383.,3.1146875
3384.,3.098125
3385.,3.11625
3386.,3.099375
3387.,3.0971875
3388.,3.0934375000
3389.,3.1165625
3390.,3.1109375
3391.,3.1
3392.,3.1065625
3393.,3.1109375
3394.,3.0896875
3395.,3.1203125000
3396.,3.1078125
3397.,3.118125
3398.,3.1278125
3399.,3.095625
3400.,3.095
3401.,3.1325000000
3402.,3.0921875
3403.,3.0703125
3404.,3.109375
3405.,3.0859375
3406.,3.110625
3407.,3.0803125000
3408.,3.1046875000
3409.,3.1078125
3410.,3.103125
3411.,3.0875
3412.,3.100625
3413.,3.1025
3414.,3.1015625
3415.,3.1012500000
3416.,3.0871875
3417.,3.0725000000
3418.,3.099375
3419.,3.0884375
3420.,3.10625
3421.,3.1140625
3422.,3.1175
3423.,3.1228125
3424.,3.1190625
3425.,3.121875
3426.,3.1040625
3427.,3.12875
3428.,3.098125
3429.,3.111875
3430.,3.1171875
3431.,3.1140625
3432.,3.1071875
3433.,3.1165625
3434.,3.1303125
3435.,3.125625
3436.,3.1240625
3437.,3.1096875
3438.,3.141875
3439.,3.115
3440.,3.10625
3441.,3.1175
3442.,3.129375
3443.,3.1359375000
3444.,3.1228125
3445.,3.11375
3446.,3.0990625
3447.,3.1328125
3448.,3.1384375
3449.,3.1284375
3450.,3.13125
3451.,3.1334375
3452.,3.1271875000
3453.,3.1203125000
3454.,3.1240625
3455.,3.13625
3456.,3.1190625
3457.,3.11625
3458.,3.1215625
3459.,3.1284375
3460.,3.111875
3461.,3.138125
3462.,3.1168750000
3463.,3.1109375
3464.,3.129375
3465.,3.1209375
3466.,3.125625
3467.,3.1325000000
3468.,3.1296875
3469.,3.106875
3470.,3.1075
3471.,3.0996875
3472.,3.1134375
3473.,3.1175
3474.,3.1115625000
3475.,3.1275
3476.,3.1340625
3477.,3.13125
3478.,3.1084375
3479.,3.11
3480.,3.1246875000
3481.,3.1184375
3482.,3.1153125
3483.,3.1228125
3484.,3.1340625
3485.,3.1146875
3486.,3.1334375
3487.,3.1478125
3488.,3.140625
3489.,3.110625
3490.,3.1278125
3491.,3.1390625
3492.,3.15
3493.,3.1134375
3494.,3.133125
3495.,3.156875
3496.,3.125625
3497.,3.124375
3498.,3.126875
3499.,3.1559375000
3500.,3.1409375
3501.,3.1121875
3502.,3.141875
3503.,3.126875
3504.,3.1609375
3505.,3.1309375
3506.,3.1315625000
3507.,3.1225
3508.,3.1246875000
3509.,3.1246875000
3510.,3.126875
3511.,3.143125
3512.,3.134375
3513.,3.1446875
3514.,3.1234375
3515.,3.1246875000
3516.,3.1440625
3517.,3.1350000000
3518.,3.124375
3519.,3.1281250000
3520.,3.1271875000
3521.,3.131875
3522.,3.1315625000
3523.,3.11375
3524.,3.1115625000
3525.,3.1128125
3526.,3.1271875000
3527.,3.1159375000
3528.,3.1265625
3529.,3.105625
3530.,3.1296875
3531.,3.1165625
3532.,3.1284375
3533.,3.1178125
3534.,3.0928125
3535.,3.1025
3536.,3.1028125
3537.,3.1296875
3538.,3.1284375
3539.,3.11875
3540.,3.115
3541.,3.1325000000
3542.,3.118125
3543.,3.1084375
3544.,3.123125
3545.,3.136875
3546.,3.1103125
3547.,3.1146875
3548.,3.1012500000
3549.,3.1265625
3550.,3.123125
3551.,3.1325000000
3552.,3.1121875
3553.,3.1281250000
3554.,3.1171875
3555.,3.115
3556.,3.106875
3557.,3.1078125
3558.,3.1371875
3559.,3.125
3560.,3.111875
3561.,3.11125
3562.,3.136875
3563.,3.1165625
3564.,3.100625
3565.,3.101875
3566.,3.11375
3567.,3.123125
3568.,3.1128125
3569.,3.11625
3570.,3.1159375000
3571.,3.1096875
3572.,3.121875
3573.,3.0996875
3574.,3.0975
3575.,3.105
3576.,3.104375
3577.,3.0925000000
3578.,3.10625
3579.,3.1159375000
3580.,3.0975
3581.,3.0853125
3582.,3.100625
3583.,3.12
3584.,3.1290625
3585.,3.11875
3586.,3.123125
3587.,3.0928125
3588.,3.1190625
3589.,3.10625
3590.,3.1015625
3591.,3.0946875
3592.,3.1184375
3593.,3.115625
3594.,3.0946875
3595.,3.13125
3596.,3.12125
3597.,3.1421875
3598.,3.13625
3599.,3.1128125
3600.,3.1081250000
3601.,3.1203125000
3602.,3.1196875
3603.,3.111875
3604.,3.1090625000
3605.,3.1190625
3606.,3.1371875
3607.,3.125
3608.,3.1221875
3609.,3.1384375
3610.,3.124375
3611.,3.1315625000
3612.,3.1246875000
3613.,3.1275
3614.,3.123125
3615.,3.124375
3616.,3.1128125
3617.,3.1325000000
3618.,3.1281250000
3619.,3.1140625
3620.,3.1037500000
3621.,3.1103125
3622.,3.14
3623.,3.1384375
3624.,3.129375
3625.,3.136875
3626.,3.1265625
3627.,3.1353125
3628.,3.131875
3629.,3.1190625
3630.,3.1203125000
3631.,3.1409375
3632.,3.1309375
3633.,3.154375
3634.,3.1340625
3635.,3.1284375
3636.,3.1425
3637.,3.114375
3638.,3.1396875
3639.,3.1465625
3640.,3.1446875
3641.,3.115625
3642.,3.1334375
3643.,3.124375
3644.,3.1084375
3645.,3.14875
3646.,3.140625
3647.,3.12625
3648.,3.1371875
3649.,3.1378125
3650.,3.145625
3651.,3.1325000000
3652.,3.13125
3653.,3.0934375000
3654.,3.1371875
3655.,3.1571875
3656.,3.1184375
3657.,3.1328125
3658.,3.1353125
3659.,3.1384375
3660.,3.1346875
3661.,3.13125
3662.,3.1437500000
3663.,3.13125
3664.,3.1284375
3665.,3.1478125
3666.,3.1315625000
3667.,3.1309375
3668.,3.1253125
3669.,3.154375
3670.,3.149375
3671.,3.1478125
3672.,3.1378125
3673.,3.140625
3674.,3.15125
3675.,3.138125
3676.,3.1515625000
3677.,3.15625
3678.,3.1371875
3679.,3.1415625
3680.,3.140625
3681.,3.1425
3682.,3.1296875
3683.,3.115
3684.,3.13
3685.,3.1271875000
3686.,3.1425
3687.,3.134375
3688.,3.13125
3689.,3.1550000000
3690.,3.1481250000
3691.,3.12875
3692.,3.1403125000
3693.,3.1196875
3694.,3.131875
3695.,3.1265625
3696.,3.1215625
3697.,3.12625
3698.,3.1571875
3699.,3.1393750000
3700.,3.14875
3701.,3.13375
3702.,3.12
3703.,3.1271875000
3704.,3.1225
3705.,3.1534375
3706.,3.1396875
3707.,3.123125
3708.,3.131875
3709.,3.12625
3710.,3.1575
3711.,3.1328125
3712.,3.1540625
3713.,3.1340625
3714.,3.1253125
3715.,3.1393750000
3716.,3.1621875
3717.,3.14125
3718.,3.1225
3719.,3.1190625
3720.,3.1415625
3721.,3.1275
3722.,3.1140625
3723.,3.15375
3724.,3.1575
3725.,3.1490625
3726.,3.1315625000
3727.,3.135625
3728.,3.1393750000
3729.,3.1578125
3730.,3.11875
3731.,3.1253125
3732.,3.1225
3733.,3.154375
3734.,3.1521875
3735.,3.15625
3736.,3.133125
3737.,3.1515625000
3738.,3.1271875000
3739.,3.1193750000
3740.,3.138125
3741.,3.1321875
3742.,3.1521875
3743.,3.1434375
3744.,3.1234375
3745.,3.1221875
3746.,3.1465625
3747.,3.135625
3748.,3.1175
3749.,3.1359375000
3750.,3.1175
3751.,3.118125
3752.,3.14
3753.,3.134375
3754.,3.1215625
3755.,3.095
3756.,3.1159375000
3757.,3.123125
3758.,3.098125
3759.,3.1121875
3760.,3.1134375
3761.,3.1012500000
3762.,3.136875
3763.,3.11375
3764.,3.1434375
3765.,3.1096875
3766.,3.10625
3767.,3.1065625
3768.,3.1225
3769.,3.1134375
3770.,3.12
3771.,3.13375
3772.,3.1278125
3773.,3.121875
3774.,3.13625
3775.,3.13375
3776.,3.1193750000
3777.,3.1415625
3778.,3.1103125
3779.,3.1203125000
3780.,3.1278125
3781.,3.140625
3782.,3.144375
3783.,3.1375
3784.,3.1378125
3785.,3.1346875
3786.,3.1309375
3787.,3.134375
3788.,3.1215625
3789.,3.14875
3790.,3.1275
3791.,3.1221875
3792.,3.1240625
3793.,3.125625
3794.,3.1259375
3795.,3.1378125
3796.,3.1225
3797.,3.1321875
3798.,3.129375
3799.,3.1284375
3800.,3.1478125
3801.,3.15125
3802.,3.1421875
3803.,3.135625
3804.,3.1281250000
3805.,3.111875
3806.,3.129375
3807.,3.1359375000
3808.,3.1365625
3809.,3.1440625
3810.,3.1340625
3811.,3.1409375
3812.,3.1034375
3813.,3.1278125
3814.,3.1393750000
3815.,3.12875
3816.,3.141875
3817.,3.1346875
3818.,3.14125
3819.,3.1662500000
3820.,3.1096875
3821.,3.1353125
3822.,3.1515625000
3823.,3.1434375
3824.,3.1121875
3825.,3.129375
3826.,3.13875
3827.,3.1578125
3828.,3.1496875
3829.,3.154375
3830.,3.1446875
3831.,3.123125
3832.,3.1465625
3833.,3.11875
3834.,3.1309375
3835.,3.1334375
3836.,3.1484375
3837.,3.160625
3838.,3.1390625
3839.,3.1434375
3840.,3.1503125
3841.,3.141875
3842.,3.1525
3843.,3.13875
3844.,3.14625
3845.,3.126875
3846.,3.1496875
3847.,3.1350000000
3848.,3.1484375
3849.,3.1353125
3850.,3.1709375
3851.,3.134375
3852.,3.14
3853.,3.1759375
3854.,3.138125
3855.,3.1478125
3856.,3.145
3857.,3.13625
3858.,3.14125
3859.,3.1340625
3860.,3.13125
3861.,3.145625
3862.,3.14125
3863.,3.14125
3864.,3.1225
3865.,3.1225
3866.,3.1196875
3867.,3.1371875
3868.,3.12625
3869.,3.1171875
3870.,3.1603125
3871.,3.1168750000
3872.,3.1334375
3873.,3.123125
3874.,3.1496875
3875.,3.1484375
3876.,3.1078125
3877.,3.1365625
3878.,3.12125
3879.,3.1290625
3880.,3.135625
3881.,3.156875
3882.,3.13375
3883.,3.1393750000
3884.,3.1350000000
3885.,3.1290625
3886.,3.14
3887.,3.1303125
3888.,3.135625
3889.,3.1365625
3890.,3.1053125
3891.,3.129375
3892.,3.13875
3893.,3.106875
3894.,3.1225
3895.,3.1321875
3896.,3.1193750000
3897.,3.1168750000
3898.,3.113125
3899.,3.140625
3900.,3.13
3901.,3.135625
3902.,3.1478125
3903.,3.1296875
3904.,3.1425
3905.,3.1396875
3906.,3.151875
3907.,3.1184375
3908.,3.1478125
3909.,3.1428125000
3910.,3.144375
3911.,3.1425
3912.,3.135625
3913.,3.13375
3914.,3.1346875
3915.,3.1184375
3916.,3.15
3917.,3.1453125
3918.,3.151875
3919.,3.1409375
3920.,3.14
3921.,3.13625
3922.,3.1465625
3923.,3.118125
3924.,3.1465625
3925.,3.1278125
3926.,3.1246875000
3927.,3.134375
3928.,3.1275
3929.,3.114375
3930.,3.1409375
3931.,3.1065625
3932.,3.1353125
3933.,3.113125
3934.,3.1303125
3935.,3.1334375
3936.,3.1196875
3937.,3.118125
3938.,3.1125000000
3939.,3.1146875
3940.,3.11
3941.,3.094375
3942.,3.13
3943.,3.1225
3944.,3.14
3945.,3.11875
3946.,3.14625
3947.,3.141875
3948.,3.1425
3949.,3.1103125
3950.,3.1340625
3951.,3.1490625
3952.,3.168125
3953.,3.138125
3954.,3.1265625
3955.,3.1421875
3956.,3.1271875000
3957.,3.1459375
3958.,3.115625
3959.,3.1353125
3960.,3.1278125
3961.,3.15
3962.,3.1490625
3963.,3.1421875
3964.,3.12875
3965.,3.15125
3966.,3.1459375
3967.,3.140625
3968.,3.134375
3969.,3.1553125
3970.,3.153125
3971.,3.143125
3972.,3.1290625
3973.,3.1378125
3974.,3.1503125
3975.,3.1271875000
3976.,3.1490625
3977.,3.155625
3978.,3.1671875000
3979.,3.154375
3980.,3.13875
3981.,3.1521875
3982.,3.1690625
3983.,3.145
3984.,3.13125
3985.,3.14625
3986.,3.1396875
3987.,3.145
3988.,3.1521875
3989.,3.1340625
3990.,3.146875
3991.,3.1578125
3992.,3.13125
3993.,3.1284375
3994.,3.1365625
3995.,3.1728125
3996.,3.156875
3997.,3.135625
3998.,3.1446875
3999.,3.146875
4000.,3.13375
4001.,3.155625
4002.,3.1340625
4003.,3.1509375
4004.,3.168125
4005.,3.1481250000
4006.,3.125
4007.,3.13625
4008.,3.166875
4009.,3.1346875
4010.,3.1534375
4011.,3.14
4012.,3.1421875
4013.,3.161875
4014.,3.1490625
4015.,3.1506250000
4016.,3.1753125
4017.,3.161875
4018.,3.1603125
4019.,3.16875
4020.,3.16
4021.,3.1790625
4022.,3.1706250000
4023.,3.1553125
4024.,3.1728125
4025.,3.15875
4026.,3.1521875
4027.,3.15
4028.,3.15375
4029.,3.1521875
4030.,3.1550000000
4031.,3.153125
4032.,3.149375
4033.,3.1340625
4034.,3.1637500000
4035.,3.1437500000
4036.,3.1365625
4037.,3.1546875
4038.,3.160625
4039.,3.14
4040.,3.1496875
4041.,3.156875
4042.,3.1303125
4043.,3.1593750000
4044.,3.17625
4045.,3.1403125000
4046.,3.15875
4047.,3.1753125
4048.,3.1278125
4049.,3.1396875
4050.,3.1384375
4051.,3.145
4052.,3.1575
4053.,3.13
4054.,3.1575
4055.,3.1540625
4056.,3.1578125
4057.,3.129375
4058.,3.141875
4059.,3.1203125000
4060.,3.1659375
4061.,3.15375
4062.,3.1371875
4063.,3.1459375
4064.,3.143125
4065.,3.1346875
4066.,3.1409375
4067.,3.1296875
4068.,3.1334375
4069.,3.1440625
4070.,3.121875
4071.,3.1296875
4072.,3.1509375
4073.,3.145
4074.,3.1571875
4075.,3.145
4076.,3.1571875
4077.,3.14
4078.,3.1525
4079.,3.138125
4080.,3.13125
4081.,3.1334375
4082.,3.1271875000
4083.,3.1503125
4084.,3.136875
4085.,3.1546875
4086.,3.133125
4087.,3.1575
4088.,3.1409375
4089.,3.1506250000
4090.,3.1290625
4091.,3.145
4092.,3.1346875
4093.,3.1350000000
4094.,3.1175
4095.,3.1396875
4096.,3.1353125
4097.,3.131875
4098.,3.1303125
4099.,3.131875
4100.,3.165625
4101.,3.1275
4102.,3.1434375
4103.,3.11875
4104.,3.1403125000
4105.,3.1328125
4106.,3.1378125
4107.,3.13125
4108.,3.106875
4109.,3.125
4110.,3.1296875
4111.,3.13625
4112.,3.1265625
4113.,3.1203125000
4114.,3.12875
4115.,3.1215625
4116.,3.1546875
4117.,3.1409375
4118.,3.1393750000
4119.,3.1325000000
4120.,3.1215625
4121.,3.121875
4122.,3.1221875
4123.,3.1346875
4124.,3.13
4125.,3.1625
4126.,3.13
4127.,3.15
4128.,3.155625
4129.,3.16875
4130.,3.1396875
4131.,3.138125
4132.,3.1553125
4133.,3.1321875
4134.,3.16
4135.,3.155625
4136.,3.1490625
4137.,3.1471875000
4138.,3.174375
4139.,3.1303125
4140.,3.149375
4141.,3.1665625
4142.,3.1434375
4143.,3.145
4144.,3.125
4145.,3.1428125000
4146.,3.14125
4147.,3.14625
4148.,3.130625
4149.,3.1459375
4150.,3.1440625
4151.,3.1446875
4152.,3.156875
4153.,3.1350000000
4154.,3.1334375
4155.,3.14
4156.,3.164375
4157.,3.126875
4158.,3.1596875
4159.,3.1421875
4160.,3.14625
4161.,3.1459375
4162.,3.141875
4163.,3.1525
4164.,3.164375
4165.,3.16
4166.,3.1565625
4167.,3.1678125
4168.,3.1459375
4169.,3.1321875
4170.,3.1296875
4171.,3.1521875
4172.,3.166875
4173.,3.1378125
4174.,3.1350000000
4175.,3.1553125
4176.,3.1628125000
4177.,3.15
4178.,3.1578125
4179.,3.1353125
4180.,3.1709375
4181.,3.1550000000
4182.,3.1671875000
4183.,3.1509375
4184.,3.149375
4185.,3.1746875
4186.,3.15875
4187.,3.1484375
4188.,3.1509375
4189.,3.1734375
4190.,3.174375
4191.,3.1846875
4192.,3.1715625000
4193.,3.176875
4194.,3.1603125
4195.,3.1640625
4196.,3.1609375
4197.,3.1515625000
4198.,3.1584375000
4199.,3.1659375
4200.,3.1421875
4201.,3.1528125
4202.,3.1684375
4203.,3.1596875
4204.,3.1706250000
4205.,3.1550000000
4206.,3.1825
4207.,3.17125
4208.,3.1546875
4209.,3.1375
4210.,3.1746875
4211.,3.163125
4212.,3.1621875
4213.,3.1925
4214.,3.14875
4215.,3.1453125
4216.,3.1634375
4217.,3.1546875
4218.,3.16125
4219.,3.1706250000
4220.,3.1662500000
4221.,3.180625
4222.,3.1421875
4223.,3.165
4224.,3.1578125
4225.,3.15375
4226.,3.1534375
4227.,3.14625
4228.,3.145625
4229.,3.154375
4230.,3.1403125000
4231.,3.1640625
4232.,3.15875
4233.,3.145
4234.,3.13375
4235.,3.140625
4236.,3.1634375
4237.,3.1509375
4238.,3.16875
4239.,3.153125
4240.,3.151875
4241.,3.1584375000
4242.,3.16875
4243.,3.1384375
4244.,3.149375
4245.,3.1503125
4246.,3.16
4247.,3.135625
4248.,3.1696875
4249.,3.163125
4250.,3.174375
4251.,3.1553125
4252.,3.1446875
4253.,3.180625
4254.,3.1346875
4255.,3.1621875
4256.,3.140625
4257.,3.1403125000
4258.,3.1550000000
4259.,3.158125
4260.,3.17
4261.,3.13375
4262.,3.1790625
4263.,3.1490625
4264.,3.1553125
4265.,3.14
4266.,3.1546875
4267.,3.184375
4268.,3.18875
4269.,3.1709375
4270.,3.1728125
4271.,3.1590625
4272.,3.15125
4273.,3.1371875
4274.,3.156875
4275.,3.1503125
4276.,3.1334375
4277.,3.1303125
4278.,3.1350000000
4279.,3.14875
4280.,3.1593750000
4281.,3.1334375
4282.,3.126875
4283.,3.1421875
4284.,3.1465625
4285.,3.1371875
4286.,3.1490625
4287.,3.143125
4288.,3.1434375
4289.,3.1678125
4290.,3.130625
4291.,3.1478125
4292.,3.1365625
4293.,3.1228125
4294.,3.14
4295.,3.1446875
4296.,3.141875
4297.,3.154375
4298.,3.1590625
4299.,3.1409375
4300.,3.1425
4301.,3.160625
4302.,3.1503125
4303.,3.161875
4304.,3.1350000000
4305.,3.1481250000
4306.,3.1803125
4307.,3.1815625
4308.,3.17375
4309.,3.165625
4310.,3.176875
4311.,3.17125
4312.,3.149375
4313.,3.149375
4314.,3.1765625
4315.,3.1634375
4316.,3.1346875
4317.,3.1734375
4318.,3.15875
4319.,3.176875
4320.,3.1621875
4321.,3.154375
4322.,3.1725
4323.,3.1703125
4324.,3.1578125
4325.,3.166875
4326.,3.14
4327.,3.163125
4328.,3.168125
4329.,3.154375
4330.,3.1734375
4331.,3.1896875000
4332.,3.1715625000
4333.,3.1790625
4334.,3.1684375
4335.,3.1578125
4336.,3.1678125
4337.,3.165
4338.,3.17375
4339.,3.155625
4340.,3.1665625
4341.,3.1665625
4342.,3.1721875
4343.,3.1728125
4344.,3.1553125
4345.,3.185625
4346.,3.16
4347.,3.1775
4348.,3.1659375
4349.,3.1703125
4350.,3.155625
4351.,3.173125
4352.,3.1540625
4353.,3.1653125
4354.,3.1659375
4355.,3.169375
4356.,3.1665625
4357.,3.1671875000
4358.,3.1421875
4359.,3.1853125
4360.,3.1546875
4361.,3.1509375
4362.,3.1759375
4363.,3.174375
4364.,3.1793750000
4365.,3.183125
4366.,3.1784375000
4367.,3.1818750000
4368.,3.2046875
4369.,3.1706250000
4370.,3.169375
4371.,3.17125
4372.,3.156875
4373.,3.1803125
4374.,3.1846875
4375.,3.1793750000
4376.,3.1662500000
4377.,3.1934375
4378.,3.1793750000
4379.,3.1925
4380.,3.1821875
4381.,3.1834375
4382.,3.15875
4383.,3.1978125
4384.,3.163125
4385.,3.18
4386.,3.1550000000
4387.,3.168125
4388.,3.186875
4389.,3.1828125000
4390.,3.1728125
4391.,3.1709375
4392.,3.156875
4393.,3.1646875
4394.,3.1546875
4395.,3.1784375000
4396.,3.1684375
4397.,3.1637500000
4398.,3.1615625
4399.,3.1846875
4400.,3.1825
4401.,3.1815625
4402.,3.144375
4403.,3.1690625
4404.,3.1662500000
4405.,3.1753125
4406.,3.1709375
4407.,3.1778125
4408.,3.1478125
4409.,3.164375
4410.,3.1640625
4411.,3.163125
4412.,3.15625
4413.,3.1596875
4414.,3.161875
4415.,3.16875
4416.,3.145625
4417.,3.1640625
4418.,3.19125
4419.,3.1525
4420.,3.1640625
4421.,3.1590625
4422.,3.1434375
4423.,3.164375
4424.,3.133125
4425.,3.1506250000
4426.,3.1959375
4427.,3.1662500000
4428.,3.169375
4429.,3.1540625
4430.,3.1684375
4431.,3.15625
4432.,3.1550000000
4433.,3.1390625
4434.,3.1525
4435.,3.1646875
4436.,3.1459375
4437.,3.1534375
4438.,3.1684375
4439.,3.1528125
4440.,3.1475
4441.,3.1393750000
4442.,3.1609375
4443.,3.15375
4444.,3.1596875
4445.,3.1359375000
4446.,3.1525
4447.,3.1750000000
4448.,3.16125
4449.,3.1478125
4450.,3.1703125
4451.,3.1603125
4452.,3.163125
4453.,3.12
4454.,3.1284375
4455.,3.143125
4456.,3.1503125
4457.,3.13625
4458.,3.1353125
4459.,3.13625
4460.,3.15375
4461.,3.1396875
4462.,3.1421875
4463.,3.129375
4464.,3.1328125
4465.,3.1665625
4466.,3.1528125
4467.,3.15375
4468.,3.1584375000
4469.,3.15875
4470.,3.1409375
4471.,3.14625
4472.,3.141875
4473.,3.165
4474.,3.1503125
4475.,3.14125
4476.,3.13375
4477.,3.161875
4478.,3.1715625000
4479.,3.1409375
4480.,3.1815625
4481.,3.185
4482.,3.1615625
4483.,3.1565625
4484.,3.155625
4485.,3.156875
4486.,3.1546875
4487.,3.1481250000
4488.,3.1640625
4489.,3.143125
4490.,3.145625
4491.,3.1565625
4492.,3.1393750000
4493.,3.1603125
4494.,3.1671875000
4495.,3.18125
4496.,3.1703125
4497.,3.1534375
4498.,3.1640625
4499.,3.1578125
4500.,3.1646875
4501.,3.1540625
4502.,3.1796875
4503.,3.1871875000
4504.,3.1753125
4505.,3.168125
4506.,3.1790625
4507.,3.1825
4508.,3.15375
4509.,3.1765625
4510.,3.1637500000
4511.,3.161875
4512.,3.175625
4513.,3.1506250000
4514.,3.186875
4515.,3.1825
4516.,3.1828125000
4517.,3.17125
4518.,3.173125
4519.,3.1784375000
4520.,3.178125
4521.,3.175625
4522.,3.1915625
4523.,3.16125
4524.,3.166875
4525.,3.1765625
4526.,3.165
4527.,3.1715625000
4528.,3.14125
4529.,3.1853125
4530.,3.16875
4531.,3.1534375
4532.,3.1750000000
4533.,3.1740625000
4534.,3.1634375
4535.,3.184375
4536.,3.1706250000
4537.,3.1721875
4538.,3.1559375000
4539.,3.171875
4540.,3.20125
4541.,3.19375
4542.,3.175625
4543.,3.2078125
4544.,3.1715625000
4545.,3.1959375
4546.,3.206875
4547.,3.1778125
4548.,3.17875
4549.,3.1746875
4550.,3.1884375
4551.,3.166875
4552.,3.1728125
4553.,3.195625
4554.,3.166875
4555.,3.1706250000
4556.,3.165625
4557.,3.1740625000
4558.,3.1953125
4559.,3.1790625
4560.,3.1575
4561.,3.169375
4562.,3.1628125000
4563.,3.1706250000
4564.,3.163125
4565.,3.1721875
4566.,3.1671875000
4567.,3.1750000000
4568.,3.1690625
4569.,3.17875
4570.,3.171875
4571.,3.1609375
4572.,3.171875
4573.,3.1625
4574.,3.1675
4575.,3.1584375000
4576.,3.1646875
4577.,3.166875
4578.,3.1734375
4579.,3.1728125
4580.,3.1565625
4581.,3.1703125
4582.,3.1578125
4583.,3.1637500000
4584.,3.1565625
4585.,3.1659375
4586.,3.1603125
4587.,3.1428125000
4588.,3.1703125
4589.,3.1550000000
4590.,3.1750000000
4591.,3.1678125
4592.,3.1590625
4593.,3.1784375000
4594.,3.160625
4595.,3.1790625
4596.,3.1721875
4597.,3.1528125
4598.,3.1525
4599.,3.1721875
4600.,3.1740625000
4601.,3.1903125
4602.,3.1721875
4603.,3.1521875
4604.,3.169375
4605.,3.186875
4606.,3.1734375
4607.,3.1784375000
4608.,3.1684375
4609.,3.17625
4610.,3.1721875
4611.,3.183125
4612.,3.1875
4613.,3.161875
4614.,3.195625
4615.,3.16875
4616.,3.1784375000
4617.,3.1759375
4618.,3.189375
4619.,3.17
4620.,3.160625
4621.,3.1546875
4622.,3.189375
4623.,3.1759375
4624.,3.1834375
4625.,3.17875
4626.,3.17875
4627.,3.1734375
4628.,3.1584375000
4629.,3.1653125
4630.,3.1553125
4631.,3.1715625000
4632.,3.153125
4633.,3.14625
4634.,3.1709375
4635.,3.1609375
4636.,3.1490625
4637.,3.186875
4638.,3.168125
4639.,3.1675
4640.,3.14875
4641.,3.1603125
4642.,3.1553125
4643.,3.158125
4644.,3.1446875
4645.,3.163125
4646.,3.1675
4647.,3.199375
4648.,3.1734375
4649.,3.15875
4650.,3.1603125
4651.,3.1809375
4652.,3.156875
4653.,3.1706250000
4654.,3.178125
4655.,3.1603125
4656.,3.1703125
4657.,3.1546875
4658.,3.169375
4659.,3.1846875
4660.,3.1565625
4661.,3.165
4662.,3.1765625
4663.,3.1875
4664.,3.1853125
4665.,3.1759375
4666.,3.1825
4667.,3.1715625000
4668.,3.1750000000
4669.,3.176875
4670.,3.1678125
4671.,3.1875
4672.,3.1759375
4673.,3.1753125
4674.,3.173125
4675.,3.1803125
4676.,3.175625
4677.,3.1921875
4678.,3.1584375000
4679.,3.184375
4680.,3.1846875
4681.,3.2015625
4682.,3.17375
4683.,3.1840625
4684.,3.1603125
4685.,3.1753125
4686.,3.16875
4687.,3.173125
4688.,3.200625
4689.,3.1840625
4690.,3.174375
4691.,3.1725
4692.,3.2071875
4693.,3.1706250000
4694.,3.1750000000
4695.,3.1746875
4696.,3.154375
4697.,3.2009375
4698.,3.185
4699.,3.2131250000
4700.,3.1840625
4701.,3.161875
4702.,3.1896875000
4703.,3.17625
4704.,3.1784375000
4705.,3.185
4706.,3.1975000000
4707.,3.1753125
4708.,3.171875
4709.,3.200625
4710.,3.2228125
4711.,3.1859375
4712.,3.2159375
4713.,3.1818750000
4714.,3.1796875
4715.,3.1928125
4716.,3.189375
4717.,3.1659375
4718.,3.1878125
4719.,3.225625
4720.,3.2062500000
4721.,3.2090625
4722.,3.214375
4723.,3.2165625
4724.,3.19875
4725.,3.19625
4726.,3.1896875000
4727.,3.19375
4728.,3.1828125000
4729.,3.1896875000
4730.,3.1984375000
4731.,3.2184375000
4732.,3.185625
4733.,3.2071875
4734.,3.1890625
4735.,3.1928125
4736.,3.1825
4737.,3.1909375
4738.,3.1825
4739.,3.1671875000
4740.,3.2121875
4741.,3.1784375000
4742.,3.1834375
4743.,3.1865625
4744.,3.194375
4745.,3.1759375
4746.,3.1515625000
4747.,3.176875
4748.,3.1771875
4749.,3.19
4750.,3.188125
4751.,3.1653125
4752.,3.1903125
4753.,3.1628125000
4754.,3.184375
4755.,3.1575
4756.,3.1909375
4757.,3.16
4758.,3.1659375
4759.,3.185625
4760.,3.18875
4761.,3.1784375000
4762.,3.17125
4763.,3.171875
4764.,3.1696875
4765.,3.1646875
4766.,3.1603125
4767.,3.1903125
4768.,3.18125
4769.,3.1740625000
4770.,3.18375
4771.,3.1859375
4772.,3.169375
4773.,3.1734375
4774.,3.1990625
4775.,3.185
4776.,3.1771875
4777.,3.1746875
4778.,3.17125
4779.,3.173125
4780.,3.183125
4781.,3.1753125
4782.,3.189375
4783.,3.1684375
4784.,3.1865625
4785.,3.1728125
4786.,3.1665625
4787.,3.17375
4788.,3.1750000000
4789.,3.173125
4790.,3.1840625
4791.,3.1715625000
4792.,3.1575
4793.,3.1471875000
4794.,3.1646875
4795.,3.1834375
4796.,3.1481250000
4797.,3.160625
4798.,3.176875
4799.,3.1784375000
4800.,3.1796875
4801.,3.1875
4802.,3.1859375
4803.,3.1481250000
4804.,3.164375
4805.,3.1628125000
4806.,3.1437500000
4807.,3.1584375000
4808.,3.1559375000
4809.,3.156875
4810.,3.1793750000
4811.,3.18375
4812.,3.18375
4813.,3.19
4814.,3.1775
4815.,3.1834375
4816.,3.1671875000
4817.,3.1878125
4818.,3.1721875
4819.,3.164375
4820.,3.183125
4821.,3.171875
4822.,3.1871875000
4823.,3.1578125
4824.,3.1915625
4825.,3.198125
4826.,3.19125
4827.,3.185625
4828.,3.19625
4829.,3.1690625
4830.,3.1818750000
4831.,3.2075
4832.,3.2
4833.,3.19375
4834.,3.1659375
4835.,3.1728125
4836.,3.18875
4837.,3.1859375
4838.,3.1703125
4839.,3.176875
4840.,3.1953125
4841.,3.1984375000
4842.,3.1771875
4843.,3.193125
4844.,3.1765625
4845.,3.196875
4846.,3.1890625
4847.,3.1825
4848.,3.1965625
4849.,3.2028125000
4850.,3.1950000000
4851.,3.1915625
4852.,3.184375
4853.,3.2084375
4854.,3.1928125
4855.,3.2018750000
4856.,3.1825
4857.,3.176875
4858.,3.1859375
4859.,3.1875
4860.,3.1759375
4861.,3.1809375
4862.,3.1946875
4863.,3.19625
4864.,3.176875
4865.,3.19375
4866.,3.1959375
4867.,3.2021875
4868.,3.1809375
4869.,3.1740625000
4870.,3.199375
4871.,3.2062500000
4872.,3.1928125
4873.,3.1815625
4874.,3.2053125000
4875.,3.22375
4876.,3.195625
4877.,3.183125
4878.,3.191875
4879.,3.204375
4880.,3.185
4881.,3.18875
4882.,3.21
4883.,3.1890625
4884.,3.1796875
4885.,3.1971875
4886.,3.186875
4887.,3.17875
4888.,3.1978125
4889.,3.2078125
4890.,3.1975000000
4891.,3.223125
4892.,3.2053125000
4893.,3.185625
4894.,3.22
4895.,3.2159375
4896.,3.2325
4897.,3.2234375
4898.,3.224375
4899.,3.198125
4900.,3.1978125
4901.,3.2131250000
4902.,3.2271875
4903.,3.218125
4904.,3.1934375
4905.,3.234375
4906.,3.2040625
4907.,3.2218750000
4908.,3.22375
4909.,3.2115625
4910.,3.209375
4911.,3.2075
4912.,3.199375
4913.,3.2131250000
4914.,3.223125
4915.,3.21
4916.,3.209375
4917.,3.20875
4918.,3.218125
4919.,3.191875
4920.,3.186875
4921.,3.2
4922.,3.2009375
4923.,3.1915625
4924.,3.198125
4925.,3.2028125000
4926.,3.223125
4927.,3.1828125000
4928.,3.1906250000
4929.,3.2196875
4930.,3.20875
4931.,3.2062500000
4932.,3.2
4933.,3.1975000000
4934.,3.1906250000
4935.,3.1959375
4936.,3.1950000000
4937.,3.18
4938.,3.18875
4939.,3.2075
4940.,3.1803125
4941.,3.19375
4942.,3.2034375
4943.,3.2165625
4944.,3.2253125000
4945.,3.1990625
4946.,3.1771875
4947.,3.2015625
4948.,3.2028125000
4949.,3.18
4950.,3.1909375
4951.,3.2071875
4952.,3.1878125
4953.,3.1984375000
4954.,3.2018750000
4955.,3.1803125
4956.,3.203125
4957.,3.19875
4958.,3.2028125000
4959.,3.19375
4960.,3.21
4961.,3.1971875
4962.,3.1896875000
4963.,3.2065625
4964.,3.198125
4965.,3.1978125
4966.,3.1959375
4967.,3.1846875
4968.,3.20375
4969.,3.19625
4970.,3.208125
4971.,3.196875
4972.,3.220625
4973.,3.178125
4974.,3.1859375
4975.,3.194375
4976.,3.1828125000
4977.,3.2228125
4978.,3.203125
4979.,3.1840625
4980.,3.1925
4981.,3.191875
4982.,3.194375
4983.,3.1909375
4984.,3.1484375
4985.,3.2015625
4986.,3.1965625
4987.,3.1728125
4988.,3.2028125000
4989.,3.18375
4990.,3.1775
4991.,3.1928125
4992.,3.19
4993.,3.1871875000
4994.,3.1975000000
4995.,3.1884375
4996.,3.1818750000
4997.,3.198125
4998.,3.17625
4999.,3.180625
5000.,3.1875
5001.,3.1959375
5002.,3.1890625
5003.,3.1909375
5004.,3.1946875
5005.,3.2115625
5006.,3.1906250000
5007.,3.2121875
5008.,3.1996875
5009.,3.1828125000
5010.,3.193125
5011.,3.1978125
5012.,3.2140625000
5013.,3.184375
5014.,3.2153125
5015.,3.2084375
5016.,3.223125
5017.,3.204375
5018.,3.2025
5019.,3.1928125
5020.,3.19125
5021.,3.2096875000
5022.,3.188125
5023.,3.194375
5024.,3.1915625
5025.,3.20375
5026.,3.1818750000
5027.,3.199375
5028.,3.211875
5029.,3.2065625
5030.,3.193125
5031.,3.2140625000
5032.,3.191875
5033.,3.1984375000
5034.,3.1953125
5035.,3.1996875
5036.,3.193125
5037.,3.1978125
5038.,3.2084375
5039.,3.2034375
5040.,3.1903125
5041.,3.21
5042.,3.173125
5043.,3.203125
5044.,3.2018750000
5045.,3.2015625
5046.,3.2203125
5047.,3.2
5048.,3.1971875
5049.,3.2175000000
5050.,3.2146875
5051.,3.2121875
5052.,3.2075
5053.,3.19
5054.,3.204375
5055.,3.230625
5056.,3.1934375
5057.,3.2106250000
5058.,3.2103125
5059.,3.228125
5060.,3.1946875
5061.,3.2090625
5062.,3.2103125
5063.,3.19375
5064.,3.2165625
5065.,3.19875
5066.,3.1996875
5067.,3.1975000000
5068.,3.2178125
5069.,3.2278125
5070.,3.2246875
5071.,3.19
5072.,3.21875
5073.,3.224375
5074.,3.2053125000
5075.,3.224375
5076.,3.2078125
5077.,3.230625
5078.,3.209375
5079.,3.2018750000
5080.,3.2275
5081.,3.2290625
5082.,3.2390625
5083.,3.209375
5084.,3.224375
5085.,3.2409375000
5086.,3.1971875
5087.,3.2003125
5088.,3.20875
5089.,3.203125
5090.,3.2121875
5091.,3.2071875
5092.,3.2065625
5093.,3.2096875000
5094.,3.211875
5095.,3.2021875
5096.,3.2125
5097.,3.2215625
5098.,3.2096875000
5099.,3.1875
5100.,3.209375
5101.,3.2018750000
5102.,3.1815625
5103.,3.2075
5104.,3.206875
5105.,3.198125
5106.,3.215
5107.,3.2009375
5108.,3.209375
5109.,3.2109375
5110.,3.2015625
5111.,3.2284375
5112.,3.209375
5113.,3.1996875
5114.,3.2115625
5115.,3.1821875
5116.,3.1909375
5117.,3.1809375
5118.,3.189375
5119.,3.2218750000
5120.,3.2131250000
5121.,3.2034375
5122.,3.1703125
5123.,3.2053125000
5124.,3.20125
5125.,3.2003125
5126.,3.216875
5127.,3.2009375
5128.,3.1978125
5129.,3.200625
5130.,3.2153125
5131.,3.223125
5132.,3.208125
5133.,3.17625
5134.,3.1946875
5135.,3.2090625
5136.,3.1884375
5137.,3.21
5138.,3.1890625
5139.,3.219375
5140.,3.20125
5141.,3.21125
5142.,3.1934375
5143.,3.2121875
5144.,3.2331250000
5145.,3.2059375
5146.,3.2
5147.,3.1871875000
5148.,3.2171875
5149.,3.1984375000
5150.,3.1959375
5151.,3.2071875
5152.,3.2075
5153.,3.1878125
5154.,3.19625
5155.,3.174375
5156.,3.1859375
5157.,3.1971875
5158.,3.1840625
5159.,3.174375
5160.,3.1709375
5161.,3.2018750000
5162.,3.1984375000
5163.,3.1903125
5164.,3.195625
5165.,3.211875
5166.,3.1871875000
5167.,3.1984375000
5168.,3.1984375000
5169.,3.21625
5170.,3.20875
5171.,3.205625
5172.,3.1865625
5173.,3.1950000000
5174.,3.203125
5175.,3.2246875
5176.,3.2015625
5177.,3.2178125
5178.,3.189375
5179.,3.1928125
5180.,3.1903125
5181.,3.20125
5182.,3.205625
5183.,3.220625
5184.,3.2015625
5185.,3.2075
5186.,3.193125
5187.,3.20375
5188.,3.196875
5189.,3.2062500000
5190.,3.1978125
5191.,3.225625
5192.,3.2
5193.,3.2165625
5194.,3.22
5195.,3.1765625
5196.,3.2096875000
5197.,3.228125
5198.,3.2278125
5199.,3.2140625000
5200.,3.19625
5201.,3.2040625
5202.,3.215625
5203.,3.219375
5204.,3.24125
5205.,3.2125
5206.,3.1975000000
5207.,3.2228125
5208.,3.2287500000
5209.,3.2225
5210.,3.206875
5211.,3.22
5212.,3.2096875000
5213.,3.209375
5214.,3.2034375
5215.,3.1896875000
5216.,3.206875
5217.,3.20875
5218.,3.205
5219.,3.2184375000
5220.,3.2353125
5221.,3.2021875
5222.,3.215625
5223.,3.2434375
5224.,3.220625
5225.,3.2375000000
5226.,3.2190625
5227.,3.220625
5228.,3.238125
5229.,3.234375
5230.,3.2215625
5231.,3.2096875000
5232.,3.2090625
5233.,3.2271875
5234.,3.2190625
5235.,3.2090625
5236.,3.2425
5237.,3.2096875000
5238.,3.205
5239.,3.2246875
5240.,3.2059375
5241.,3.24125
5242.,3.2103125
5243.,3.2203125
5244.,3.22
5245.,3.2246875
5246.,3.2334375
5247.,3.2315625
5248.,3.22125
5249.,3.2259375
5250.,3.240625
5251.,3.2534375
5252.,3.2175000000
5253.,3.2278125
5254.,3.2215625
5255.,3.2284375
5256.,3.230625
5257.,3.2234375
5258.,3.2125
5259.,3.2218750000
5260.,3.223125
5261.,3.224375
5262.,3.195625
5263.,3.2221875
5264.,3.224375
5265.,3.2040625
5266.,3.1915625
5267.,3.2025
5268.,3.2075
5269.,3.2040625
5270.,3.2178125
5271.,3.223125
5272.,3.2125
5273.,3.204375
5274.,3.2209375000
5275.,3.2487500000
5276.,3.19
5277.,3.2228125
5278.,3.2165625
5279.,3.196875
5280.,3.206875
5281.,3.2184375000
5282.,3.215625
5283.,3.2178125
5284.,3.2090625
5285.,3.2028125000
5286.,3.2165625
5287.,3.2278125
5288.,3.219375
5289.,3.208125
5290.,3.214375
5291.,3.1828125000
5292.,3.215625
5293.,3.2015625
5294.,3.20875
5295.,3.2153125
5296.,3.196875
5297.,3.2096875000
5298.,3.2309375
5299.,3.2075
5300.,3.2025
5301.,3.205625
5302.,3.2184375000
5303.,3.2259375
5304.,3.214375
5305.,3.218125
5306.,3.218125
5307.,3.209375
5308.,3.21125
5309.,3.2115625
5310.,3.238125
5311.,3.22
5312.,3.21625
5313.,3.2262500000
5314.,3.21
5315.,3.2253125000
5316.,3.219375
5317.,3.2340625000
5318.,3.2228125
5319.,3.20875
5320.,3.21375
5321.,3.2096875000
5322.,3.214375
5323.,3.226875
5324.,3.2290625
5325.,3.2196875
5326.,3.2065625
5327.,3.2253125000
5328.,3.228125
5329.,3.2146875
5330.,3.196875
5331.,3.2096875000
5332.,3.2287500000
5333.,3.223125
5334.,3.18125
5335.,3.2259375
5336.,3.205
5337.,3.22
5338.,3.1925
5339.,3.2018750000
5340.,3.2046875
5341.,3.196875
5342.,3.2171875
5343.,3.2131250000
5344.,3.193125
5345.,3.2171875
5346.,3.1909375
5347.,3.1871875000
5348.,3.1878125
5349.,3.20375
5350.,3.1903125
5351.,3.20375
5352.,3.2131250000
5353.,3.2065625
5354.,3.216875
5355.,3.20375
5356.,3.21375
5357.,3.2390625
5358.,3.1928125
5359.,3.1975000000
5360.,3.206875
5361.,3.2146875
5362.,3.23
5363.,3.21
5364.,3.206875
5365.,3.2178125
5366.,3.218125
5367.,3.2106250000
5368.,3.2209375000
5369.,3.2146875
5370.,3.2259375
5371.,3.2178125
5372.,3.1984375000
5373.,3.2134375
5374.,3.2146875
5375.,3.2415625
5376.,3.2196875
5377.,3.2103125
5378.,3.2015625
5379.,3.2278125
5380.,3.2287500000
5381.,3.2175000000
5382.,3.2175000000
5383.,3.2540625
5384.,3.236875
5385.,3.218125
5386.,3.2146875
5387.,3.2378125
5388.,3.214375
5389.,3.2103125
5390.,3.2265625
5391.,3.245
5392.,3.25125
5393.,3.223125
5394.,3.22375
5395.,3.2218750000
5396.,3.225625
5397.,3.2565625000
5398.,3.224375
5399.,3.2228125
5400.,3.2490625
5401.,3.235625
5402.,3.238125
5403.,3.21375
5404.,3.225625
5405.,3.2396875
5406.,3.240625
5407.,3.2440625
5408.,3.239375
5409.,3.2359375
5410.,3.2259375
5411.,3.2153125
5412.,3.2321875
5413.,3.236875
5414.,3.2321875
5415.,3.2425
5416.,3.2190625
5417.,3.24125
5418.,3.23625
5419.,3.2309375
5420.,3.224375
5421.,3.265
5422.,3.23625
5423.,3.245
5424.,3.2203125
5425.,3.2315625
5426.,3.243125
5427.,3.2221875
5428.,3.23375
5429.,3.245
5430.,3.2634375
5431.,3.245
5432.,3.245625
5433.,3.2190625
5434.,3.243125
5435.,3.2328125
5436.,3.2175000000
5437.,3.2240625
5438.,3.23875
5439.,3.259375
5440.,3.2259375
5441.,3.2265625
5442.,3.2240625
5443.,3.2253125000
5444.,3.2509375
5445.,3.2178125
5446.,3.230625
5447.,3.215625
5448.,3.2225
5449.,3.22
5450.,3.203125
5451.,3.2328125
5452.,3.2484375
5453.,3.2128125
5454.,3.2359375
5455.,3.2106250000
5456.,3.2165625
5457.,3.2121875
5458.,3.215
5459.,3.2021875
5460.,3.251875
5461.,3.2409375000
5462.,3.2062500000
5463.,3.2103125
5464.,3.2225
5465.,3.236875
5466.,3.22375
5467.,3.2218750000
5468.,3.2384375
5469.,3.2218750000
5470.,3.219375
5471.,3.2106250000
5472.,3.225625
5473.,3.2209375000
5474.,3.225625
5475.,3.2125
5476.,3.2284375
5477.,3.2171875
5478.,3.24125
5479.,3.2078125
5480.,3.2218750000
5481.,3.240625
5482.,3.2534375
5483.,3.2171875
5484.,3.2340625000
5485.,3.236875
5486.,3.26375
5487.,3.2425
5488.,3.218125
5489.,3.2196875
5490.,3.2325
5491.,3.235625
5492.,3.214375
5493.,3.22375
5494.,3.249375
5495.,3.2365625000
5496.,3.2215625
5497.,3.2290625
5498.,3.225625
5499.,3.2403125
5500.,3.249375
5501.,3.2271875
5502.,3.2346875
5503.,3.23375
5504.,3.2259375
5505.,3.2096875000
5506.,3.219375
5507.,3.2115625
5508.,3.2371875
5509.,3.218125
5510.,3.191875
5511.,3.195625
5512.,3.22125
5513.,3.2321875
5514.,3.2284375
5515.,3.2115625
5516.,3.2334375
5517.,3.24125
5518.,3.2096875000
5519.,3.2062500000
5520.,3.2218750000
5521.,3.22375
5522.,3.2234375
5523.,3.2134375
5524.,3.225625
5525.,3.2371875
5526.,3.2134375
5527.,3.2484375
5528.,3.236875
5529.,3.234375
5530.,3.2478125
5531.,3.2371875
5532.,3.2321875
5533.,3.2428125
5534.,3.231875
5535.,3.2125
5536.,3.238125
5537.,3.234375
5538.,3.2340625000
5539.,3.2503125
5540.,3.226875
5541.,3.2262500000
5542.,3.231875
5543.,3.2225
5544.,3.2275
5545.,3.2015625
5546.,3.2225
5547.,3.229375
5548.,3.2078125
5549.,3.2531250000
5550.,3.2209375000
5551.,3.2178125
5552.,3.2265625
5553.,3.2334375
5554.,3.2315625
5555.,3.2403125
5556.,3.2496875000
5557.,3.2371875
5558.,3.2131250000
5559.,3.251875
5560.,3.2278125
5561.,3.24125
5562.,3.251875
5563.,3.2609375000
5564.,3.234375
5565.,3.2328125
5566.,3.2428125
5567.,3.2309375
5568.,3.2390625
5569.,3.223125
5570.,3.2228125
5571.,3.2346875
5572.,3.219375
5573.,3.2203125
5574.,3.2359375
5575.,3.22375
5576.,3.2384375
5577.,3.2290625
5578.,3.2221875
5579.,3.2303125
5580.,3.239375
5581.,3.2184375000
5582.,3.2178125
5583.,3.2453125000
5584.,3.228125
5585.,3.2071875
5586.,3.2103125
5587.,3.230625
5588.,3.2365625000
5589.,3.2353125
5590.,3.24625
5591.,3.2059375
5592.,3.2600000000
5593.,3.230625
5594.,3.2203125
5595.,3.2621875
5596.,3.2478125
5597.,3.2396875
5598.,3.230625
5599.,3.238125
5600.,3.23875
5601.,3.2425
5602.,3.23125
5603.,3.2290625
5604.,3.24625
5605.,3.245
5606.,3.2253125000
5607.,3.2106250000
5608.,3.2687500000
5609.,3.251875
5610.,3.2559375
5611.,3.245
5612.,3.245625
5613.,3.2709375
5614.,3.2287500000
5615.,3.2259375
5616.,3.2525
5617.,3.2196875
5618.,3.2565625000
5619.,3.2459375
5620.,3.2240625
5621.,3.2325
5622.,3.2225
5623.,3.2365625000
5624.,3.2453125000
5625.,3.2340625000
5626.,3.2321875
5627.,3.2600000000
5628.,3.2221875
5629.,3.2271875
5630.,3.2384375
5631.,3.229375
5632.,3.2296875000
5633.,3.2384375
5634.,3.246875
5635.,3.22375
5636.,3.24
5637.,3.2190625
5638.,3.251875
5639.,3.2475
5640.,3.27625
5641.,3.2259375
5642.,3.235
5643.,3.2290625
5644.,3.239375
5645.,3.2262500000
5646.,3.2284375
5647.,3.2340625000
5648.,3.226875
5649.,3.2325
5650.,3.2146875
5651.,3.250625
5652.,3.2453125000
5653.,3.2465625
5654.,3.2440625
5655.,3.2403125
5656.,3.2134375
5657.,3.22125
5658.,3.2096875000
5659.,3.2403125
5660.,3.24125
5661.,3.235625
5662.,3.239375
5663.,3.2159375
5664.,3.2443750000
5665.,3.2425
5666.,3.2340625000
5667.,3.2103125
5668.,3.2309375
5669.,3.2409375000
5670.,3.2128125
5671.,3.21625
5672.,3.2215625
5673.,3.245625
5674.,3.2259375
5675.,3.229375
5676.,3.2496875000
5677.,3.2375000000
5678.,3.2440625
5679.,3.230625
5680.,3.2353125
5681.,3.21375
5682.,3.2396875
5683.,3.2062500000
5684.,3.215
5685.,3.20875
5686.,3.224375
5687.,3.2246875
5688.,3.219375
5689.,3.24
5690.,3.2453125000
5691.,3.22125
5692.,3.2184375000
5693.,3.2115625
5694.,3.2271875
5695.,3.2203125
5696.,3.2609375000
5697.,3.2265625
5698.,3.2103125
5699.,3.2246875
5700.,3.2396875
5701.,3.2171875
5702.,3.2259375
5703.,3.2453125000
5704.,3.226875
5705.,3.238125
5706.,3.2303125
5707.,3.2596875
5708.,3.24
5709.,3.259375
5710.,3.2484375
5711.,3.24375
5712.,3.2275
5713.,3.23875
5714.,3.228125
5715.,3.23625
5716.,3.24125
5717.,3.2559375
5718.,3.2425
5719.,3.2334375
5720.,3.25625
5721.,3.2596875
5722.,3.2487500000
5723.,3.270625
5724.,3.2403125
5725.,3.2209375000
5726.,3.21875
5727.,3.2553125
5728.,3.2446875
5729.,3.2428125
5730.,3.2359375
5731.,3.2321875
5732.,3.2078125
5733.,3.24
5734.,3.2262500000
5735.,3.235
5736.,3.23625
5737.,3.2334375
5738.,3.27125
5739.,3.23625
5740.,3.2465625
5741.,3.214375
5742.,3.2184375000
5743.,3.2665625
5744.,3.246875
5745.,3.2234375
5746.,3.2321875
5747.,3.248125
5748.,3.259375
5749.,3.218125
5750.,3.2528125
5751.,3.2415625
5752.,3.2196875
5753.,3.23625
5754.,3.2496875000
5755.,3.2259375
5756.,3.225625
5757.,3.243125
5758.,3.2418750000
5759.,3.2184375000
5760.,3.2209375000
5761.,3.24125
5762.,3.2309375
5763.,3.2378125
5764.,3.225625
5765.,3.2415625
5766.,3.2534375
5767.,3.21125
5768.,3.236875
5769.,3.2315625
5770.,3.23
5771.,3.2496875000
5772.,3.2478125
5773.,3.2728125
5774.,3.2484375
5775.,3.245
5776.,3.25625
5777.,3.2646875
5778.,3.235625
5779.,3.2509375
5780.,3.21875
5781.,3.2509375
5782.,3.2646875
5783.,3.2259375
5784.,3.2825
5785.,3.26375
5786.,3.25375
5787.,3.2525
5788.,3.2159375
5789.,3.2446875
5790.,3.2703125
5791.,3.2225
5792.,3.2621875
5793.,3.22
5794.,3.234375
5795.,3.2584375
5796.,3.2490625
5797.,3.229375
5798.,3.2384375
5799.,3.2428125
5800.,3.2428125
5801.,3.240625
5802.,3.240625
5803.,3.2259375
5804.,3.234375
5805.,3.225
5806.,3.255625
5807.,3.2528125
5808.,3.246875
5809.,3.2625
5810.,3.2534375
5811.,3.251875
5812.,3.2465625
5813.,3.2384375
5814.,3.2365625000
5815.,3.259375
5816.,3.25
5817.,3.2403125
5818.,3.2571875
5819.,3.2578125
5820.,3.279375
5821.,3.2403125
5822.,3.2553125
5823.,3.228125
5824.,3.2443750000
5825.,3.27
5826.,3.2487500000
5827.,3.235
5828.,3.2503125
5829.,3.2425
5830.,3.2534375
5831.,3.2262500000
5832.,3.2625
5833.,3.23375
5834.,3.238125
5835.,3.25
5836.,3.24
5837.,3.2440625
5838.,3.2346875
5839.,3.248125
5840.,3.2540625
5841.,3.2575000000
5842.,3.2446875
5843.,3.2490625
5844.,3.24125
5845.,3.2746875
5846.,3.2487500000
5847.,3.2371875
5848.,3.2540625
5849.,3.2653125000
5850.,3.2546875
5851.,3.2696875
5852.,3.2659375
5853.,3.2675
5854.,3.2621875
5855.,3.2490625
5856.,3.249375
5857.,3.228125
5858.,3.2440625
5859.,3.24625
5860.,3.1925
5861.,3.2196875
5862.,3.2553125
5863.,3.2271875
5864.,3.2259375
5865.,3.224375
5866.,3.2403125
5867.,3.243125
5868.,3.2371875
5869.,3.2021875
5870.,3.2640625
5871.,3.2371875
5872.,3.2275
5873.,3.2253125000
5874.,3.240625
5875.,3.2409375000
5876.,3.236875
5877.,3.220625
5878.,3.2059375
5879.,3.23625
5880.,3.259375
5881.,3.2590625
5882.,3.2565625000
5883.,3.265625
5884.,3.2509375
5885.,3.2303125
5886.,3.2390625
5887.,3.2484375
5888.,3.2490625
5889.,3.2615625
5890.,3.2440625
5891.,3.235625
5892.,3.24
5893.,3.228125
5894.,3.270625
5895.,3.2428125
5896.,3.2596875
5897.,3.2540625
5898.,3.2475
5899.,3.2443750000
5900.,3.2756250000
5901.,3.2628125
5902.,3.2415625
5903.,3.240625
5904.,3.2571875
5905.,3.2503125
5906.,3.260625
5907.,3.2331250000
5908.,3.2365625000
5909.,3.249375
5910.,3.2528125
5911.,3.2509375
5912.,3.2384375
5913.,3.234375
5914.,3.2378125
5915.,3.2378125
5916.,3.2690625
5917.,3.251875
5918.,3.2643750000
5919.,3.2384375
5920.,3.2646875
5921.,3.2603125
5922.,3.255625
5923.,3.258125
5924.,3.2459375
5925.,3.2315625
5926.,3.2778125
5927.,3.2584375
5928.,3.2640625
5929.,3.27
5930.,3.2553125
5931.,3.250625
5932.,3.25375
5933.,3.2596875
5934.,3.2625
5935.,3.2634375
5936.,3.265625
5937.,3.263125
5938.,3.24625
5939.,3.27
5940.,3.25875
5941.,3.26375
5942.,3.2528125
5943.,3.2834375000
5944.,3.2640625
5945.,3.250625
5946.,3.29
5947.,3.2696875
5948.,3.26375
5949.,3.2659375
5950.,3.2565625000
5951.,3.2746875
5952.,3.258125
5953.,3.2634375
5954.,3.266875
5955.,3.300625
5956.,3.2525
5957.,3.268125
5958.,3.25625
5959.,3.2928125
5960.,3.2775
5961.,3.2684375
5962.,3.2909375
5963.,3.2715625
5964.,3.2590625
5965.,3.266875
5966.,3.2559375
5967.,3.266875
5968.,3.276875
5969.,3.2365625000
5970.,3.2840625
5971.,3.2878125000
5972.,3.2600000000
5973.,3.2596875
5974.,3.2625
5975.,3.2525
5976.,3.266875
5977.,3.2365625000
5978.,3.2334375
5979.,3.2728125
5980.,3.2775
5981.,3.2678125000
5982.,3.256875
5983.,3.2634375
5984.,3.255
5985.,3.2603125
5986.,3.2584375
5987.,3.2646875
5988.,3.2415625
5989.,3.2640625
5990.,3.27375
5991.,3.2365625000
5992.,3.2825
5993.,3.2665625
5994.,3.2346875
5995.,3.2578125
5996.,3.246875
5997.,3.236875
5998.,3.258125
5999.,3.220625
6000.,3.238125
6001.,3.26375
6002.,3.2590625
6003.,3.2446875
6004.,3.245625
6005.,3.2659375
6006.,3.254375
6007.,3.2496875000
6008.,3.2578125
6009.,3.2525
6010.,3.2725
6011.,3.246875
6012.,3.2687500000
6013.,3.2731250000
6014.,3.2625
6015.,3.2703125
6016.,3.2634375
6017.,3.288125
6018.,3.2684375
6019.,3.29
6020.,3.2778125
6021.,3.25375
6022.,3.266875
6023.,3.281875
6024.,3.245
6025.,3.2418750000
6026.,3.251875
6027.,3.2528125
6028.,3.281875
6029.,3.2584375
6030.,3.2425
6031.,3.265625
6032.,3.2521875000
6033.,3.25125
6034.,3.23625
6035.,3.235625
6036.,3.2278125
6037.,3.246875
6038.,3.2490625
6039.,3.25
6040.,3.2409375000
6041.,3.2403125
6042.,3.2540625
6043.,3.2715625
6044.,3.24625
6045.,3.2821875
6046.,3.269375
6047.,3.258125
6048.,3.255625
6049.,3.2446875
6050.,3.245625
6051.,3.265625
6052.,3.260625
6053.,3.2703125
6054.,3.251875
6055.,3.2643750000
6056.,3.2671875
6057.,3.2643750000
6058.,3.2509375
6059.,3.2621875
6060.,3.251875
6061.,3.268125
6062.,3.2465625
6063.,3.260625
6064.,3.255625
6065.,3.239375
6066.,3.2434375
6067.,3.2603125
6068.,3.2528125
6069.,3.255625
6070.,3.27625
6071.,3.24625
6072.,3.2546875
6073.,3.2684375
6074.,3.2687500000
6075.,3.2575000000
6076.,3.27875
6077.,3.2446875
6078.,3.256875
6079.,3.2765625000
6080.,3.265625
6081.,3.28375
6082.,3.26375
6083.,3.2531250000
6084.,3.2796875
6085.,3.265625
6086.,3.258125
6087.,3.240625
6088.,3.240625
6089.,3.2434375
6090.,3.2484375
6091.,3.2325
6092.,3.2703125
6093.,3.263125
6094.,3.2559375
6095.,3.2578125
6096.,3.265
6097.,3.2690625
6098.,3.27
6099.,3.2703125
6100.,3.2703125
6101.,3.291875
6102.,3.2928125
6103.,3.266875
6104.,3.24375
6105.,3.25875
6106.,3.2809375000
6107.,3.2603125
6108.,3.2746875
6109.,3.2671875
6110.,3.2715625
6111.,3.2759375
6112.,3.26625
6113.,3.2415625
6114.,3.2687500000
6115.,3.26375
6116.,3.2771875
6117.,3.2634375
6118.,3.279375
6119.,3.270625
6120.,3.2800000000
6121.,3.2728125
6122.,3.2790625
6123.,3.2803125
6124.,3.2815625
6125.,3.295
6126.,3.2728125
6127.,3.2675
6128.,3.2928125
6129.,3.274375
6130.,3.2759375
6131.,3.2887500000
6132.,3.29
6133.,3.2709375
6134.,3.2790625
6135.,3.2834375000
6136.,3.2843750000
6137.,3.2575000000
6138.,3.270625
6139.,3.266875
6140.,3.2621875
6141.,3.2753125
6142.,3.280625
6143.,3.2728125
6144.,3.2609375000
6145.,3.2731250000
6146.,3.276875
6147.,3.2684375
6148.,3.26625
6149.,3.266875
6150.,3.268125
6151.,3.269375
6152.,3.2678125000
6153.,3.2771875
6154.,3.2575000000
6155.,3.2575000000
6156.,3.2734375
6157.,3.2584375
6158.,3.245625
6159.,3.2759375
6160.,3.2671875
6161.,3.279375
6162.,3.27625
6163.,3.2575000000
6164.,3.278125
6165.,3.2825
6166.,3.275
6167.,3.2753125
6168.,3.2825
6169.,3.2703125
6170.,3.29875
6171.,3.274375
6172.,3.2565625000
6173.,3.288125
6174.,3.281875
6175.,3.2725
6176.,3.27375
6177.,3.280625
6178.,3.274375
6179.,3.2775
6180.,3.268125
6181.,3.2546875
6182.,3.2765625000
6183.,3.245
6184.,3.2790625
6185.,3.2643750000
6186.,3.259375
6187.,3.250625
6188.,3.255
6189.,3.2709375
6190.,3.265625
6191.,3.2621875
6192.,3.279375
6193.,3.2956250000
6194.,3.2621875
6195.,3.2887500000
6196.,3.2590625
6197.,3.290625
6198.,3.270625
6199.,3.2846875
6200.,3.2559375
6201.,3.2756250000
6202.,3.2684375
6203.,3.260625
6204.,3.286875
6205.,3.2853125
6206.,3.2653125000
6207.,3.2640625
6208.,3.2615625
6209.,3.2734375
6210.,3.27375
6211.,3.2731250000
6212.,3.2565625000
6213.,3.2659375
6214.,3.281875
6215.,3.261875
6216.,3.265
6217.,3.2559375
6218.,3.2846875
6219.,3.27625
6220.,3.2753125
6221.,3.2859375
6222.,3.2653125000
6223.,3.24125
6224.,3.2821875
6225.,3.28125
6226.,3.2600000000
6227.,3.265625
6228.,3.25375
6229.,3.2509375
6230.,3.2790625
6231.,3.2815625
6232.,3.25625
6233.,3.28375
6234.,3.2928125
6235.,3.2865625
6236.,3.27375
6237.,3.269375
6238.,3.29
6239.,3.2671875
6240.,3.2425
6241.,3.2800000000
6242.,3.2796875
6243.,3.2753125
6244.,3.2687500000
6245.,3.293125
6246.,3.276875
6247.,3.256875
6248.,3.2865625
6249.,3.2840625
6250.,3.2684375
6251.,3.2890625
6252.,3.269375
6253.,3.2746875
6254.,3.2896875
6255.,3.2790625
6256.,3.2715625
6257.,3.2740625
6258.,3.2790625
6259.,3.2790625
6260.,3.275
6261.,3.2546875
6262.,3.2725
6263.,3.249375
6264.,3.2903125
6265.,3.2775
6266.,3.25875
6267.,3.2628125
6268.,3.2715625
6269.,3.278125
6270.,3.268125
6271.,3.268125
6272.,3.2609375000
6273.,3.291875
6274.,3.2778125
6275.,3.2734375
6276.,3.2531250000
6277.,3.2731250000
6278.,3.278125
6279.,3.274375
6280.,3.2809375000
6281.,3.2953125
6282.,3.261875
6283.,3.2840625
6284.,3.2653125000
6285.,3.278125
6286.,3.2453125000
6287.,3.2709375
6288.,3.2584375
6289.,3.265625
6290.,3.2709375
6291.,3.2853125
6292.,3.2653125000
6293.,3.286875
6294.,3.27375
6295.,3.2840625
6296.,3.2834375000
6297.,3.296875
6298.,3.2696875
6299.,3.2800000000
6300.,3.28625
6301.,3.3103125
6302.,3.305625
6303.,3.2809375000
6304.,3.30625
6305.,3.3075
6306.,3.2784375
6307.,3.285
6308.,3.2771875
6309.,3.2803125
6310.,3.2728125
6311.,3.285625
6312.,3.2834375000
6313.,3.2912500000
6314.,3.2740625
6315.,3.2878125000
6316.,3.27125
6317.,3.30375
6318.,3.2775
6319.,3.275
6320.,3.2809375000
6321.,3.2446875
6322.,3.2734375
6323.,3.2725
6324.,3.283125
6325.,3.27625
6326.,3.2653125000
6327.,3.2715625
6328.,3.2859375
6329.,3.2671875
6330.,3.2756250000
6331.,3.2784375
6332.,3.2640625
6333.,3.295
6334.,3.299375
6335.,3.279375
6336.,3.2915625
6337.,3.294375
6338.,3.2909375
6339.,3.2765625000
6340.,3.265625
6341.,3.281875
6342.,3.298125
6343.,3.261875
6344.,3.2825
6345.,3.2765625000
6346.,3.298125
6347.,3.2765625000
6348.,3.279375
6349.,3.3025
6350.,3.2756250000
6351.,3.2756250000
6352.,3.281875
6353.,3.2956250000
6354.,3.2825
6355.,3.2728125
6356.,3.2834375000
6357.,3.279375
6358.,3.2765625000
6359.,3.288125
6360.,3.29375
6361.,3.28375
6362.,3.2959375
6363.,3.2578125
6364.,3.263125
6365.,3.30125
6366.,3.281875
6367.,3.2953125
6368.,3.2887500000
6369.,3.2753125
6370.,3.293125
6371.,3.2603125
6372.,3.29
6373.,3.3146875000
6374.,3.279375
6375.,3.2771875
6376.,3.29
6377.,3.276875
6378.,3.29
6379.,3.298125
6380.,3.2834375000
6381.,3.268125
6382.,3.2821875
6383.,3.258125
6384.,3.2765625000
6385.,3.2734375
6386.,3.2675
6387.,3.27125
6388.,3.2559375
6389.,3.2421875
6390.,3.281875
6391.,3.2515625
6392.,3.2484375
6393.,3.2303125
6394.,3.2509375
6395.,3.263125
6396.,3.2453125000
6397.,3.26625
6398.,3.2565625000
6399.,3.2634375
6400.,3.260625
6401.,3.279375
6402.,3.2475
6403.,3.2734375
6404.,3.2459375
6405.,3.2765625000
6406.,3.281875
6407.,3.259375
6408.,3.266875
6409.,3.2503125
6410.,3.278125
6411.,3.27625
6412.,3.291875
6413.,3.2865625
6414.,3.270625
6415.,3.2753125
6416.,3.289375
6417.,3.2940625
6418.,3.2946875
6419.,3.294375
6420.,3.2728125
6421.,3.2731250000
6422.,3.2675
6423.,3.2653125000
6424.,3.2921875000
6425.,3.2796875
6426.,3.269375
6427.,3.2696875
6428.,3.285
6429.,3.2875
6430.,3.2875
6431.,3.2975
6432.,3.27875
6433.,3.278125
6434.,3.274375
6435.,3.2959375
6436.,3.2703125
6437.,3.2653125000
6438.,3.27625
6439.,3.276875
6440.,3.2875
6441.,3.29875
6442.,3.2840625
6443.,3.2956250000
6444.,3.3028125
6445.,3.2746875
6446.,3.3021875
6447.,3.2912500000
6448.,3.2725
6449.,3.276875
6450.,3.2896875
6451.,3.30125
6452.,3.2965625000
6453.,3.285625
6454.,3.2953125
6455.,3.2934375
6456.,3.2853125
6457.,3.2953125
6458.,3.289375
6459.,3.301875
6460.,3.3043750000
6461.,3.285625
6462.,3.2875
6463.,3.3009375
6464.,3.314375
6465.,3.2840625
6466.,3.30875
6467.,3.2865625
6468.,3.3140625
6469.,3.27625
6470.,3.303125
6471.,3.3028125
6472.,3.320625
6473.,3.2996875
6474.,3.3112500000
6475.,3.2959375
6476.,3.2890625
6477.,3.2771875
6478.,3.3075
6479.,3.2865625
6480.,3.3071875
6481.,3.2996875
6482.,3.299375
6483.,3.29625
6484.,3.3078125000
6485.,3.2934375
6486.,3.2915625
6487.,3.321875
6488.,3.3003125
6489.,3.29375
6490.,3.2990625000
6491.,3.2965625000
6492.,3.2946875
6493.,3.2853125
6494.,3.27375
6495.,3.2815625
6496.,3.3003125
6497.,3.2825
6498.,3.2890625
6499.,3.2796875
6500.,3.2821875
6501.,3.291875
6502.,3.2740625
6503.,3.2646875
6504.,3.27375
6505.,3.2634375
6506.,3.2887500000
6507.,3.2953125
6508.,3.2825
6509.,3.2646875
6510.,3.29625
6511.,3.2703125
6512.,3.2759375
6513.,3.2878125000
6514.,3.2753125
6515.,3.2684375
6516.,3.263125
6517.,3.2800000000
6518.,3.2578125
6519.,3.30375
6520.,3.28625
6521.,3.2731250000
6522.,3.2778125
6523.,3.2696875
6524.,3.3190625000
6525.,3.2934375
6526.,3.255625
6527.,3.274375
6528.,3.270625
6529.,3.2890625
6530.,3.2990625000
6531.,3.2653125000
6532.,3.2925
6533.,3.3021875
6534.,3.2912500000
6535.,3.2896875
6536.,3.29625
6537.,3.286875
6538.,3.3025
6539.,3.29625
6540.,3.2771875
6541.,3.2971875
6542.,3.2990625000
6543.,3.29625
6544.,3.31375
6545.,3.293125
6546.,3.29625
6547.,3.2634375
6548.,3.3053125
6549.,3.2896875
6550.,3.29
6551.,3.2840625
6552.,3.276875
6553.,3.2996875
6554.,3.27125
6555.,3.2521875000
6556.,3.270625
6557.,3.2884375
6558.,3.2821875
6559.,3.2703125
6560.,3.286875
6561.,3.28625
6562.,3.2709375
6563.,3.255
6564.,3.26375
6565.,3.2721875000
6566.,3.2678125000
6567.,3.2600000000
6568.,3.2696875
6569.,3.2853125
6570.,3.2459375
6571.,3.263125
6572.,3.2821875
6573.,3.2643750000
6574.,3.28125
6575.,3.2859375
6576.,3.2671875
6577.,3.293125
6578.,3.2790625
6579.,3.2759375
6580.,3.2903125
6581.,3.2815625
6582.,3.3046875
6583.,3.2875
6584.,3.2709375
6585.,3.2546875
6586.,3.2846875
6587.,3.2778125
6588.,3.2734375
6589.,3.2834375000
6590.,3.2825
6591.,3.2840625
6592.,3.293125
6593.,3.28625
6594.,3.286875
6595.,3.305
6596.,3.2890625
6597.,3.28625
6598.,3.283125
6599.,3.285625
6600.,3.296875
6601.,3.2909375
6602.,3.27875
6603.,3.30875
6604.,3.285625
6605.,3.294375
6606.,3.2865625
6607.,3.293125
6608.,3.2740625
6609.,3.2890625
6610.,3.2903125
6611.,3.2809375000
6612.,3.2956250000
6613.,3.2865625
6614.,3.3103125
6615.,3.2825
6616.,3.2815625
6617.,3.291875
6618.,3.27375
6619.,3.2975
6620.,3.2878125000
6621.,3.2809375000
6622.,3.2878125000
6623.,3.2753125
6624.,3.3015625
6625.,3.3021875
6626.,3.288125
6627.,3.2890625
6628.,3.2909375
6629.,3.2915625
6630.,3.2928125
6631.,3.2965625000
6632.,3.2940625
6633.,3.3046875
6634.,3.314375
6635.,3.2790625
6636.,3.3000000000
6637.,3.288125
6638.,3.3046875
6639.,3.2934375
6640.,3.2887500000
6641.,3.28125
6642.,3.315
6643.,3.291875
6644.,3.2896875
6645.,3.2903125
6646.,3.3003125
6647.,3.3178125
6648.,3.308125
6649.,3.3078125000
6650.,3.3028125
6651.,3.2971875
6652.,3.3043750000
6653.,3.3253125
6654.,3.308125
6655.,3.3268750000
6656.,3.2946875
6657.,3.318125
6658.,3.3334375
6659.,3.32625
6660.,3.3334375
6661.,3.3109375
6662.,3.32375
6663.,3.325
6664.,3.3156250000
6665.,3.33625
6666.,3.3068750000
6667.,3.3028125
6668.,3.328125
6669.,3.30875
6670.,3.3096875
6671.,3.29875
6672.,3.3028125
6673.,3.2978125
6674.,3.3084375
6675.,3.3003125
6676.,3.3312500000
6677.,3.2996875
6678.,3.2915625
6679.,3.31
6680.,3.3040625
6681.,3.3090625
6682.,3.30375
6683.,3.3071875
6684.,3.2971875
6685.,3.2953125
6686.,3.2890625
6687.,3.2915625
6688.,3.29
6689.,3.2996875
6690.,3.29
6691.,3.2828125
6692.,3.2778125
6693.,3.2928125
6694.,3.2834375000
6695.,3.29875
6696.,3.2965625000
6697.,3.324375
6698.,3.32375
6699.,3.314375
6700.,3.296875
6701.,3.2903125
6702.,3.2771875
6703.,3.285625
6704.,3.2975
6705.,3.2928125
6706.,3.3000000000
6707.,3.2909375
6708.,3.2965625000
6709.,3.3003125
6710.,3.305625
6711.,3.2909375
6712.,3.2865625
6713.,3.290625
6714.,3.29625
6715.,3.3171875
6716.,3.2984375
6717.,3.2865625
6718.,3.30125
6719.,3.305625
6720.,3.311875
6721.,3.2975
6722.,3.298125
6723.,3.3175
6724.,3.3112500000
6725.,3.2909375
6726.,3.3134375
6727.,3.305625
6728.,3.3040625
6729.,3.3071875
6730.,3.2915625
6731.,3.323125
6732.,3.3209375
6733.,3.29
6734.,3.3040625
6735.,3.280625
6736.,3.27875
6737.,3.293125
6738.,3.30875
6739.,3.288125
6740.,3.2709375
6741.,3.2646875
6742.,3.286875
6743.,3.2887500000
6744.,3.280625
6745.,3.2884375
6746.,3.2884375
6747.,3.2959375
6748.,3.2709375
6749.,3.283125
6750.,3.2903125
6751.,3.2684375
6752.,3.2628125
6753.,3.3134375
6754.,3.2840625
6755.,3.2821875
6756.,3.2640625
6757.,3.3015625
6758.,3.2928125
6759.,3.2703125
6760.,3.2996875
6761.,3.3112500000
6762.,3.2915625
6763.,3.2859375
6764.,3.3112500000
6765.,3.3153125
6766.,3.3021875
6767.,3.311875
6768.,3.303125
6769.,3.2996875
6770.,3.2953125
6771.,3.295
6772.,3.285
6773.,3.299375
6774.,3.2921875000
6775.,3.2825
6776.,3.2734375
6777.,3.31625
6778.,3.3040625
6779.,3.294375
6780.,3.2790625
6781.,3.3034375000
6782.,3.2790625
6783.,3.3109375
6784.,3.298125
6785.,3.3109375
6786.,3.2984375
6787.,3.3159375
6788.,3.3175
6789.,3.2909375
6790.,3.3209375
6791.,3.29625
6792.,3.3090625
6793.,3.299375
6794.,3.298125
6795.,3.3068750000
6796.,3.2878125000
6797.,3.2946875
6798.,3.296875
6799.,3.3065625
6800.,3.3125
6801.,3.275
6802.,3.283125
6803.,3.3096875
6804.,3.3075
6805.,3.3112500000
6806.,3.2853125
6807.,3.305
6808.,3.3084375
6809.,3.2996875
6810.,3.323125
6811.,3.31625
6812.,3.3165625
6813.,3.30625
6814.,3.2884375
6815.,3.3090625
6816.,3.3096875
6817.,3.3109375
6818.,3.29875
6819.,3.300625
6820.,3.3240625
6821.,3.298125
6822.,3.295
6823.,3.3025
6824.,3.3175
6825.,3.3215625
6826.,3.32875
6827.,3.310625
6828.,3.325625
6829.,3.3071875
6830.,3.34375
6831.,3.295
6832.,3.32125
6833.,3.3278125000
6834.,3.30375
6835.,3.31
6836.,3.32875
6837.,3.3009375
6838.,3.3315625
6839.,3.316875
6840.,3.325
6841.,3.30625
6842.,3.3178125
6843.,3.3328125
6844.,3.3303125000
6845.,3.3134375
6846.,3.3290625
6847.,3.325625
6848.,3.324375
6849.,3.3184375
6850.,3.3334375
6851.,3.3146875000
6852.,3.3065625
6853.,3.3312500000
6854.,3.3209375
6855.,3.3046875
6856.,3.313125
6857.,3.3246875
6858.,3.3490625
6859.,3.3175
6860.,3.323125
6861.,3.328125
6862.,3.316875
6863.,3.3278125000
6864.,3.3356250000
6865.,3.3253125
6866.,3.3321875
6867.,3.32375
6868.,3.3171875
6869.,3.3159375
6870.,3.3303125000
6871.,3.3209375
6872.,3.321875
6873.,3.323125
6874.,3.320625
6875.,3.3046875
6876.,3.316875
6877.,3.3228125
6878.,3.2971875
6879.,3.3059375
6880.,3.281875
6881.,3.2887500000
6882.,3.3115625
6883.,3.2978125
6884.,3.3034375000
6885.,3.296875
6886.,3.3071875
6887.,3.3078125000
6888.,3.3140625
6889.,3.325625
6890.,3.3309375
6891.,3.325
6892.,3.3043750000
6893.,3.2975
6894.,3.3175
6895.,3.3009375
6896.,3.324375
6897.,3.301875
6898.,3.300625
6899.,3.291875
6900.,3.3246875
6901.,3.3075
6902.,3.2903125
6903.,3.320625
6904.,3.320625
6905.,3.3115625
6906.,3.339375
6907.,3.3015625
6908.,3.3228125
6909.,3.3015625
6910.,3.325
6911.,3.2965625000
6912.,3.278125
6913.,3.298125
6914.,3.319375
6915.,3.29875
6916.,3.3046875
6917.,3.3046875
6918.,3.32375
6919.,3.3115625
6920.,3.305
6921.,3.3140625
6922.,3.2912500000
6923.,3.31625
6924.,3.3040625
6925.,3.274375
6926.,3.323125
6927.,3.32375
6928.,3.294375
6929.,3.3078125000
6930.,3.32125
6931.,3.3043750000
6932.,3.3284375
6933.,3.293125
6934.,3.3084375
6935.,3.3265625
6936.,3.32875
6937.,3.3009375
6938.,3.3068750000
6939.,3.325
6940.,3.33375
6941.,3.3340625
6942.,3.3328125
6943.,3.318125
6944.,3.3190625000
6945.,3.3175
6946.,3.341875
6947.,3.3090625
6948.,3.3403125
6949.,3.3215625
6950.,3.30625
6951.,3.3253125
6952.,3.3384375
6953.,3.3303125000
6954.,3.294375
6955.,3.309375
6956.,3.3468750000
6957.,3.340625
6958.,3.330625
6959.,3.3121875000
6960.,3.3228125
6961.,3.316875
6962.,3.3284375
6963.,3.339375
6964.,3.32625
6965.,3.3471875
6966.,3.3209375
6967.,3.3140625
6968.,3.303125
6969.,3.3090625
6970.,3.323125
6971.,3.3290625
6972.,3.3068750000
6973.,3.331875
6974.,3.3328125
6975.,3.3371875
6976.,3.3290625
6977.,3.3121875000
6978.,3.3303125000
6979.,3.3328125
6980.,3.32375
6981.,3.33
6982.,3.31375
6983.,3.3203125
6984.,3.33375
6985.,3.3196875
6986.,3.3128125
6987.,3.3240625
6988.,3.3146875000
6989.,3.3190625000
6990.,3.3475
6991.,3.3509375
6992.,3.36125
6993.,3.32625
6994.,3.3340625
6995.,3.3353125
6996.,3.339375
6997.,3.316875
6998.,3.3309375
6999.,3.349375
7000.,3.3415625
7001.,3.333125
7002.,3.320625
7003.,3.3425000000
7004.,3.3425000000
7005.,3.3421875
7006.,3.360625
7007.,3.3421875
7008.,3.3415625
7009.,3.3340625
7010.,3.3184375
7011.,3.3271875
7012.,3.3121875000
7013.,3.3159375
7014.,3.3196875
7015.,3.325
7016.,3.3365625
7017.,3.33375
7018.,3.3459375000
7019.,3.3159375
7020.,3.3359375
7021.,3.3425000000
7022.,3.3384375
7023.,3.3146875000
7024.,3.3084375
7025.,3.3240625
7026.,3.3396875
7027.,3.3153125
7028.,3.3356250000
7029.,3.335
7030.,3.3259375
7031.,3.344375
7032.,3.3340625
7033.,3.3190625000
7034.,3.33625
7035.,3.3265625
7036.,3.329375
7037.,3.3296875
7038.,3.333125
7039.,3.3190625000
7040.,3.308125
7041.,3.3234375000
7042.,3.3315625
7043.,3.328125
7044.,3.3434375000
7045.,3.318125
7046.,3.3303125000
7047.,3.3453125
7048.,3.3334375
7049.,3.3453125
7050.,3.3396875
7051.,3.3396875
7052.,3.349375
7053.,3.33625
7054.,3.3621875
7055.,3.3371875
7056.,3.34375
7057.,3.3309375
7058.,3.3375
7059.,3.3315625
7060.,3.3340625
7061.,3.3200000000
7062.,3.341875
7063.,3.3228125
7064.,3.3359375
7065.,3.3296875
7066.,3.2925
7067.,3.3321875
7068.,3.3228125
7069.,3.3484375
7070.,3.3228125
7071.,3.3396875
7072.,3.3459375000
7073.,3.33625
7074.,3.3178125
7075.,3.311875
7076.,3.32625
7077.,3.3371875
7078.,3.3459375000
7079.,3.3112500000
7080.,3.3156250000
7081.,3.3228125
7082.,3.3196875
7083.,3.3365625
7084.,3.303125
7085.,3.3153125
7086.,3.3534375
7087.,3.3203125
7088.,3.3246875
7089.,3.3028125
7090.,3.3175
7091.,3.2909375
7092.,3.3175
7093.,3.3025
7094.,3.3265625
7095.,3.3268750000
7096.,3.305
7097.,3.3465625
7098.,3.299375
7099.,3.3268750000
7100.,3.314375
7101.,3.305625
7102.,3.2990625000
7103.,3.3268750000
7104.,3.3040625
7105.,3.31375
7106.,3.3059375
7107.,3.3175
7108.,3.341875
7109.,3.3156250000
7110.,3.31875
7111.,3.3671875
7112.,3.3159375
7113.,3.32625
7114.,3.3134375
7115.,3.3246875
7116.,3.3021875
7117.,3.32125
7118.,3.3315625
7119.,3.3296875
7120.,3.3375
7121.,3.3340625
7122.,3.33375
7123.,3.3290625
7124.,3.335
7125.,3.3078125000
7126.,3.32625
7127.,3.3515625
7128.,3.33875
7129.,3.3146875000
7130.,3.3309375
7131.,3.3381250000
7132.,3.319375
7133.,3.3365625
7134.,3.34375
7135.,3.3328125
7136.,3.345
7137.,3.3515625
7138.,3.3353125
7139.,3.3509375
7140.,3.3371875
7141.,3.336875
7142.,3.330625
7143.,3.3178125
7144.,3.3278125000
7145.,3.3359375
7146.,3.3246875
7147.,3.3290625
7148.,3.3381250000
7149.,3.3540625
7150.,3.3615625000
7151.,3.3375
7152.,3.3440625
7153.,3.37
7154.,3.373125
7155.,3.3209375
7156.,3.3340625
7157.,3.3471875
7158.,3.3503125000
7159.,3.3528125
7160.,3.3559375
7161.,3.3428125
7162.,3.3528125
7163.,3.3475
7164.,3.3428125
7165.,3.3771875000
7166.,3.353125
7167.,3.36375
7168.,3.34
7169.,3.348125
7170.,3.3303125000
7171.,3.3390625000
7172.,3.3356250000
7173.,3.3403125
7174.,3.3559375
7175.,3.3525
7176.,3.361875
7177.,3.354375
7178.,3.3584375
7179.,3.365625
7180.,3.3581250000
7181.,3.376875
7182.,3.335
7183.,3.3312500000
7184.,3.3512500000
7185.,3.344375
7186.,3.3425000000
7187.,3.3553125
7188.,3.3584375
7189.,3.351875
7190.,3.3534375
7191.,3.3425000000
7192.,3.3221875
7193.,3.3521875
7194.,3.34125
7195.,3.339375
7196.,3.3521875
7197.,3.3515625
7198.,3.3596875
7199.,3.3546875000
7200.,3.3465625
7201.,3.348125
7202.,3.3453125
7203.,3.3200000000
7204.,3.3434375000
7205.,3.3278125000
7206.,3.3409375
7207.,3.335
7208.,3.3409375
7209.,3.3378125
7210.,3.3421875
7211.,3.3490625
7212.,3.3581250000
7213.,3.345625
7214.,3.3409375
7215.,3.30875
7216.,3.3396875
7217.,3.340625
7218.,3.3471875
7219.,3.320625
7220.,3.3109375
7221.,3.31875
7222.,3.351875
7223.,3.35
7224.,3.3403125
7225.,3.3296875
7226.,3.360625
7227.,3.3409375
7228.,3.351875
7229.,3.3381250000
7230.,3.323125
7231.,3.348125
7232.,3.33625
7233.,3.3371875
7234.,3.34375
7235.,3.3565625
7236.,3.328125
7237.,3.3359375
7238.,3.3312500000
7239.,3.3459375000
7240.,3.324375
7241.,3.331875
7242.,3.33375
7243.,3.323125
7244.,3.3315625
7245.,3.3312500000
7246.,3.323125
7247.,3.335
7248.,3.33375
7249.,3.3278125000
7250.,3.3325
7251.,3.3421875
7252.,3.3453125
7253.,3.3271875
7254.,3.354375
7255.,3.3334375
7256.,3.3259375
7257.,3.3034375000
7258.,3.3340625
7259.,3.3512500000
7260.,3.3375
7261.,3.329375
7262.,3.3265625
7263.,3.3328125
7264.,3.3071875
7265.,3.3271875
7266.,3.3240625
7267.,3.3396875
7268.,3.3356250000
7269.,3.3290625
7270.,3.3315625
7271.,3.3112500000
7272.,3.331875
7273.,3.3371875
7274.,3.341875
7275.,3.3421875
7276.,3.3359375
7277.,3.3275
7278.,3.311875
7279.,3.320625
7280.,3.33625
7281.,3.33875
7282.,3.3175
7283.,3.3321875
7284.,3.33375
7285.,3.3615625000
7286.,3.3453125
7287.,3.3453125
7288.,3.3503125000
7289.,3.3553125
7290.,3.368125
7291.,3.349375
7292.,3.35625
7293.,3.34375
7294.,3.3484375
7295.,3.3425000000
7296.,3.3434375000
7297.,3.360625
7298.,3.3425000000
7299.,3.3496875
7300.,3.36125
7301.,3.3465625
7302.,3.3396875
7303.,3.3621875
7304.,3.3240625
7305.,3.3628125
7306.,3.3725
7307.,3.3575
7308.,3.3428125
7309.,3.3490625
7310.,3.3640625
7311.,3.3778125
7312.,3.34625
7313.,3.3446875
7314.,3.35875
7315.,3.375
7316.,3.3453125
7317.,3.3171875
7318.,3.3446875
7319.,3.343125
7320.,3.3421875
7321.,3.3490625
7322.,3.3409375
7323.,3.3359375
7324.,3.3403125
7325.,3.3525
7326.,3.3525
7327.,3.3340625
7328.,3.3490625
7329.,3.35
7330.,3.345
7331.,3.3325
7332.,3.3309375
7333.,3.343125
7334.,3.345625
7335.,3.36
7336.,3.355
7337.,3.34
7338.,3.36625
7339.,3.3475
7340.,3.3528125
7341.,3.3409375
7342.,3.351875
7343.,3.3512500000
7344.,3.3296875
7345.,3.3671875
7346.,3.371875
7347.,3.350625
7348.,3.3865625
7349.,3.3734375
7350.,3.36875
7351.,3.3781250000
7352.,3.3715625
7353.,3.365625
7354.,3.365625
7355.,3.3671875
7356.,3.365625
7357.,3.3521875
7358.,3.360625
7359.,3.3390625000
7360.,3.334375
7361.,3.3496875
7362.,3.3528125
7363.,3.3609375
7364.,3.3590625000
7365.,3.375625
7366.,3.34625
7367.,3.3553125
7368.,3.3459375000
7369.,3.33875
7370.,3.339375
7371.,3.3546875000
7372.,3.3596875
7373.,3.36
7374.,3.3640625
7375.,3.3571875
7376.,3.3737500000
7377.,3.36125
7378.,3.3478125
7379.,3.34875
7380.,3.3409375
7381.,3.359375
7382.,3.3478125
7383.,3.3559375
7384.,3.3537500000
7385.,3.3590625000
7386.,3.3534375
7387.,3.3321875
7388.,3.343125
7389.,3.356875
7390.,3.34875
7391.,3.3581250000
7392.,3.336875
7393.,3.37875
7394.,3.3509375
7395.,3.34625
7396.,3.35875
7397.,3.34375
7398.,3.3425000000
7399.,3.356875
7400.,3.3428125
7401.,3.371875
7402.,3.330625
7403.,3.3525
7404.,3.3528125
7405.,3.3375
7406.,3.3521875
7407.,3.3725
7408.,3.3334375
7409.,3.3496875
7410.,3.35875
7411.,3.3775
7412.,3.3353125
7413.,3.349375
7414.,3.345625
7415.,3.36875
7416.,3.3537500000
7417.,3.325
7418.,3.3446875
7419.,3.3509375
7420.,3.334375
7421.,3.3303125000
7422.,3.3571875
7423.,3.344375
7424.,3.34625
7425.,3.34375
7426.,3.343125
7427.,3.35875
7428.,3.3559375
7429.,3.3728125
7430.,3.36875
7431.,3.3428125
7432.,3.3496875
7433.,3.37625
7434.,3.35875
7435.,3.3271875
7436.,3.3475
7437.,3.3471875
7438.,3.3415625
7439.,3.335
7440.,3.3271875
7441.,3.3428125
7442.,3.33
7443.,3.3156250000
7444.,3.343125
7445.,3.3171875
7446.,3.319375
7447.,3.3209375
7448.,3.3334375
7449.,3.3346875000
7450.,3.3471875
7451.,3.3184375
7452.,3.3375
7453.,3.323125
7454.,3.3284375
7455.,3.3209375
7456.,3.34
7457.,3.3371875
7458.,3.344375
7459.,3.3453125
7460.,3.3209375
7461.,3.34625
7462.,3.3200000000
7463.,3.34625
7464.,3.3409375
7465.,3.36
7466.,3.34125
7467.,3.381875
7468.,3.345
7469.,3.36125
7470.,3.3446875
7471.,3.3521875
7472.,3.3584375
7473.,3.3540625
7474.,3.3434375000
7475.,3.376875
7476.,3.3540625
7477.,3.3571875
7478.,3.3603125
7479.,3.3740625
7480.,3.3390625000
7481.,3.3381250000
7482.,3.3421875
7483.,3.365625
7484.,3.3312500000
7485.,3.3534375
7486.,3.3271875
7487.,3.345625
7488.,3.3696875
7489.,3.344375
7490.,3.336875
7491.,3.3659375000
7492.,3.3675
7493.,3.3565625
7494.,3.3484375
7495.,3.3675
7496.,3.3696875
7497.,3.355
7498.,3.34125
7499.,3.3484375
7500.,3.3628125
7501.,3.365625
7502.,3.351875
7503.,3.351875
7504.,3.3356250000
7505.,3.3740625
7506.,3.3284375
7507.,3.3553125
7508.,3.3465625
7509.,3.37625
7510.,3.3396875
7511.,3.3200000000
7512.,3.3328125
7513.,3.3468750000
7514.,3.345625
7515.,3.3140625
7516.,3.3415625
7517.,3.3375
7518.,3.3590625000
7519.,3.33375
7520.,3.33875
7521.,3.3496875
7522.,3.3356250000
7523.,3.3703125000
7524.,3.355625
7525.,3.359375
7526.,3.356875
7527.,3.3509375
7528.,3.3446875
7529.,3.3740625
7530.,3.3509375
7531.,3.355625
7532.,3.34125
7533.,3.3496875
7534.,3.3575
7535.,3.3665625
7536.,3.36375
7537.,3.3725
7538.,3.34625
7539.,3.350625
7540.,3.35
7541.,3.35875
7542.,3.385625
7543.,3.3725
7544.,3.3571875
7545.,3.336875
7546.,3.3390625000
7547.,3.3353125
7548.,3.3409375
7549.,3.3328125
7550.,3.3365625
7551.,3.35875
7552.,3.345
7553.,3.3475
7554.,3.3659375000
7555.,3.3471875
7556.,3.3453125
7557.,3.3571875
7558.,3.35
7559.,3.34625
7560.,3.363125
7561.,3.3621875
7562.,3.35875
7563.,3.3496875
7564.,3.3578125
7565.,3.3478125
7566.,3.3665625
7567.,3.3468750000
7568.,3.35
7569.,3.3378125
7570.,3.35
7571.,3.3309375
7572.,3.3471875
7573.,3.3725
7574.,3.336875
7575.,3.3415625
7576.,3.3409375
7577.,3.33375
7578.,3.333125
7579.,3.350625
7580.,3.339375
7581.,3.3475
7582.,3.3581250000
7583.,3.3475
7584.,3.35
7585.,3.3484375
7586.,3.3425000000
7587.,3.3246875
7588.,3.3503125000
7589.,3.3625000000
7590.,3.3246875
7591.,3.36625
7592.,3.34875
7593.,3.3468750000
7594.,3.34375
7595.,3.3390625000
7596.,3.3740625
7597.,3.33375
7598.,3.3381250000
7599.,3.34625
7600.,3.3221875
7601.,3.340625
7602.,3.3515625
7603.,3.3496875
7604.,3.3490625
7605.,3.37125
7606.,3.36
7607.,3.3515625
7608.,3.3515625
7609.,3.37125
7610.,3.374375
7611.,3.3468750000
7612.,3.3528125
7613.,3.330625
7614.,3.3365625
7615.,3.3259375
7616.,3.350625
7617.,3.345
7618.,3.3471875
7619.,3.33875
7620.,3.3575
7621.,3.330625
7622.,3.3478125
7623.,3.3309375
7624.,3.343125
7625.,3.3396875
7626.,3.3271875
7627.,3.3296875
7628.,3.3309375
7629.,3.3328125
7630.,3.33625
7631.,3.3334375
7632.,3.3225000000
7633.,3.3381250000
7634.,3.3553125
7635.,3.3434375000
7636.,3.34375
7637.,3.344375
7638.,3.3575
7639.,3.3312500000
7640.,3.3459375000
7641.,3.3584375
7642.,3.3640625
7643.,3.3609375
7644.,3.343125
7645.,3.34875
7646.,3.371875
7647.,3.3703125000
7648.,3.3540625
7649.,3.3512500000
7650.,3.3546875000
7651.,3.345
7652.,3.3275
7653.,3.36875
7654.,3.3628125
7655.,3.3328125
7656.,3.3596875
7657.,3.3646875
7658.,3.3671875
7659.,3.3778125
7660.,3.3740625
7661.,3.3771875000
7662.,3.3546875000
7663.,3.3665625
7664.,3.3828125
7665.,3.368125
7666.,3.3784375
7667.,3.3884375
7668.,3.3653125
7669.,3.3553125
7670.,3.3459375000
7671.,3.355625
7672.,3.359375
7673.,3.3378125
7674.,3.3478125
7675.,3.3578125
7676.,3.3565625
7677.,3.36875
7678.,3.3403125
7679.,3.3653125
7680.,3.375625
7681.,3.3271875
7682.,3.3525
7683.,3.3728125
7684.,3.373125
7685.,3.37125
7686.,3.36625
7687.,3.373125
7688.,3.3565625
7689.,3.379375
7690.,3.36875
7691.,3.3196875
7692.,3.376875
7693.,3.351875
7694.,3.3765625
7695.,3.3590625000
7696.,3.370625
7697.,3.355
7698.,3.381875
7699.,3.3734375
7700.,3.345
7701.,3.38875
7702.,3.3709375
7703.,3.4090625
7704.,3.3453125
7705.,3.3581250000
7706.,3.3990625
7707.,3.36875
7708.,3.349375
7709.,3.3668750000
7710.,3.38375
7711.,3.3821875
7712.,3.365
7713.,3.3878125
7714.,3.383125
7715.,3.3784375
7716.,3.3671875
7717.,3.355625
7718.,3.3671875
7719.,3.36125
7720.,3.3546875000
7721.,3.363125
7722.,3.365625
7723.,3.368125
7724.,3.3668750000
7725.,3.3665625
7726.,3.3678125
7727.,3.3846875
7728.,3.375625
7729.,3.3875
7730.,3.3693750000
7731.,3.3571875
7732.,3.3834375
7733.,3.365625
7734.,3.36875
7735.,3.3759375
7736.,3.351875
7737.,3.368125
7738.,3.355625
7739.,3.3675
7740.,3.3625000000
7741.,3.38625
7742.,3.3865625
7743.,3.3559375
7744.,3.349375
7745.,3.3859375000
7746.,3.3684375
7747.,3.36625
7748.,3.34875
7749.,3.3478125
7750.,3.355625
7751.,3.3678125
7752.,3.3390625000
7753.,3.3596875
7754.,3.3709375
7755.,3.3356250000
7756.,3.339375
7757.,3.3709375
7758.,3.354375
7759.,3.3365625
7760.,3.344375
7761.,3.3515625
7762.,3.350625
7763.,3.345
7764.,3.388125
7765.,3.36875
7766.,3.3465625
7767.,3.3728125
7768.,3.3646875
7769.,3.3609375
7770.,3.3746875000
7771.,3.3396875
7772.,3.359375
7773.,3.3771875000
7774.,3.3771875000
7775.,3.359375
7776.,3.3546875000
7777.,3.3584375
7778.,3.3446875
7779.,3.37875
7780.,3.3690625
7781.,3.360625
7782.,3.374375
7783.,3.3521875
7784.,3.340625
7785.,3.34375
7786.,3.325625
7787.,3.3790625
7788.,3.3759375
7789.,3.335
7790.,3.351875
7791.,3.3484375
7792.,3.3521875
7793.,3.3346875000
7794.,3.36125
7795.,3.3403125
7796.,3.33625
7797.,3.3521875
7798.,3.3709375
7799.,3.3537500000
7800.,3.3528125
7801.,3.3503125000
7802.,3.34125
7803.,3.359375
7804.,3.3546875000
7805.,3.3496875
7806.,3.355
7807.,3.3471875
7808.,3.3625000000
7809.,3.360625
7810.,3.3575
7811.,3.3496875
7812.,3.3581250000
7813.,3.3559375
7814.,3.355
7815.,3.3490625
7816.,3.3603125
7817.,3.340625
7818.,3.3484375
7819.,3.340625
7820.,3.3821875
7821.,3.36
7822.,3.3634375
7823.,3.3646875
7824.,3.3746875000
7825.,3.395625
7826.,3.39125
7827.,3.4071875
7828.,3.365625
7829.,3.373125
7830.,3.39625
7831.,3.3796875
7832.,3.379375
7833.,3.379375
7834.,3.37
7835.,3.3850000000
7836.,3.3865625
7837.,3.3865625
7838.,3.391875
7839.,3.370625
7840.,3.38625
7841.,3.3834375
7842.,3.3934375
7843.,3.3850000000
7844.,3.3553125
7845.,3.381875
7846.,3.3878125
7847.,3.355625
7848.,3.3615625000
7849.,3.3884375
7850.,3.3809375
7851.,3.3934375
7852.,3.38875
7853.,3.3859375000
7854.,3.390625
7855.,3.3834375
7856.,3.3853125
7857.,3.3796875
7858.,3.3971875000
7859.,3.388125
7860.,3.3803125
7861.,3.3796875
7862.,3.388125
7863.,3.40875
7864.,3.384375
7865.,3.379375
7866.,3.3940625
7867.,3.408125
7868.,3.3765625
7869.,3.3834375
7870.,3.3753125
7871.,3.3778125
7872.,3.3903125000
7873.,3.3790625
7874.,3.3746875000
7875.,3.38
7876.,3.3775
7877.,3.3890625
7878.,3.421875
7879.,3.3878125
7880.,3.374375
7881.,3.3996875
7882.,3.3915625
7883.,3.3821875
7884.,3.3828125
7885.,3.4121875
7886.,3.379375
7887.,3.380625
7888.,3.3959375
7889.,3.38125
7890.,3.38125
7891.,3.3715625
7892.,3.3884375
7893.,3.370625
7894.,3.364375
7895.,3.3765625
7896.,3.3893750000
7897.,3.3834375
7898.,3.36875
7899.,3.3790625
7900.,3.3753125
7901.,3.3903125000
7902.,3.3928125000
7903.,3.37875
7904.,3.3468750000
7905.,3.3668750000
7906.,3.3581250000
7907.,3.3668750000
7908.,3.33625
7909.,3.3596875
7910.,3.361875
7911.,3.3665625
7912.,3.365625
7913.,3.3834375
7914.,3.359375
7915.,3.3690625
7916.,3.3475
7917.,3.3425000000
7918.,3.3696875
7919.,3.34875
7920.,3.3668750000
7921.,3.3440625
7922.,3.364375
7923.,3.3537500000
7924.,3.3415625
7925.,3.34375
7926.,3.3715625
7927.,3.3565625
7928.,3.3684375
7929.,3.3290625
7930.,3.3775
7931.,3.3753125
7932.,3.3846875
7933.,3.3737500000
7934.,3.3746875000
7935.,3.356875
7936.,3.3575
7937.,3.3571875
7938.,3.3659375000
7939.,3.3603125
7940.,3.3528125
7941.,3.3515625
7942.,3.360625
7943.,3.3581250000
7944.,3.3671875
7945.,3.3865625
7946.,3.3678125
7947.,3.353125
7948.,3.3675
7949.,3.3684375
7950.,3.35875
7951.,3.356875
7952.,3.3884375
7953.,3.3737500000
7954.,3.37
7955.,3.4025
7956.,3.3634375
7957.,3.36875
7958.,3.35
7959.,3.38125
7960.,3.3940625
7961.,3.3525
7962.,3.368125
7963.,3.3521875
7964.,3.3784375
7965.,3.355
7966.,3.353125
7967.,3.3496875
7968.,3.3715625
7969.,3.3581250000
7970.,3.351875
7971.,3.3621875
7972.,3.3653125
7973.,3.38375
7974.,3.3603125
7975.,3.370625
7976.,3.3325
7977.,3.3571875
7978.,3.3515625
7979.,3.3534375
7980.,3.354375
7981.,3.3728125
7982.,3.36375
7983.,3.36
7984.,3.3553125
7985.,3.3665625
7986.,3.37125
7987.,3.368125
7988.,3.3640625
7989.,3.3384375
7990.,3.350625
7991.,3.381875
7992.,3.384375
7993.,3.35875
7994.,3.364375
7995.,3.3668750000
7996.,3.365
7997.,3.3746875000
7998.,3.375
7999.,3.355625
8000.,3.3453125
8001.,3.35
8002.,3.3659375000
8003.,3.3753125
8004.,3.3425000000
8005.,3.3678125
8006.,3.3581250000
8007.,3.36
8008.,3.3725
8009.,3.36
8010.,3.3740625
8011.,3.3668750000
8012.,3.3565625
8013.,3.3512500000
8014.,3.3728125
8015.,3.3796875
8016.,3.37875
8017.,3.3653125
8018.,3.371875
8019.,3.393125
8020.,3.363125
8021.,3.3937500000
8022.,3.3703125000
8023.,3.356875
8024.,3.350625
8025.,3.379375
8026.,3.38
8027.,3.350625
8028.,3.3553125
8029.,3.3703125000
8030.,3.39
8031.,3.3759375
8032.,3.3765625
8033.,3.38375
8034.,3.3690625
8035.,3.3646875
8036.,3.3603125
8037.,3.3809375
8038.,3.373125
8039.,3.3721875
8040.,3.3759375
8041.,3.3693750000
8042.,3.3778125
8043.,3.3971875000
8044.,3.39125
8045.,3.3690625
8046.,3.3753125
8047.,3.3725
8048.,3.3703125000
8049.,3.3875
8050.,3.3815625000
8051.,3.4178125
8052.,3.38125
8053.,3.3803125
8054.,3.3903125000
8055.,3.3959375
8056.,3.4178125
8057.,3.39625
8058.,3.38625
8059.,3.3815625000
8060.,3.3821875
8061.,3.3940625
8062.,3.386875
8063.,3.3965625
8064.,3.3921875
8065.,3.370625
8066.,3.3715625
8067.,3.4021875
8068.,3.4065625
8069.,3.4146875
8070.,3.37
8071.,3.36125
8072.,3.385625
8073.,3.386875
8074.,3.4
8075.,3.374375
8076.,3.3678125
8077.,3.3871875
8078.,3.3596875
8079.,3.3884375
8080.,3.371875
8081.,3.3871875
8082.,3.391875
8083.,3.355
8084.,3.3665625
8085.,3.3690625
8086.,3.3734375
8087.,3.38625
8088.,3.401875
8089.,3.3640625
8090.,3.3850000000
8091.,3.384375
8092.,3.3771875000
8093.,3.3634375
8094.,3.375625
8095.,3.381875
8096.,3.37625
8097.,3.3671875
8098.,3.3659375000
8099.,3.3721875
8100.,3.356875
8101.,3.3846875
8102.,3.373125
8103.,3.3753125
8104.,3.3453125
8105.,3.3621875
8106.,3.3628125
8107.,3.3790625
8108.,3.38
8109.,3.37625
8110.,3.3884375
8111.,3.3928125000
8112.,3.4050000000
8113.,3.3821875
8114.,3.40125
8115.,3.3865625
8116.,3.3981250000
8117.,3.3878125
8118.,3.38375
8119.,3.3740625
8120.,3.39625
8121.,3.3778125
8122.,3.368125
8123.,3.3853125
8124.,3.3871875
8125.,3.4040625
8126.,3.3565625
8127.,3.37125
8128.,3.3884375
8129.,3.3990625
8130.,3.4162500000
8131.,3.360625
8132.,3.391875
8133.,3.3934375
8134.,3.3853125
8135.,3.3834375
8136.,3.3846875
8137.,3.388125
8138.,3.3981250000
8139.,3.3840625
8140.,3.3671875
8141.,3.3621875
8142.,3.381875
8143.,3.3828125
8144.,3.38625
8145.,3.388125
8146.,3.3740625
8147.,3.37875
8148.,3.3859375000
8149.,3.3728125
8150.,3.3884375
8151.,3.3668750000
8152.,3.37625
8153.,3.3928125000
8154.,3.3815625000
8155.,3.374375
8156.,3.37125
8157.,3.3925
8158.,3.3990625
8159.,3.3765625
8160.,3.380625
8161.,3.4009375
8162.,3.4021875
8163.,3.40125
8164.,3.37875
8165.,3.3978125
8166.,3.3934375
8167.,3.395625
8168.,3.39625
8169.,3.39625
8170.,3.408125
8171.,3.4128125000
8172.,3.4071875
8173.,3.404375
8174.,3.39625
8175.,3.40125
8176.,3.3740625
8177.,3.374375
8178.,3.3809375
8179.,3.390625
8180.,3.3790625
8181.,3.37875
8182.,3.4075
8183.,3.388125
8184.,3.4028125
8185.,3.395
8186.,3.3778125
8187.,3.374375
8188.,3.37125
8189.,3.3965625
8190.,3.3946875
8191.,3.3893750000
8192.,3.406875
8193.,3.37875
8194.,3.393125
8195.,3.37875
8196.,3.3896875
8197.,3.404375
8198.,3.4
8199.,3.374375
8200.,3.3859375000
8201.,3.3759375
8202.,3.3796875
8203.,3.386875
8204.,3.3996875
8205.,3.38875
8206.,3.4040625
8207.,3.3937500000
8208.,3.4065625
8209.,3.4
8210.,3.4046875
8211.,3.36875
8212.,3.395625
8213.,3.3609375
8214.,3.3893750000
8215.,3.38375
8216.,3.365625
8217.,3.385625
8218.,3.40375
8219.,3.396875
8220.,3.425625
8221.,3.376875
8222.,3.375625
8223.,3.371875
8224.,3.37625
8225.,3.37
8226.,3.39
8227.,3.413125
8228.,3.399375
8229.,3.4103125
8230.,3.3975
8231.,3.381875
8232.,3.3778125
8233.,3.3971875000
8234.,3.4071875
8235.,3.3893750000
8236.,3.404375
8237.,3.3981250000
8238.,3.3937500000
8239.,3.4234375
8240.,3.4009375
8241.,3.39625
8242.,3.41
8243.,3.4009375
8244.,3.379375
8245.,3.3965625
8246.,3.3753125
8247.,3.3853125
8248.,3.3965625
8249.,3.4040625
8250.,3.3775
8251.,3.3896875
8252.,3.386875
8253.,3.3984375
8254.,3.3903125000
8255.,3.3928125000
8256.,3.390625
8257.,3.3865625
8258.,3.410625
8259.,3.381875
8260.,3.38625
8261.,3.403125
8262.,3.360625
8263.,3.3853125
8264.,3.3893750000
8265.,3.3834375
8266.,3.4034375
8267.,3.36875
8268.,3.3859375000
8269.,3.3715625
8270.,3.3896875
8271.,3.388125
8272.,3.386875
8273.,3.3781250000
8274.,3.376875
8275.,3.3759375
8276.,3.379375
8277.,3.3909375
8278.,3.371875
8279.,3.3840625
8280.,3.36875
8281.,3.368125
8282.,3.371875
8283.,3.3821875
8284.,3.3828125
8285.,3.37
8286.,3.3778125
8287.,3.36375
8288.,3.3971875000
8289.,3.3965625
8290.,3.39
8291.,3.38
8292.,3.3690625
8293.,3.3659375000
8294.,3.3628125
8295.,3.3684375
8296.,3.4006250000
8297.,3.3753125
8298.,3.374375
8299.,3.375
8300.,3.3871875
8301.,3.3834375
8302.,3.3725
8303.,3.3628125
8304.,3.3859375000
8305.,3.394375
8306.,3.3575
8307.,3.3890625
8308.,3.3659375000
8309.,3.374375
8310.,3.3690625
8311.,3.355625
8312.,3.375625
8313.,3.3740625
8314.,3.380625
8315.,3.3634375
8316.,3.3571875
8317.,3.3471875
8318.,3.34625
8319.,3.3734375
8320.,3.363125
8321.,3.356875
8322.,3.3581250000
8323.,3.360625
8324.,3.3771875000
8325.,3.3653125
8326.,3.3778125
8327.,3.3490625
8328.,3.3753125
8329.,3.34
8330.,3.3365625
8331.,3.3809375
8332.,3.3971875000
8333.,3.3784375
8334.,3.3603125
8335.,3.351875
8336.,3.3678125
8337.,3.38125
8338.,3.3665625
8339.,3.3559375
8340.,3.38625
8341.,3.3684375
8342.,3.3546875000
8343.,3.3846875
8344.,3.3703125000
8345.,3.3475
8346.,3.384375
8347.,3.3696875
8348.,3.383125
8349.,3.3771875000
8350.,3.3628125
8351.,3.3928125000
8352.,3.3440625
8353.,3.3753125
8354.,3.361875
8355.,3.36
8356.,3.36375
8357.,3.3990625
8358.,3.4
8359.,3.3815625000
8360.,3.3796875
8361.,3.3909375
8362.,3.3834375
8363.,3.38
8364.,3.3781250000
8365.,3.36125
8366.,3.383125
8367.,3.359375
8368.,3.4009375
8369.,3.373125
8370.,3.390625
8371.,3.381875
8372.,3.3634375
8373.,3.3934375
8374.,3.381875
8375.,3.374375
8376.,3.3521875
8377.,3.3840625
8378.,3.3890625
8379.,3.3740625
8380.,3.361875
8381.,3.37125
8382.,3.3981250000
8383.,3.4190625
8384.,3.3878125
8385.,3.415625
8386.,3.3825000000
8387.,3.3971875000
8388.,3.4009375
8389.,3.395
8390.,3.3828125
8391.,3.3671875
8392.,3.3796875
8393.,3.37125
8394.,3.386875
8395.,3.4
8396.,3.4028125
8397.,3.3921875
8398.,3.3875
8399.,3.3940625
8400.,3.3853125
8401.,3.3590625000
8402.,3.3840625
8403.,3.3981250000
8404.,3.394375
8405.,3.3990625
8406.,3.39125
8407.,3.383125
8408.,3.4065625
8409.,3.401875
8410.,3.371875
8411.,3.3634375
8412.,3.3909375
8413.,3.3990625
8414.,3.3915625
8415.,3.3721875
8416.,3.38
8417.,3.4025
8418.,3.3759375
8419.,3.3893750000
8420.,3.38125
8421.,3.4096875
8422.,3.375
8423.,3.3971875000
8424.,3.4065625
8425.,3.37875
8426.,3.4006250000
8427.,3.3937500000
8428.,3.4134375
8429.,3.38875
8430.,3.37
8431.,3.4015625000
8432.,3.385625
8433.,3.4059375000
8434.,3.380625
8435.,3.370625
8436.,3.36125
8437.,3.385625
8438.,3.37625
8439.,3.3809375
8440.,3.3903125000
8441.,3.3640625
8442.,3.4190625
8443.,3.3853125
8444.,3.3628125
8445.,3.3765625
8446.,3.3734375
8447.,3.3790625
8448.,3.373125
8449.,3.3846875
8450.,3.3809375
8451.,3.3875
8452.,3.37875
8453.,3.3896875
8454.,3.3803125
8455.,3.375
8456.,3.3578125
8457.,3.3846875
8458.,3.36375
8459.,3.3959375
8460.,3.37
8461.,3.3828125
8462.,3.38
8463.,3.3959375
8464.,3.394375
8465.,3.356875
8466.,3.36125
8467.,3.390625
8468.,3.3975
8469.,3.3703125000
8470.,3.3665625
8471.,3.3746875000
8472.,3.3725
8473.,3.388125
8474.,3.390625
8475.,3.3875
8476.,3.3871875
8477.,3.3659375000
8478.,3.3840625
8479.,3.3809375
8480.,3.3581250000
8481.,3.3496875
8482.,3.370625
8483.,3.3890625
8484.,3.3646875
8485.,3.388125
8486.,3.3653125
8487.,3.4009375
8488.,3.393125
8489.,3.3828125
8490.,3.368125
8491.,3.39
8492.,3.3640625
8493.,3.3775
8494.,3.3578125
8495.,3.3721875
8496.,3.36375
8497.,3.375
8498.,3.3515625
8499.,3.375625
8500.,3.375625
8501.,3.3803125
8502.,3.371875
8503.,3.3715625
8504.,3.3678125
8505.,3.3871875
8506.,3.3803125
8507.,3.3771875000
8508.,3.3609375
8509.,3.3971875000
8510.,3.3921875
8511.,3.37125
8512.,3.3721875
8513.,3.371875
8514.,3.374375
8515.,3.3690625
8516.,3.3871875
8517.,3.3746875000
8518.,3.3878125
8519.,3.3975
8520.,3.3578125
8521.,3.3850000000
8522.,3.39625
8523.,3.38
8524.,3.3884375
8525.,3.3740625
8526.,3.4009375
8527.,3.3778125
8528.,3.3850000000
8529.,3.3765625
8530.,3.373125
8531.,3.3871875
8532.,3.3921875
8533.,3.3496875
8534.,3.3953125
8535.,3.3953125
8536.,3.39
8537.,3.379375
8538.,3.4003125
8539.,3.38
8540.,3.4093750000
8541.,3.3984375
8542.,3.386875
8543.,3.3878125
8544.,3.3975
8545.,3.4003125
8546.,3.3781250000
8547.,3.3796875
8548.,3.380625
8549.,3.393125
8550.,3.391875
8551.,3.4003125
8552.,3.4050000000
8553.,3.3921875
8554.,3.36625
8555.,3.390625
8556.,3.393125
8557.,3.4050000000
8558.,3.3975
8559.,3.3893750000
8560.,3.3737500000
8561.,3.3903125000
8562.,3.3803125
8563.,3.39125
8564.,3.3953125
8565.,3.3984375
8566.,3.383125
8567.,3.3953125
8568.,3.3871875
8569.,3.3809375
8570.,3.396875
8571.,3.391875
8572.,3.3790625
8573.,3.3781250000
8574.,3.4034375
8575.,3.3825000000
8576.,3.3821875
8577.,3.3765625
8578.,3.3846875
8579.,3.381875
8580.,3.423125
8581.,3.3975
8582.,3.3996875
8583.,3.4196875
8584.,3.3903125000
8585.,3.3909375
8586.,3.3946875
8587.,3.3981250000
8588.,3.399375
8589.,3.38125
8590.,3.4075
8591.,3.3978125
8592.,3.4021875
8593.,3.3896875
8594.,3.3925
8595.,3.4165625
8596.,3.4078125
8597.,3.38375
8598.,3.371875
8599.,3.403125
8600.,3.38
8601.,3.3840625
8602.,3.3628125
8603.,3.3953125
8604.,3.3953125
8605.,3.3690625
8606.,3.3821875
8607.,3.3765625
8608.,3.3937500000
8609.,3.3921875
8610.,3.3781250000
8611.,3.3581250000
8612.,3.3715625
8613.,3.388125
8614.,3.3981250000
8615.,3.350625
8616.,3.404375
8617.,3.3403125
8618.,3.376875
8619.,3.3775
8620.,3.3737500000
8621.,3.381875
8622.,3.375625
8623.,3.3525
8624.,3.3671875
8625.,3.3534375
8626.,3.3796875
8627.,3.344375
8628.,3.380625
8629.,3.3778125
8630.,3.3609375
8631.,3.355625
8632.,3.368125
8633.,3.3675
8634.,3.37625
8635.,3.3753125
8636.,3.3809375
8637.,3.3753125
8638.,3.3678125
8639.,3.3703125000
8640.,3.3668750000
8641.,3.361875
8642.,3.3784375
8643.,3.39625
8644.,3.3471875
8645.,3.376875
8646.,3.3725
8647.,3.3850000000
8648.,3.390625
8649.,3.35875
8650.,3.3696875
8651.,3.363125
8652.,3.38625
8653.,3.390625
8654.,3.405625
8655.,3.3975
8656.,3.3678125
8657.,3.365
8658.,3.3815625000
8659.,3.388125
8660.,3.386875
8661.,3.3775
8662.,3.3778125
8663.,3.3771875000
8664.,3.384375
8665.,3.385625
8666.,3.379375
8667.,3.3771875000
8668.,3.3559375
8669.,3.3875
8670.,3.3671875
8671.,3.3571875
8672.,3.363125
8673.,3.3675
8674.,3.375625
8675.,3.339375
8676.,3.3621875
8677.,3.3721875
8678.,3.3771875000
8679.,3.37125
8680.,3.3737500000
8681.,3.37125
8682.,3.3759375
8683.,3.3821875
8684.,3.365
8685.,3.373125
8686.,3.3721875
8687.,3.3809375
8688.,3.37625
8689.,3.39125
8690.,3.4109375
8691.,3.375625
8692.,3.3609375
8693.,3.3753125
8694.,3.3796875
8695.,3.38875
8696.,3.3753125
8697.,3.36625
8698.,3.3928125000
8699.,3.3721875
8700.,3.3609375
8701.,3.3728125
8702.,3.3775
8703.,3.384375
8704.,3.3990625
8705.,3.375
8706.,3.3859375000
8707.,3.4165625
8708.,3.3996875
8709.,3.3965625
8710.,3.38625
8711.,3.39
8712.,3.3978125
8713.,3.3825000000
8714.,3.4215625000
8715.,3.3859375000
8716.,3.3990625
8717.,3.3890625
8718.,3.375625
8719.,3.37
8720.,3.383125
8721.,3.4050000000
8722.,3.3915625
8723.,3.3784375
8724.,3.3925
8725.,3.3559375
8726.,3.3821875
8727.,3.3996875
8728.,3.371875
8729.,3.391875
8730.,3.3846875
8731.,3.3965625
8732.,3.3815625000
8733.,3.3765625
8734.,3.4
8735.,3.3803125
8736.,3.410625
8737.,3.4003125
8738.,3.379375
8739.,3.3859375000
8740.,3.384375
8741.,3.3990625
8742.,3.40375
8743.,3.374375
8744.,3.3878125
8745.,3.42
8746.,3.3978125
8747.,3.388125
8748.,3.395
8749.,3.4125
8750.,3.403125
8751.,3.379375
8752.,3.393125
8753.,3.406875
8754.,3.416875
8755.,3.386875
8756.,3.4096875
8757.,3.3934375
8758.,3.410625
8759.,3.3937500000
8760.,3.379375
8761.,3.40375
8762.,3.3981250000
8763.,3.3971875000
8764.,3.3928125000
8765.,3.404375
8766.,3.4071875
8767.,3.4075
8768.,3.3828125
8769.,3.3990625
8770.,3.4
8771.,3.3965625
8772.,3.4006250000
8773.,3.405625
8774.,3.393125
8775.,3.3981250000
8776.,3.3953125
8777.,3.38625
8778.,3.38
8779.,3.38
8780.,3.3859375000
8781.,3.371875
8782.,3.383125
8783.,3.405625
8784.,3.3893750000
8785.,3.4003125
8786.,3.3796875
8787.,3.37625
8788.,3.403125
8789.,3.3934375
8790.,3.37625
8791.,3.38875
8792.,3.415625
8793.,3.3965625
8794.,3.3803125
8795.,3.371875
8796.,3.3884375
8797.,3.359375
8798.,3.393125
8799.,3.3693750000
8800.,3.394375
8801.,3.38875
8802.,3.381875
8803.,3.3634375
8804.,3.395625
8805.,3.37125
8806.,3.37625
8807.,3.3665625
8808.,3.3740625
8809.,3.375625
8810.,3.37625
8811.,3.3775
8812.,3.37875
8813.,3.3521875
8814.,3.37875
8815.,3.3859375000
8816.,3.3884375
8817.,3.3646875
8818.,3.3875
8819.,3.406875
8820.,3.3709375
8821.,3.38375
8822.,3.37
8823.,3.3565625
8824.,3.36625
8825.,3.3728125
8826.,3.3821875
8827.,3.3737500000
8828.,3.355
8829.,3.3684375
8830.,3.3846875
8831.,3.3890625
8832.,3.381875
8833.,3.3509375
8834.,3.4153125
8835.,3.3737500000
8836.,3.3978125
8837.,3.385625
8838.,3.385625
8839.,3.380625
8840.,3.3753125
8841.,3.3875
8842.,3.3990625
8843.,3.3775
8844.,3.3671875
8845.,3.355
8846.,3.3715625
8847.,3.3821875
8848.,3.3778125
8849.,3.3678125
8850.,3.3734375
8851.,3.349375
8852.,3.3996875
8853.,3.36875
8854.,3.3915625
8855.,3.379375
8856.,3.3921875
8857.,3.38375
8858.,3.3765625
8859.,3.39125
8860.,3.3903125000
8861.,3.4025
8862.,3.3781250000
8863.,3.368125
8864.,3.376875
8865.,3.3871875
8866.,3.3578125
8867.,3.394375
8868.,3.3737500000
8869.,3.36875
8870.,3.3565625
8871.,3.3803125
8872.,3.3875
8873.,3.394375
8874.,3.4103125
8875.,3.3803125
8876.,3.38375
8877.,3.4153125
8878.,3.4090625
8879.,3.384375
8880.,3.3709375
8881.,3.41
8882.,3.396875
8883.,3.3946875
8884.,3.370625
8885.,3.3959375
8886.,3.436875
8887.,3.37
8888.,3.3915625
8889.,3.3746875000
8890.,3.4050000000
8891.,3.37625
8892.,3.3896875
8893.,3.3890625
8894.,3.4034375
8895.,3.3971875000
8896.,3.3946875
8897.,3.3821875
8898.,3.405625
8899.,3.3978125
8900.,3.3671875
8901.,3.390625
8902.,3.426875
8903.,3.415625
8904.,3.3965625
8905.,3.4153125
8906.,3.4071875
8907.,3.4078125
8908.,3.4240625000
8909.,3.3825000000
8910.,3.401875
8911.,3.3875
8912.,3.39875
8913.,3.4084375000
8914.,3.4009375
8915.,3.4075
8916.,3.39625
8917.,3.399375
8918.,3.4209375
8919.,3.388125
8920.,3.42
8921.,3.4053125
8922.,3.4015625000
8923.,3.3809375
8924.,3.380625
8925.,3.4028125
8926.,3.4084375000
8927.,3.383125
8928.,3.4065625
8929.,3.42125
8930.,3.38125
8931.,3.3978125
8932.,3.415
8933.,3.4465625
8934.,3.4284375000
8935.,3.4196875
8936.,3.425625
8937.,3.4021875
8938.,3.42125
8939.,3.413125
8940.,3.4146875
8941.,3.4125
8942.,3.4275
8943.,3.4228125
8944.,3.411875
8945.,3.4346875
8946.,3.4046875
8947.,3.40625
8948.,3.4259375
8949.,3.4165625
8950.,3.403125
8951.,3.4003125
8952.,3.4093750000
8953.,3.3978125
8954.,3.39875
8955.,3.3975
8956.,3.4115625
8957.,3.408125
8958.,3.4121875
8959.,3.42625
8960.,3.41
8961.,3.426875
8962.,3.4153125
8963.,3.4203125
8964.,3.4265625
8965.,3.3853125
8966.,3.41125
8967.,3.3846875
8968.,3.40625
8969.,3.3850000000
8970.,3.3771875000
8971.,3.40375
8972.,3.3846875
8973.,3.37125
8974.,3.386875
8975.,3.3925
8976.,3.3896875
8977.,3.3796875
8978.,3.401875
8979.,3.3784375
8980.,3.40125
8981.,3.401875
8982.,3.391875
8983.,3.4009375
8984.,3.4265625
8985.,3.415
8986.,3.426875
8987.,3.3853125
8988.,3.4034375
8989.,3.4034375
8990.,3.3965625
8991.,3.4096875
8992.,3.4325
8993.,3.3928125000
8994.,3.4093750000
8995.,3.3875
8996.,3.40125
8997.,3.403125
8998.,3.411875
8999.,3.4250000000
9000.,3.38625
9001.,3.4137500000
9002.,3.4134375
9003.,3.405625
9004.,3.405625
9005.,3.4028125
9006.,3.40125
9007.,3.4284375000
9008.,3.401875
9009.,3.4215625000
9010.,3.406875
9011.,3.4053125
9012.,3.3921875
9013.,3.4209375
9014.,3.3668750000
9015.,3.4109375
9016.,3.4165625
9017.,3.393125
9018.,3.4253125
9019.,3.4021875
9020.,3.399375
9021.,3.3915625
9022.,3.395625
9023.,3.3853125
9024.,3.3959375
9025.,3.41125
9026.,3.4109375
9027.,3.3853125
9028.,3.416875
9029.,3.3884375
9030.,3.3978125
9031.,3.4271875
9032.,3.4221875
9033.,3.396875
9034.,3.4075
9035.,3.4206250000
9036.,3.41875
9037.,3.426875
9038.,3.425625
9039.,3.425625
9040.,3.4075
9041.,3.4125
9042.,3.41125
9043.,3.43
9044.,3.41
9045.,3.426875
9046.,3.4234375
9047.,3.4190625
9048.,3.4284375000
9049.,3.4250000000
9050.,3.4446875
9051.,3.415
9052.,3.424375
9053.,3.4565625
9054.,3.4184375
9055.,3.4371875000
9056.,3.4234375
9057.,3.4178125
9058.,3.4596875000
9059.,3.433125
9060.,3.4465625
9061.,3.4296875
9062.,3.4446875
9063.,3.4137500000
9064.,3.433125
9065.,3.4246875
9066.,3.444375
9067.,3.4346875
9068.,3.4050000000
9069.,3.4296875
9070.,3.4215625000
9071.,3.4293750000
9072.,3.4034375
9073.,3.4115625
9074.,3.4365625
9075.,3.43
9076.,3.4409375
9077.,3.4253125
9078.,3.4240625000
9079.,3.4553125000
9080.,3.4153125
9081.,3.4162500000
9082.,3.4178125
9083.,3.44
9084.,3.4184375
9085.,3.419375
9086.,3.416875
9087.,3.4284375000
9088.,3.4184375
9089.,3.41125
9090.,3.4215625000
9091.,3.41875
9092.,3.415
9093.,3.4171875000
9094.,3.438125
9095.,3.40875
9096.,3.4093750000
9097.,3.39875
9098.,3.416875
9099.,3.4071875
9100.,3.4103125
9101.,3.4059375000
9102.,3.436875
9103.,3.4296875
9104.,3.435
9105.,3.4250000000
9106.,3.418125
9107.,3.4396875000
9108.,3.4284375000
9109.,3.4371875000
9110.,3.4450000000
9111.,3.45125
9112.,3.439375
9113.,3.435625
9114.,3.3981250000
9115.,3.3975
9116.,3.4328125000
9117.,3.4318750000
9118.,3.4334375
9119.,3.4228125
9120.,3.423125
9121.,3.4415625
9122.,3.4159375
9123.,3.415
9124.,3.4171875000
9125.,3.4265625
9126.,3.4206250000
9127.,3.4121875
9128.,3.4046875
9129.,3.399375
9130.,3.41125
9131.,3.40125
9132.,3.4065625
9133.,3.4034375
9134.,3.4140625
9135.,3.4278125
9136.,3.435625
9137.,3.435
9138.,3.4203125
9139.,3.42875
9140.,3.4346875
9141.,3.4175
9142.,3.4240625000
9143.,3.4390625
9144.,3.4206250000
9145.,3.4328125000
9146.,3.4250000000
9147.,3.45
9148.,3.4137500000
9149.,3.403125
9150.,3.4215625000
9151.,3.4365625
9152.,3.4293750000
9153.,3.415
9154.,3.4034375
9155.,3.4259375
9156.,3.42875
9157.,3.414375
9158.,3.4253125
9159.,3.4206250000
9160.,3.4246875
9161.,3.4159375
9162.,3.408125
9163.,3.4078125
9164.,3.410625
9165.,3.4075
9166.,3.4021875
9167.,3.4290625
9168.,3.4209375
9169.,3.411875
9170.,3.3815625000
9171.,3.42
9172.,3.435625
9173.,3.4053125
9174.,3.430625
9175.,3.414375
9176.,3.4196875
9177.,3.4153125
9178.,3.4190625
9179.,3.4021875
9180.,3.439375
9181.,3.4346875
9182.,3.3871875
9183.,3.4028125
9184.,3.3871875
9185.,3.4318750000
9186.,3.4290625
9187.,3.40375
9188.,3.4109375
9189.,3.4090625
9190.,3.403125
9191.,3.4115625
9192.,3.430625
9193.,3.4309375
9194.,3.3953125
9195.,3.3896875
9196.,3.3796875
9197.,3.371875
9198.,3.3709375
9199.,3.4059375000
9200.,3.4025
9201.,3.390625
9202.,3.403125
9203.,3.419375
9204.,3.4050000000
9205.,3.413125
9206.,3.3996875
9207.,3.4159375
9208.,3.4309375
9209.,3.4171875000
9210.,3.4050000000
9211.,3.4353125
9212.,3.4196875
9213.,3.4228125
9214.,3.42625
9215.,3.4175
9216.,3.42625
9217.,3.4078125
9218.,3.4053125
9219.,3.4228125
9220.,3.42625
9221.,3.436875
9222.,3.419375
9223.,3.4340625
9224.,3.4365625
9225.,3.42875
9226.,3.4250000000
9227.,3.42875
9228.,3.4365625
9229.,3.423125
9230.,3.4159375
9231.,3.4403125
9232.,3.443125
9233.,3.406875
9234.,3.4184375
9235.,3.40875
9236.,3.4509375
9237.,3.4159375
9238.,3.416875
9239.,3.4246875
9240.,3.4328125000
9241.,3.458125
9242.,3.4221875
9243.,3.4140625
9244.,3.436875
9245.,3.4428125
9246.,3.4296875
9247.,3.410625
9248.,3.4275
9249.,3.4403125
9250.,3.4425
9251.,3.45125
9252.,3.4434375
9253.,3.45
9254.,3.42125
9255.,3.415
9256.,3.44
9257.,3.43375
9258.,3.43875
9259.,3.4509375
9260.,3.44
9261.,3.4625
9262.,3.425625
9263.,3.4553125000
9264.,3.4109375
9265.,3.4318750000
9266.,3.435625
9267.,3.43875
9268.,3.4546875
9269.,3.4265625
9270.,3.4425
9271.,3.4359375
9272.,3.4450000000
9273.,3.4434375
9274.,3.44625
9275.,3.433125
9276.,3.44625
9277.,3.44375
9278.,3.468125
9279.,3.4515625
9280.,3.4318750000
9281.,3.435
9282.,3.4428125
9283.,3.4765625
9284.,3.4478125
9285.,3.4565625
9286.,3.4578125
9287.,3.4528125000
9288.,3.4434375
9289.,3.4515625
9290.,3.4665625
9291.,3.4787500000
9292.,3.46125
9293.,3.435
9294.,3.4290625
9295.,3.449375
9296.,3.4359375
9297.,3.43375
9298.,3.4528125000
9299.,3.4234375
9300.,3.4521875
9301.,3.450625
9302.,3.4121875
9303.,3.4459375
9304.,3.4496875
9305.,3.4159375
9306.,3.45375
9307.,3.4246875
9308.,3.458125
9309.,3.44
9310.,3.418125
9311.,3.42875
9312.,3.4318750000
9313.,3.4406250000
9314.,3.423125
9315.,3.4471875
9316.,3.4303125
9317.,3.4296875
9318.,3.4459375
9319.,3.414375
9320.,3.441875
9321.,3.43375
9322.,3.424375
9323.,3.42
9324.,3.4075
9325.,3.42
9326.,3.4546875
9327.,3.4171875000
9328.,3.4146875
9329.,3.424375
9330.,3.435625
9331.,3.4371875000
9332.,3.4246875
9333.,3.4225
9334.,3.423125
9335.,3.4450000000
9336.,3.413125
9337.,3.419375
9338.,3.46
9339.,3.4571875
9340.,3.4440625000
9341.,3.4221875
9342.,3.4275
9343.,3.4450000000
9344.,3.4321875
9345.,3.45
9346.,3.42375
9347.,3.4571875
9348.,3.4340625
9349.,3.43375
9350.,3.445625
9351.,3.450625
9352.,3.4678125
9353.,3.45
9354.,3.4490625
9355.,3.4690625
9356.,3.4734375
9357.,3.4346875
9358.,3.4415625
9359.,3.4503125
9360.,3.4525
9361.,3.4696875
9362.,3.4484375000
9363.,3.444375
9364.,3.438125
9365.,3.4459375
9366.,3.4428125
9367.,3.4246875
9368.,3.4315625
9369.,3.4490625
9370.,3.4646875
9371.,3.4259375
9372.,3.455625
9373.,3.4509375
9374.,3.4362500000
9375.,3.4346875
9376.,3.4540625
9377.,3.44375
9378.,3.4428125
9379.,3.4246875
9380.,3.4575
9381.,3.421875
9382.,3.42125
9383.,3.4234375
9384.,3.3921875
9385.,3.450625
9386.,3.4446875
9387.,3.414375
9388.,3.4371875000
9389.,3.42
9390.,3.4484375000
9391.,3.43125
9392.,3.4484375000
9393.,3.4515625
9394.,3.4684375000
9395.,3.4484375000
9396.,3.4515625
9397.,3.4521875
9398.,3.4434375
9399.,3.4434375
9400.,3.4659375
9401.,3.4303125
9402.,3.45125
9403.,3.446875
9404.,3.4534375
9405.,3.4406250000
9406.,3.4375
9407.,3.4325
9408.,3.4334375
9409.,3.4384375
9410.,3.4221875
9411.,3.4615625
9412.,3.4678125
9413.,3.4296875
9414.,3.4565625
9415.,3.47125
9416.,3.4453125
9417.,3.461875
9418.,3.44875
9419.,3.4453125
9420.,3.479375
9421.,3.4553125000
9422.,3.456875
9423.,3.4409375
9424.,3.45
9425.,3.430625
9426.,3.4484375000
9427.,3.456875
9428.,3.428125
9429.,3.45
9430.,3.446875
9431.,3.4365625
9432.,3.4521875
9433.,3.44125
9434.,3.4296875
9435.,3.421875
9436.,3.42
9437.,3.4565625
9438.,3.4490625
9439.,3.4321875
9440.,3.4675000000
9441.,3.4321875
9442.,3.42
9443.,3.4421875
9444.,3.448125
9445.,3.4371875000
9446.,3.4275
9447.,3.4115625
9448.,3.4225
9449.,3.45
9450.,3.455625
9451.,3.43875
9452.,3.4325
9453.,3.455
9454.,3.474375
9455.,3.459375
9456.,3.4484375000
9457.,3.4596875000
9458.,3.4631250000
9459.,3.4778125
9460.,3.4634375
9461.,3.4631250000
9462.,3.4646875
9463.,3.4565625
9464.,3.4546875
9465.,3.4428125
9466.,3.4609375
9467.,3.4615625
9468.,3.4584375
9469.,3.4425
9470.,3.4521875
9471.,3.4775
9472.,3.4934375
9473.,3.4653125
9474.,3.458125
9475.,3.4484375000
9476.,3.435625
9477.,3.4409375
9478.,3.4609375
9479.,3.4446875
9480.,3.465
9481.,3.4496875
9482.,3.445625
9483.,3.4534375
9484.,3.4525
9485.,3.435625
9486.,3.433125
9487.,3.4809375
9488.,3.4246875
9489.,3.4359375
9490.,3.4346875
9491.,3.4318750000
9492.,3.4228125
9493.,3.441875
9494.,3.4334375
9495.,3.4206250000
9496.,3.4409375
9497.,3.44375
9498.,3.4631250000
9499.,3.4296875
9500.,3.423125
9501.,3.455
9502.,3.42375
9503.,3.4678125
9504.,3.4371875000
9505.,3.44125
9506.,3.43875
9507.,3.4409375
9508.,3.4528125000
9509.,3.4534375
9510.,3.4390625
9511.,3.4353125
9512.,3.42
9513.,3.455625
9514.,3.4584375
9515.,3.4528125000
9516.,3.4659375
9517.,3.4515625
9518.,3.475625
9519.,3.4718750000
9520.,3.4553125000
9521.,3.44875
9522.,3.4525
9523.,3.4690625
9524.,3.4546875
9525.,3.4450000000
9526.,3.454375
9527.,3.44375
9528.,3.45
9529.,3.439375
9530.,3.4371875000
9531.,3.47125
9532.,3.455625
9533.,3.45375
9534.,3.44
9535.,3.453125
9536.,3.426875
9537.,3.4640625000
9538.,3.449375
9539.,3.42875
9540.,3.4421875
9541.,3.4346875
9542.,3.4606250000
9543.,3.4450000000
9544.,3.4253125
9545.,3.4478125
9546.,3.4315625
9547.,3.4446875
9548.,3.4075
9549.,3.435625
9550.,3.435
9551.,3.408125
9552.,3.410625
9553.,3.42375
9554.,3.4175
9555.,3.3996875
9556.,3.4375
9557.,3.42875
9558.,3.4353125
9559.,3.43375
9560.,3.4509375
9561.,3.4434375
9562.,3.4453125
9563.,3.4371875000
9564.,3.46125
9565.,3.4315625
9566.,3.434375
9567.,3.4318750000
9568.,3.4153125
9569.,3.4406250000
9570.,3.4409375
9571.,3.4518750000
9572.,3.4303125
9573.,3.4728125
9574.,3.44625
9575.,3.4646875
9576.,3.44
9577.,3.46375
9578.,3.4621875
9579.,3.4521875
9580.,3.4503125
9581.,3.468125
9582.,3.459375
9583.,3.4484375000
9584.,3.449375
9585.,3.4384375
9586.,3.42375
9587.,3.469375
9588.,3.443125
9589.,3.4353125
9590.,3.435
9591.,3.456875
9592.,3.4675000000
9593.,3.45375
9594.,3.449375
9595.,3.4509375
9596.,3.4631250000
9597.,3.4634375
9598.,3.4690625
9599.,3.43375
9600.,3.4518750000
9601.,3.4440625000
9602.,3.4450000000
9603.,3.449375
9604.,3.45375
9605.,3.4653125
9606.,3.4518750000
9607.,3.449375
9608.,3.4690625
9609.,3.459375
9610.,3.4721875
9611.,3.4546875
9612.,3.4518750000
9613.,3.4628125
9614.,3.4375
9615.,3.4390625
9616.,3.4640625000
9617.,3.4521875
9618.,3.455
9619.,3.4509375
9620.,3.4434375
9621.,3.45875
9622.,3.4762500000
9623.,3.4521875
9624.,3.44875
9625.,3.4640625000
9626.,3.45
9627.,3.4562500000
9628.,3.46125
9629.,3.4631250000
9630.,3.453125
9631.,3.4734375
9632.,3.4596875000
9633.,3.46
9634.,3.4615625
9635.,3.475625
9636.,3.4715625
9637.,3.46875
9638.,3.4965625
9639.,3.4621875
9640.,3.4575
9641.,3.4865625000
9642.,3.49375
9643.,3.454375
9644.,3.4496875
9645.,3.4528125000
9646.,3.4625
9647.,3.46125
9648.,3.4787500000
9649.,3.4640625000
9650.,3.4746875
9651.,3.48
9652.,3.4675000000
9653.,3.4559375
9654.,3.4690625
9655.,3.4684375000
9656.,3.4634375
9657.,3.45
9658.,3.4365625
9659.,3.4671875
9660.,3.4415625
9661.,3.46625
9662.,3.473125
9663.,3.46
9664.,3.4540625
9665.,3.4540625
9666.,3.465
9667.,3.4553125000
9668.,3.4528125000
9669.,3.4340625
9670.,3.4503125
9671.,3.435625
9672.,3.455625
9673.,3.4625
9674.,3.4496875
9675.,3.4678125
9676.,3.4362500000
9677.,3.4421875
9678.,3.45875
9679.,3.4521875
9680.,3.4518750000
9681.,3.4234375
9682.,3.4375
9683.,3.4659375
9684.,3.455625
9685.,3.43
9686.,3.4190625
9687.,3.4165625
9688.,3.4528125000
9689.,3.4484375000
9690.,3.43875
9691.,3.435625
9692.,3.4325
9693.,3.458125
9694.,3.449375
9695.,3.4484375000
9696.,3.4628125
9697.,3.41875
9698.,3.4740625
9699.,3.42625
9700.,3.4615625
9701.,3.4315625
9702.,3.456875
9703.,3.4518750000
9704.,3.4425
9705.,3.4615625
9706.,3.4446875
9707.,3.4371875000
9708.,3.4450000000
9709.,3.4528125000
9710.,3.464375
9711.,3.4362500000
9712.,3.4396875000
9713.,3.44875
9714.,3.4425
9715.,3.45875
9716.,3.448125
9717.,3.44125
9718.,3.48625
9719.,3.4525
9720.,3.4340625
9721.,3.4484375000
9722.,3.42625
9723.,3.454375
9724.,3.435
9725.,3.4490625
9726.,3.43375
9727.,3.4478125
9728.,3.4303125
9729.,3.4425
9730.,3.4634375
9731.,3.46
9732.,3.4653125
9733.,3.435
9734.,3.439375
9735.,3.454375
9736.,3.421875
9737.,3.4275
9738.,3.4521875
9739.,3.4562500000
9740.,3.4318750000
9741.,3.43125
9742.,3.4440625000
9743.,3.445625
9744.,3.449375
9745.,3.4375
9746.,3.445625
9747.,3.4653125
9748.,3.46
9749.,3.469375
9750.,3.4665625
9751.,3.4646875
9752.,3.47125
9753.,3.43
9754.,3.4525
9755.,3.4546875
9756.,3.4190625
9757.,3.468125
9758.,3.4478125
9759.,3.4596875000
9760.,3.4428125
9761.,3.446875
9762.,3.453125
9763.,3.458125
9764.,3.4459375
9765.,3.4465625
9766.,3.435
9767.,3.433125
9768.,3.43
9769.,3.4490625
9770.,3.4325
9771.,3.4450000000
9772.,3.4384375
9773.,3.456875
9774.,3.4353125
9775.,3.4640625000
9776.,3.4240625000
9777.,3.4559375
9778.,3.449375
9779.,3.439375
9780.,3.428125
9781.,3.443125
9782.,3.46125
9783.,3.4478125
9784.,3.4515625
9785.,3.4465625
9786.,3.4634375
9787.,3.4318750000
9788.,3.4384375
9789.,3.430625
9790.,3.4559375
9791.,3.4290625
9792.,3.4425
9793.,3.4303125
9794.,3.430625
9795.,3.4296875
9796.,3.4478125
9797.,3.465
9798.,3.455
9799.,3.4403125
9800.,3.439375
9801.,3.4496875
9802.,3.439375
9803.,3.4296875
9804.,3.448125
9805.,3.445625
9806.,3.4215625000
9807.,3.43125
9808.,3.4475000000
9809.,3.4715625
9810.,3.4631250000
9811.,3.445625
9812.,3.449375
9813.,3.45125
9814.,3.4571875
9815.,3.4521875
9816.,3.4303125
9817.,3.469375
9818.,3.4259375
9819.,3.4371875000
9820.,3.4446875
9821.,3.4362500000
9822.,3.4471875
9823.,3.4584375
9824.,3.4325
9825.,3.455625
9826.,3.444375
9827.,3.4215625000
9828.,3.4162500000
9829.,3.4450000000
9830.,3.4546875
9831.,3.4215625000
9832.,3.4403125
9833.,3.435
9834.,3.4340625
9835.,3.445625
9836.,3.4309375
9837.,3.43375
9838.,3.43875
9839.,3.4609375
9840.,3.4215625000
9841.,3.4234375
9842.,3.4275
9843.,3.4115625
9844.,3.4525
9845.,3.4309375
9846.,3.4271875
9847.,3.4296875
9848.,3.4396875000
9849.,3.4234375
9850.,3.455625
9851.,3.43125
9852.,3.4390625
9853.,3.4375
9854.,3.45125
9855.,3.4196875
9856.,3.4328125000
9857.,3.4475000000
9858.,3.4234375
9859.,3.435
9860.,3.4409375
9861.,3.4415625
9862.,3.40375
9863.,3.4415625
9864.,3.4596875000
9865.,3.4484375000
9866.,3.4293750000
9867.,3.4390625
9868.,3.45125
9869.,3.4565625
9870.,3.4475000000
9871.,3.4609375
9872.,3.4415625
9873.,3.4428125
9874.,3.4525
9875.,3.4190625
9876.,3.4290625
9877.,3.4428125
9878.,3.4203125
9879.,3.4375
9880.,3.4225
9881.,3.4440625000
9882.,3.4315625
9883.,3.4265625
9884.,3.4340625
9885.,3.4375
9886.,3.4078125
9887.,3.4434375
9888.,3.4375
9889.,3.44375
9890.,3.4384375
9891.,3.4484375000
9892.,3.4084375000
9893.,3.4384375
9894.,3.468125
9895.,3.44875
9896.,3.426875
9897.,3.395625
9898.,3.42625
9899.,3.454375
9900.,3.443125
9901.,3.4165625
9902.,3.433125
9903.,3.4521875
9904.,3.4359375
9905.,3.425625
9906.,3.4365625
9907.,3.44875
9908.,3.443125
9909.,3.4259375
9910.,3.4334375
9911.,3.4375
9912.,3.4165625
9913.,3.395
9914.,3.4362500000
9915.,3.4318750000
9916.,3.418125
9917.,3.4521875
9918.,3.418125
9919.,3.4409375
9920.,3.4253125
9921.,3.4265625
9922.,3.4425
9923.,3.399375
9924.,3.4234375
9925.,3.4440625000
9926.,3.4353125
9927.,3.4103125
9928.,3.4490625
9929.,3.4284375000
9930.,3.4209375
9931.,3.4325
9932.,3.4509375
9933.,3.428125
9934.,3.4246875
9935.,3.4175
9936.,3.419375
9937.,3.4425
9938.,3.4278125
9939.,3.42875
9940.,3.4293750000
9941.,3.4490625
9942.,3.446875
9943.,3.455625
9944.,3.4484375000
9945.,3.446875
9946.,3.4396875000
9947.,3.4403125
9948.,3.4606250000
9949.,3.4296875
9950.,3.43125
9951.,3.4446875
9952.,3.4353125
9953.,3.438125
9954.,3.45375
9955.,3.4459375
9956.,3.4271875
9957.,3.4206250000
9958.,3.4346875
9959.,3.4259375
9960.,3.45375
9961.,3.45375
9962.,3.4631250000
9963.,3.464375
9964.,3.4265625
9965.,3.4265625
9966.,3.4540625
9967.,3.445625
9968.,3.4225
9969.,3.4275
9970.,3.4459375
9971.,3.4496875
9972.,3.449375
9973.,3.4490625
9974.,3.4596875000
9975.,3.4478125
9976.,3.456875
9977.,3.46375
9978.,3.4490625
9979.,3.461875
9980.,3.450625
9981.,3.4690625
9982.,3.4553125000
9983.,3.455
9984.,3.4815625
9985.,3.4362500000
9986.,3.4575
9987.,3.474375
9988.,3.44625
9989.,3.461875
9990.,3.476875
9991.,3.4546875
9992.,3.4609375
9993.,3.448125
9994.,3.4509375
9995.,3.450625
9996.,3.47375
9997.,3.4496875
9998.,3.475625
9999.,3.4328125000
10000.,3.4384375
10001.,3.45125
10002.,3.4515625
10003.,3.44125
10004.,3.4453125
10005.,3.4490625
10006.,3.4390625
10007.,3.4321875
10008.,3.4475000000
10009.,3.4406250000
10010.,3.4275
10011.,3.4546875
10012.,3.4153125
10013.,3.4415625
10014.,3.4590625
10015.,3.4328125000
10016.,3.4209375
10017.,3.4365625
10018.,3.44
10019.,3.4465625
10020.,3.44625
10021.,3.435
10022.,3.42625
10023.,3.44125
10024.,3.44375
10025.,3.42125
10026.,3.4518750000
10027.,3.435625
10028.,3.4284375000
10029.,3.4321875
10030.,3.4421875
10031.,3.4275
10032.,3.4259375
10033.,3.4315625
10034.,3.4409375
10035.,3.430625
10036.,3.4228125
10037.,3.4515625
10038.,3.444375
10039.,3.4318750000
10040.,3.455625
10041.,3.4384375
10042.,3.43125
10043.,3.4406250000
10044.,3.4484375000
10045.,3.425625
10046.,3.4284375000
10047.,3.438125
10048.,3.4375
10049.,3.4362500000
10050.,3.41875
10051.,3.4209375
10052.,3.419375
10053.,3.4290625
10054.,3.4171875000
10055.,3.4375
10056.,3.4440625000
10057.,3.4362500000
10058.,3.4284375000
10059.,3.454375
10060.,3.438125
10061.,3.4137500000
10062.,3.4246875
10063.,3.4453125
10064.,3.4415625
10065.,3.4290625
10066.,3.439375
10067.,3.423125
10068.,3.4328125000
10069.,3.4296875
10070.,3.4146875
10071.,3.421875
10072.,3.4278125
10073.,3.438125
10074.,3.428125
10075.,3.4215625000
10076.,3.4146875
10077.,3.4362500000
10078.,3.4209375
10079.,3.426875
10080.,3.424375
10081.,3.4375
10082.,3.4406250000
10083.,3.4328125000
10084.,3.4346875
10085.,3.4196875
10086.,3.4409375
10087.,3.4275
10088.,3.419375
10089.,3.4125
10090.,3.4134375
10091.,3.415625
10092.,3.4631250000
10093.,3.4325
10094.,3.4606250000
10095.,3.4309375
10096.,3.42
10097.,3.4528125000
10098.,3.4690625
10099.,3.44625
10100.,3.4293750000
10101.,3.4475000000
10102.,3.475625
10103.,3.461875
10104.,3.4478125
10105.,3.4475000000
10106.,3.4334375
10107.,3.4496875
10108.,3.4653125
10109.,3.44375
10110.,3.4465625
10111.,3.4590625
10112.,3.4403125
10113.,3.4446875
10114.,3.4709375000
10115.,3.46125
10116.,3.439375
10117.,3.43125
10118.,3.4303125
10119.,3.46
10120.,3.445625
10121.,3.4562500000
10122.,3.454375
10123.,3.4606250000
10124.,3.4718750000
10125.,3.4653125
10126.,3.4606250000
10127.,3.4646875
10128.,3.4528125000
10129.,3.4725
10130.,3.44
10131.,3.4365625
10132.,3.4496875
10133.,3.4621875
10134.,3.4628125
10135.,3.4553125000
10136.,3.455625
10137.,3.4634375
10138.,3.4678125
10139.,3.459375
10140.,3.459375
10141.,3.4546875
10142.,3.4515625
10143.,3.4553125000
10144.,3.4846875
10145.,3.455625
10146.,3.48
10147.,3.459375
10148.,3.455625
10149.,3.4925
10150.,3.4525
10151.,3.4290625
10152.,3.4518750000
10153.,3.4365625
10154.,3.46875
10155.,3.4475000000
10156.,3.4559375
10157.,3.4362500000
10158.,3.4871875
10159.,3.4678125
10160.,3.4671875
10161.,3.469375
10162.,3.4553125000
10163.,3.4809375
10164.,3.4990625
10165.,3.4596875000
10166.,3.45125
10167.,3.4865625000
10168.,3.4565625
10169.,3.42375
10170.,3.4659375
10171.,3.4521875
10172.,3.46125
10173.,3.4596875000
10174.,3.476875
10175.,3.4871875
10176.,3.4943750000
10177.,3.46125
10178.,3.4725
10179.,3.4575
10180.,3.4809375
10181.,3.4725
10182.,3.446875
10183.,3.4675000000
10184.,3.4465625
10185.,3.45375
10186.,3.4421875
10187.,3.4496875
10188.,3.44
10189.,3.45375
10190.,3.450625
10191.,3.4559375
10192.,3.465
10193.,3.464375
10194.,3.450625
10195.,3.4596875000
10196.,3.4828125
10197.,3.459375
10198.,3.4525
10199.,3.4503125
10200.,3.4415625
10201.,3.489375
10202.,3.4509375
10203.,3.4265625
10204.,3.4762500000
10205.,3.4553125000
10206.,3.4384375
10207.,3.44125
10208.,3.4446875
10209.,3.46125
10210.,3.4471875
10211.,3.454375
10212.,3.4375
10213.,3.4490625
10214.,3.473125
10215.,3.4646875
10216.,3.4590625
10217.,3.469375
10218.,3.464375
10219.,3.4753125000
10220.,3.479375
10221.,3.4490625
10222.,3.4625
10223.,3.434375
10224.,3.445625
10225.,3.4671875
10226.,3.4709375000
10227.,3.474375
10228.,3.4590625
10229.,3.486875
10230.,3.4740625
10231.,3.475625
10232.,3.46125
10233.,3.4840625000
10234.,3.49
10235.,3.4562500000
10236.,3.454375
10237.,3.473125
10238.,3.465
10239.,3.496875
10240.,3.4625
10241.,3.48
10242.,3.4571875
10243.,3.464375
10244.,3.4640625000
10245.,3.468125
10246.,3.4859375
10247.,3.45125
10248.,3.46875
10249.,3.4684375000
10250.,3.426875
10251.,3.461875
10252.,3.450625
10253.,3.4478125
10254.,3.438125
10255.,3.465
10256.,3.4478125
10257.,3.4796875000
10258.,3.4334375
10259.,3.435
10260.,3.468125
10261.,3.4415625
10262.,3.4384375
10263.,3.4528125000
10264.,3.448125
10265.,3.4475000000
10266.,3.4503125
10267.,3.45375
10268.,3.4534375
10269.,3.4875000000
10270.,3.465625
10271.,3.456875
10272.,3.465625
10273.,3.46625
10274.,3.4778125
10275.,3.4528125000
10276.,3.466875
10277.,3.4759375
10278.,3.444375
10279.,3.4450000000
10280.,3.4778125
10281.,3.4790625
10282.,3.4671875
10283.,3.4740625
10284.,3.474375
10285.,3.4715625
10286.,3.475
10287.,3.464375
10288.,3.4678125
10289.,3.4490625
10290.,3.454375
10291.,3.455625
10292.,3.46375
10293.,3.4559375
10294.,3.4515625
10295.,3.4678125
10296.,3.4621875
10297.,3.44375
10298.,3.4609375
10299.,3.4684375000
10300.,3.4734375
10301.,3.4471875
10302.,3.446875
10303.,3.455625
10304.,3.5
10305.,3.446875
10306.,3.4406250000
10307.,3.4640625000
10308.,3.5028125
10309.,3.470625
10310.,3.4603125
10311.,3.4546875
10312.,3.465
10313.,3.4484375000
10314.,3.430625
10315.,3.45375
10316.,3.470625
10317.,3.480625
10318.,3.4509375
10319.,3.46
10320.,3.4553125000
10321.,3.439375
10322.,3.4503125
10323.,3.4425
10324.,3.4703125
10325.,3.4518750000
10326.,3.4918750000
10327.,3.455625
10328.,3.475
10329.,3.4521875
10330.,3.4665625
10331.,3.47375
10332.,3.4646875
10333.,3.4553125000
10334.,3.465
10335.,3.44875
10336.,3.4718750000
10337.,3.4615625
10338.,3.4606250000
10339.,3.4762500000
10340.,3.4775
10341.,3.501875
10342.,3.4828125
10343.,3.48625
10344.,3.468125
10345.,3.4640625000
10346.,3.49375
10347.,3.4584375
10348.,3.4553125000
10349.,3.4762500000
10350.,3.4921875
10351.,3.4675000000
10352.,3.4640625000
10353.,3.4778125
10354.,3.4903125
10355.,3.4753125000
10356.,3.454375
10357.,3.4559375
10358.,3.465
10359.,3.46625
10360.,3.4762500000
10361.,3.4528125000
10362.,3.459375
10363.,3.4875000000
10364.,3.486875
10365.,3.46875
10366.,3.4362500000
10367.,3.4606250000
10368.,3.4703125
10369.,3.4946875
10370.,3.4671875
10371.,3.465
10372.,3.4518750000
10373.,3.4296875
10374.,3.450625
10375.,3.459375
10376.,3.4765625
10377.,3.4596875000
10378.,3.4809375
10379.,3.455625
10380.,3.490625
10381.,3.4684375000
10382.,3.47375
10383.,3.481875
10384.,3.4671875
10385.,3.48375
10386.,3.4715625
10387.,3.4718750000
10388.,3.47375
10389.,3.4959375
10390.,3.478125
10391.,3.4596875000
10392.,3.4659375
10393.,3.48875
10394.,3.466875
10395.,3.4453125
10396.,3.4631250000
10397.,3.485625
10398.,3.4578125
10399.,3.46625
10400.,3.4775
10401.,3.4540625
10402.,3.470625
10403.,3.456875
10404.,3.4684375000
10405.,3.4446875
10406.,3.48375
10407.,3.4409375
10408.,3.4509375
10409.,3.4596875000
10410.,3.4559375
10411.,3.4484375000
10412.,3.4446875
10413.,3.4609375
10414.,3.4803125
10415.,3.4546875
10416.,3.4434375
10417.,3.4675000000
10418.,3.4475000000
10419.,3.4640625000
10420.,3.4450000000
10421.,3.4709375000
10422.,3.443125
10423.,3.45875
10424.,3.454375
10425.,3.4415625
10426.,3.42375
10427.,3.441875
10428.,3.425625
10429.,3.423125
10430.,3.4546875
10431.,3.454375
10432.,3.449375
10433.,3.4478125
10434.,3.4450000000
10435.,3.414375
10436.,3.4290625
10437.,3.4484375000
10438.,3.4509375
10439.,3.455625
10440.,3.4425
10441.,3.435
10442.,3.448125
10443.,3.4603125
10444.,3.4562500000
10445.,3.4459375
10446.,3.445625
10447.,3.448125
10448.,3.479375
10449.,3.4371875000
10450.,3.454375
10451.,3.4790625
10452.,3.48
10453.,3.4971875
10454.,3.4640625000
10455.,3.456875
10456.,3.4559375
10457.,3.45
10458.,3.4718750000
10459.,3.4515625
10460.,3.4671875
10461.,3.485
10462.,3.4484375000
10463.,3.4803125
10464.,3.469375
10465.,3.4446875
10466.,3.4565625
10467.,3.45
10468.,3.4471875
10469.,3.4696875
10470.,3.47375
10471.,3.4646875
10472.,3.4703125
10473.,3.454375
10474.,3.4821875
10475.,3.4578125
10476.,3.4809375
10477.,3.475625
10478.,3.4603125
10479.,3.4659375
10480.,3.46125
10481.,3.45125
10482.,3.461875
10483.,3.4503125
10484.,3.4518750000
10485.,3.450625
10486.,3.4831250000
10487.,3.4365625
10488.,3.453125
10489.,3.479375
10490.,3.436875
10491.,3.4521875
10492.,3.46125
10493.,3.4603125
10494.,3.4528125000
10495.,3.4703125
10496.,3.4621875
10497.,3.4778125
10498.,3.4571875
10499.,3.4831250000
10500.,3.4453125
10501.,3.4715625
10502.,3.4450000000
10503.,3.458125
10504.,3.4521875
10505.,3.4434375
10506.,3.4453125
10507.,3.4634375
10508.,3.4625
10509.,3.450625
10510.,3.4762500000
10511.,3.44875
10512.,3.4771875
10513.,3.4625
10514.,3.48125
10515.,3.4853125
10516.,3.4715625
10517.,3.4709375000
10518.,3.4628125
10519.,3.4853125
10520.,3.459375
10521.,3.4784375
10522.,3.4625
10523.,3.4921875
10524.,3.4878125
10525.,3.4784375
10526.,3.48125
10527.,3.4725
10528.,3.480625
10529.,3.4934375
10530.,3.456875
10531.,3.4875000000
10532.,3.4718750000
10533.,3.4778125
10534.,3.4834375
10535.,3.4628125
10536.,3.488125
10537.,3.5171875
10538.,3.4943750000
10539.,3.4553125000
10540.,3.4696875
10541.,3.4903125
10542.,3.4871875
10543.,3.4634375
10544.,3.5034375
10545.,3.481875
10546.,3.475625
10547.,3.4640625000
10548.,3.4684375000
10549.,3.4715625
10550.,3.469375
10551.,3.461875
10552.,3.4853125
10553.,3.49125
10554.,3.4865625000
10555.,3.4762500000
10556.,3.4634375
10557.,3.45
10558.,3.485
10559.,3.4821875
10560.,3.45125
10561.,3.4390625
10562.,3.45875
10563.,3.4684375000
10564.,3.4565625
10565.,3.45375
10566.,3.48125
10567.,3.4740625
10568.,3.4362500000
10569.,3.4525
10570.,3.4421875
10571.,3.44
10572.,3.47125
10573.,3.4640625000
10574.,3.4528125000
10575.,3.466875
10576.,3.456875
10577.,3.465625
10578.,3.468125
10579.,3.4521875
10580.,3.473125
10581.,3.4790625
10582.,3.473125
10583.,3.4609375
10584.,3.46625
10585.,3.473125
10586.,3.4715625
10587.,3.4859375
10588.,3.4771875
10589.,3.4896875
10590.,3.4715625
10591.,3.4675000000
10592.,3.475625
10593.,3.4671875
10594.,3.4621875
10595.,3.4534375
10596.,3.4790625
10597.,3.46375
10598.,3.4321875
10599.,3.44375
10600.,3.4565625
10601.,3.4596875000
10602.,3.44875
10603.,3.4171875000
10604.,3.468125
10605.,3.458125
10606.,3.4362500000
10607.,3.4571875
10608.,3.4546875
10609.,3.441875
10610.,3.456875
10611.,3.4621875
10612.,3.42625
10613.,3.4465625
10614.,3.464375
10615.,3.46375
10616.,3.4475000000
10617.,3.4428125
10618.,3.459375
10619.,3.4784375
10620.,3.456875
10621.,3.4415625
10622.,3.4559375
10623.,3.45125
10624.,3.4406250000
10625.,3.443125
10626.,3.46625
10627.,3.4459375
10628.,3.454375
10629.,3.4346875
10630.,3.455
10631.,3.453125
10632.,3.4509375
10633.,3.445625
10634.,3.454375
10635.,3.45125
10636.,3.4596875000
10637.,3.455
10638.,3.4721875
10639.,3.4578125
10640.,3.445625
10641.,3.4606250000
10642.,3.465625
10643.,3.469375
10644.,3.455625
10645.,3.4646875
10646.,3.4709375000
10647.,3.4890625
10648.,3.45875
10649.,3.476875
10650.,3.4803125
10651.,3.4653125
10652.,3.459375
10653.,3.450625
10654.,3.480625
10655.,3.4834375
10656.,3.4318750000
10657.,3.4471875
10658.,3.464375
10659.,3.4696875
10660.,3.4396875000
10661.,3.46
10662.,3.4803125
10663.,3.443125
10664.,3.458125
10665.,3.4615625
10666.,3.4790625
10667.,3.4518750000
10668.,3.4396875000
10669.,3.4590625
10670.,3.441875
10671.,3.470625
10672.,3.4575
10673.,3.455625
10674.,3.4409375
10675.,3.4484375000
10676.,3.48125
10677.,3.4515625
10678.,3.4440625000
10679.,3.4446875
10680.,3.475
10681.,3.4178125
10682.,3.4562500000
10683.,3.4575
10684.,3.481875
10685.,3.47375
10686.,3.4553125000
10687.,3.4840625000
10688.,3.461875
10689.,3.4590625
10690.,3.4603125
10691.,3.4815625
10692.,3.4821875
10693.,3.4490625
10694.,3.490625
10695.,3.47
10696.,3.4828125
10697.,3.45375
10698.,3.5021875000
10699.,3.459375
10700.,3.4871875
10701.,3.485
10702.,3.4584375
10703.,3.493125
10704.,3.480625
10705.,3.4625
10706.,3.4609375
10707.,3.4446875
10708.,3.4562500000
10709.,3.4775
10710.,3.458125
10711.,3.474375
10712.,3.4459375
10713.,3.4896875
10714.,3.450625
10715.,3.4484375000
10716.,3.4590625
10717.,3.4546875
10718.,3.4390625
10719.,3.4606250000
10720.,3.438125
10721.,3.4625
10722.,3.4825
10723.,3.42
10724.,3.4671875
10725.,3.4596875000
10726.,3.4515625
10727.,3.47125
10728.,3.4796875000
10729.,3.4709375000
10730.,3.4503125
10731.,3.455625
10732.,3.4628125
10733.,3.4753125000
10734.,3.484375
10735.,3.4584375
10736.,3.46
10737.,3.4746875
10738.,3.4746875
10739.,3.44625
10740.,3.44625
10741.,3.4771875
10742.,3.4890625
10743.,3.49375
10744.,3.4578125
10745.,3.47
10746.,3.4821875
10747.,3.465
10748.,3.4803125
10749.,3.4628125
10750.,3.4765625
10751.,3.466875
10752.,3.475625
10753.,3.4678125
10754.,3.4353125
10755.,3.4803125
10756.,3.4678125
10757.,3.486875
10758.,3.4903125
10759.,3.4828125
10760.,3.5015625
10761.,3.4725
10762.,3.465
10763.,3.4631250000
10764.,3.4803125
10765.,3.4828125
10766.,3.4475000000
10767.,3.4853125
10768.,3.48
10769.,3.480625
10770.,3.4596875000
10771.,3.4821875
10772.,3.4546875
10773.,3.4759375
10774.,3.480625
10775.,3.4631250000
10776.,3.4853125
10777.,3.444375
10778.,3.445625
10779.,3.4865625000
10780.,3.4631250000
10781.,3.4765625
10782.,3.46625
10783.,3.4675000000
10784.,3.46875
10785.,3.486875
10786.,3.4909375000
10787.,3.465
10788.,3.4871875
10789.,3.4646875
10790.,3.4703125
10791.,3.476875
10792.,3.4703125
10793.,3.499375
10794.,3.493125
10795.,3.478125
10796.,3.468125
10797.,3.5015625
10798.,3.4915625
10799.,3.4740625
10800.,3.4759375
10801.,3.469375
10802.,3.52375
10803.,3.5146875
10804.,3.50875
10805.,3.4753125000
10806.,3.50375
10807.,3.5065625000
10808.,3.49125
10809.,3.5059375
10810.,3.48625
10811.,3.505625
10812.,3.4831250000
10813.,3.5003125
10814.,3.5125
10815.,3.4878125
10816.,3.51125
10817.,3.4815625
10818.,3.4787500000
10819.,3.47125
10820.,3.4943750000
10821.,3.4946875
10822.,3.4815625
10823.,3.4846875
10824.,3.4815625
10825.,3.47375
10826.,3.46875
10827.,3.500625
10828.,3.488125
10829.,3.4821875
10830.,3.49125
10831.,3.4975
10832.,3.4909375000
10833.,3.4787500000
10834.,3.4865625000
10835.,3.4771875
10836.,3.4918750000
10837.,3.4821875
10838.,3.4909375000
10839.,3.4803125
10840.,3.4634375
10841.,3.4834375
10842.,3.493125
10843.,3.488125
10844.,3.4934375
10845.,3.4846875
10846.,3.4621875
10847.,3.4621875
10848.,3.46625
10849.,3.4859375
10850.,3.48625
10851.,3.4846875
10852.,3.470625
10853.,3.4765625
10854.,3.4921875
10855.,3.4787500000
10856.,3.50125
10857.,3.5084375
10858.,3.4678125
10859.,3.48375
10860.,3.485625
10861.,3.490625
10862.,3.4934375
10863.,3.4890625
10864.,3.4784375
10865.,3.4865625000
10866.,3.5084375
10867.,3.4965625
10868.,3.4890625
10869.,3.4940625
10870.,3.4943750000
10871.,3.5034375
10872.,3.4946875
10873.,3.4959375
10874.,3.48
10875.,3.505
10876.,3.5209375
10877.,3.5090625
10878.,3.50625
10879.,3.519375
10880.,3.49625
10881.,3.4821875
10882.,3.4975
10883.,3.485
10884.,3.49
10885.,3.4696875
10886.,3.4984375
10887.,3.4940625
10888.,3.4846875
10889.,3.4696875
10890.,3.4796875000
10891.,3.506875
10892.,3.4984375
10893.,3.511875
10894.,3.4759375
10895.,3.474375
10896.,3.465
10897.,3.4771875
10898.,3.4678125
10899.,3.4871875
10900.,3.50375
10901.,3.47375
10902.,3.4784375
10903.,3.48875
10904.,3.4915625
10905.,3.4715625
10906.,3.4534375
10907.,3.46
10908.,3.465
10909.,3.47
10910.,3.46625
10911.,3.4784375
10912.,3.4659375
10913.,3.4965625
10914.,3.4606250000
10915.,3.4959375
10916.,3.4884375
10917.,3.4896875
10918.,3.4959375
10919.,3.4828125
10920.,3.4825
10921.,3.4759375
10922.,3.4821875
10923.,3.4771875
10924.,3.475625
10925.,3.4765625
10926.,3.4734375
10927.,3.489375
10928.,3.4518750000
10929.,3.4721875
10930.,3.5065625000
10931.,3.4778125
10932.,3.4834375
10933.,3.485625
10934.,3.4821875
10935.,3.4803125
10936.,3.4546875
10937.,3.505
10938.,3.4990625
10939.,3.4790625
10940.,3.4625
10941.,3.4946875
10942.,3.4943750000
10943.,3.4903125
10944.,3.4959375
10945.,3.48875
10946.,3.4762500000
10947.,3.4659375
10948.,3.473125
10949.,3.469375
10950.,3.486875
10951.,3.4878125
10952.,3.4725
10953.,3.465625
10954.,3.4628125
10955.,3.50875
10956.,3.498125
10957.,3.4840625000
10958.,3.4828125
10959.,3.4784375
10960.,3.4915625
10961.,3.4684375000
10962.,3.4728125
10963.,3.493125
10964.,3.49
10965.,3.464375
10966.,3.439375
10967.,3.4971875
10968.,3.485625
10969.,3.484375
10970.,3.4562500000
10971.,3.4646875
10972.,3.4928125
10973.,3.4871875
10974.,3.46125
10975.,3.4753125000
10976.,3.4896875
10977.,3.480625
10978.,3.4865625000
10979.,3.498125
10980.,3.4959375
10981.,3.48125
10982.,3.4859375
10983.,3.47
10984.,3.47125
10985.,3.4884375
10986.,3.490625
10987.,3.4690625
10988.,3.4921875
10989.,3.4884375
10990.,3.4821875
10991.,3.485625
10992.,3.5078125
10993.,3.4918750000
10994.,3.52
10995.,3.4865625000
10996.,3.4821875
10997.,3.4915625
10998.,3.4646875
10999.,3.4840625000
11000.,3.479375
11001.,3.4575
11002.,3.4796875000
11003.,3.4796875000
11004.,3.4865625000
11005.,3.4740625
11006.,3.4978125
11007.,3.4990625
11008.,3.49
11009.,3.480625
11010.,3.4796875000
11011.,3.4759375
11012.,3.4909375000
11013.,3.4934375
11014.,3.4940625
11015.,3.48875
11016.,3.4765625
11017.,3.4840625000
11018.,3.5231250000
11019.,3.47
11020.,3.4987500000
11021.,3.461875
11022.,3.4790625
11023.,3.504375
11024.,3.4928125
11025.,3.4809375
11026.,3.515
11027.,3.46875
11028.,3.4803125
11029.,3.4871875
11030.,3.4928125
11031.,3.46375
11032.,3.50375
11033.,3.4878125
11034.,3.4875000000
11035.,3.501875
11036.,3.519375
11037.,3.5025
11038.,3.49625
11039.,3.5040625
11040.,3.5187500000
11041.,3.5187500000
11042.,3.4943750000
11043.,3.51125
11044.,3.501875
11045.,3.480625
11046.,3.4943750000
11047.,3.4815625
11048.,3.5
11049.,3.49125
11050.,3.4840625000
11051.,3.5009375
11052.,3.5040625
11053.,3.5015625
11054.,3.5084375
11055.,3.513125
11056.,3.5031250000
11057.,3.4865625000
11058.,3.4925
11059.,3.46125
11060.,3.5025
11061.,3.474375
11062.,3.479375
11063.,3.47125
11064.,3.4721875
11065.,3.4859375
11066.,3.5046875
11067.,3.513125
11068.,3.5096875
11069.,3.4959375
11070.,3.4953125000
11071.,3.50125
11072.,3.510625
11073.,3.4890625
11074.,3.50375
11075.,3.5121875
11076.,3.4853125
11077.,3.4943750000
11078.,3.5196875
11079.,3.50625
11080.,3.4915625
11081.,3.5100000000
11082.,3.4978125
11083.,3.5215625
11084.,3.485
11085.,3.4959375
11086.,3.4987500000
11087.,3.508125
11088.,3.515
11089.,3.489375
11090.,3.4918750000
11091.,3.4834375
11092.,3.5015625
11093.,3.478125
11094.,3.46625
11095.,3.4721875
11096.,3.5003125
11097.,3.50125
11098.,3.4918750000
11099.,3.4775
11100.,3.4934375
11101.,3.4603125
11102.,3.4909375000
11103.,3.4725
11104.,3.4921875
11105.,3.5003125
11106.,3.469375
11107.,3.48625
11108.,3.476875
11109.,3.485625
11110.,3.455625
11111.,3.5025
11112.,3.481875
11113.,3.4896875
11114.,3.4778125
11115.,3.49125
11116.,3.4934375
11117.,3.500625
11118.,3.479375
11119.,3.4796875000
11120.,3.48625
11121.,3.476875
11122.,3.4834375
11123.,3.4990625
11124.,3.479375
11125.,3.48125
11126.,3.4609375
11127.,3.4578125
11128.,3.4865625000
11129.,3.4375
11130.,3.4825
11131.,3.4659375
11132.,3.4684375000
11133.,3.46125
11134.,3.468125
11135.,3.4559375
11136.,3.4634375
11137.,3.4684375000
11138.,3.4740625
11139.,3.4634375
11140.,3.47375
11141.,3.48125
11142.,3.49125
11143.,3.47375
11144.,3.4803125
11145.,3.465625
11146.,3.485
11147.,3.5090625
11148.,3.4696875
11149.,3.4765625
11150.,3.47375
11151.,3.4987500000
11152.,3.484375
11153.,3.473125
11154.,3.4946875
11155.,3.490625
11156.,3.485
11157.,3.48125
11158.,3.485
11159.,3.5025
11160.,3.4921875
11161.,3.4790625
11162.,3.4971875
11163.,3.5003125
11164.,3.49375
11165.,3.4696875
11166.,3.508125
11167.,3.4840625000
11168.,3.5
11169.,3.4884375
11170.,3.4925
11171.,3.480625
11172.,3.495
11173.,3.4934375
11174.,3.4996875000
11175.,3.49
11176.,3.5015625
11177.,3.4831250000
11178.,3.4831250000
11179.,3.4925
11180.,3.49125
11181.,3.49125
11182.,3.4975
11183.,3.49375
11184.,3.506875
11185.,3.4909375000
11186.,3.4890625
11187.,3.485
11188.,3.4990625
11189.,3.495
11190.,3.4725
11191.,3.4590625
11192.,3.485
11193.,3.490625
11194.,3.4884375
11195.,3.5071875
11196.,3.495625
11197.,3.4831250000
11198.,3.5046875
11199.,3.4787500000
11200.,3.4571875
11201.,3.476875
11202.,3.4940625
11203.,3.485625
11204.,3.480625
11205.,3.47375
11206.,3.4884375
11207.,3.4746875
11208.,3.4696875
11209.,3.493125
11210.,3.5015625
11211.,3.5009375
11212.,3.49125
11213.,3.515
11214.,3.4790625
11215.,3.5053125
11216.,3.4721875
11217.,3.4975
11218.,3.5065625000
11219.,3.515
11220.,3.485
11221.,3.495625
11222.,3.476875
11223.,3.500625
11224.,3.4975
11225.,3.4990625
11226.,3.4909375000
11227.,3.5143750000
11228.,3.5009375
11229.,3.5046875
11230.,3.4984375
11231.,3.5021875000
11232.,3.4990625
11233.,3.4659375
11234.,3.4953125000
11235.,3.4925
11236.,3.51125
11237.,3.4984375
11238.,3.4987500000
11239.,3.5071875
11240.,3.505
11241.,3.49
11242.,3.48375
11243.,3.4984375
11244.,3.509375
11245.,3.48625
11246.,3.493125
11247.,3.5115625
11248.,3.4978125
11249.,3.5059375
11250.,3.49375
11251.,3.4753125000
11252.,3.4762500000
11253.,3.4971875
11254.,3.486875
11255.,3.4915625
11256.,3.5078125
11257.,3.519375
11258.,3.5071875
11259.,3.4978125
11260.,3.5034375
11261.,3.506875
11262.,3.4953125000
11263.,3.4746875
11264.,3.500625
11265.,3.4784375
11266.,3.481875
11267.,3.4996875000
11268.,3.478125
11269.,3.5025
11270.,3.5096875
11271.,3.504375
11272.,3.4721875
11273.,3.509375
11274.,3.5228125
11275.,3.4971875
11276.,3.493125
11277.,3.4775
11278.,3.5021875000
11279.,3.49375
11280.,3.5171875
11281.,3.519375
11282.,3.4790625
11283.,3.506875
11284.,3.4878125
11285.,3.4809375
11286.,3.48125
11287.,3.464375
11288.,3.4825
11289.,3.456875
11290.,3.4884375
11291.,3.49
11292.,3.5021875000
11293.,3.474375
11294.,3.4675000000
11295.,3.4740625
11296.,3.5209375
11297.,3.48375
11298.,3.4478125
11299.,3.4621875
11300.,3.4796875000
11301.,3.505625
11302.,3.470625
11303.,3.4709375000
11304.,3.4778125
11305.,3.4834375
11306.,3.4778125
11307.,3.465
11308.,3.4825
11309.,3.4878125
11310.,3.481875
11311.,3.48
11312.,3.4975
11313.,3.479375
11314.,3.4840625000
11315.,3.484375
11316.,3.498125
11317.,3.4765625
11318.,3.48875
11319.,3.4978125
11320.,3.4675000000
11321.,3.506875
11322.,3.469375
11323.,3.4696875
11324.,3.5046875
11325.,3.51375
11326.,3.496875
11327.,3.5134375
11328.,3.5059375
11329.,3.508125
11330.,3.5028125
11331.,3.4828125
11332.,3.505625
11333.,3.5009375
11334.,3.4909375000
11335.,3.4840625000
11336.,3.4987500000
11337.,3.4946875
11338.,3.4984375
11339.,3.4996875000
11340.,3.489375
11341.,3.4790625
11342.,3.48875
11343.,3.4878125
11344.,3.481875
11345.,3.4996875000
11346.,3.4921875
11347.,3.505
11348.,3.47375
11349.,3.4890625
11350.,3.4762500000
11351.,3.493125
11352.,3.4759375
11353.,3.4846875
11354.,3.4778125
11355.,3.515625
11356.,3.475625
11357.,3.4959375
11358.,3.5046875
11359.,3.4946875
11360.,3.501875
11361.,3.5078125
11362.,3.5103125
11363.,3.5090625
11364.,3.480625
11365.,3.49
11366.,3.4965625
11367.,3.5221875000
11368.,3.5015625
11369.,3.49125
11370.,3.4978125
11371.,3.5240625
11372.,3.51375
11373.,3.4971875
11374.,3.5175
11375.,3.4875000000
11376.,3.4987500000
11377.,3.495
11378.,3.5109375000
11379.,3.5190625
11380.,3.500625
11381.,3.4971875
11382.,3.4853125
11383.,3.4915625
11384.,3.4984375
11385.,3.4790625
11386.,3.49125
11387.,3.4984375
11388.,3.4903125
11389.,3.49625
11390.,3.4971875
11391.,3.5115625
11392.,3.4987500000
11393.,3.4987500000
11394.,3.4865625000
11395.,3.4965625
11396.,3.5
11397.,3.4940625
11398.,3.481875
11399.,3.488125
11400.,3.4803125
11401.,3.5184375
11402.,3.5096875
11403.,3.4831250000
11404.,3.4925
11405.,3.4831250000
11406.,3.5071875
11407.,3.4762500000
11408.,3.4646875
11409.,3.44625
11410.,3.4721875
11411.,3.4678125
11412.,3.4734375
11413.,3.48875
11414.,3.504375
11415.,3.473125
11416.,3.5003125
11417.,3.4971875
11418.,3.4825
11419.,3.4971875
11420.,3.478125
11421.,3.496875
11422.,3.506875
11423.,3.5009375
11424.,3.5040625
11425.,3.4671875
11426.,3.489375
11427.,3.5059375
11428.,3.4834375
11429.,3.48125
11430.,3.4771875
11431.,3.4918750000
11432.,3.4715625
11433.,3.4753125000
11434.,3.4753125000
11435.,3.500625
11436.,3.4934375
11437.,3.5059375
11438.,3.47125
11439.,3.4846875
11440.,3.516875
11441.,3.473125
11442.,3.4815625
11443.,3.4925
11444.,3.4803125
11445.,3.4831250000
11446.,3.4665625
11447.,3.504375
11448.,3.4996875000
11449.,3.498125
11450.,3.4846875
11451.,3.4715625
11452.,3.5009375
11453.,3.481875
11454.,3.49125
11455.,3.5046875
11456.,3.504375
11457.,3.5
11458.,3.485625
11459.,3.490625
11460.,3.4834375
11461.,3.4943750000
11462.,3.499375
11463.,3.4771875
11464.,3.51125
11465.,3.476875
11466.,3.4762500000
11467.,3.475625
11468.,3.4825
11469.,3.50625
11470.,3.4631250000
11471.,3.4721875
11472.,3.476875
11473.,3.5109375000
11474.,3.485625
11475.,3.4696875
11476.,3.4771875
11477.,3.4753125000
11478.,3.469375
11479.,3.456875
11480.,3.46875
11481.,3.5009375
11482.,3.466875
11483.,3.476875
11484.,3.485625
11485.,3.4928125
11486.,3.496875
11487.,3.495625
11488.,3.4928125
11489.,3.4778125
11490.,3.4834375
11491.,3.4840625000
11492.,3.4821875
11493.,3.4718750000
11494.,3.4671875
11495.,3.5021875000
11496.,3.49
11497.,3.4925
11498.,3.4890625
11499.,3.4940625
11500.,3.4909375000
11501.,3.4921875
11502.,3.4753125000
11503.,3.4765625
11504.,3.5009375
11505.,3.4784375
11506.,3.4978125
11507.,3.4915625
11508.,3.4878125
11509.,3.480625
11510.,3.4725
11511.,3.5031250000
11512.,3.51625
11513.,3.5296875
11514.,3.5025
11515.,3.508125
11516.,3.489375
11517.,3.4987500000
11518.,3.4821875
11519.,3.5109375000
11520.,3.4890625
11521.,3.5171875
11522.,3.4987500000
11523.,3.513125
11524.,3.4987500000
11525.,3.50625
11526.,3.52125
11527.,3.52
11528.,3.5028125
11529.,3.5184375
11530.,3.506875
11531.,3.5
11532.,3.4865625000
11533.,3.4921875
11534.,3.4996875000
11535.,3.4790625
11536.,3.488125
11537.,3.4971875
11538.,3.501875
11539.,3.4878125
11540.,3.48
11541.,3.481875
11542.,3.519375
11543.,3.493125
11544.,3.45875
11545.,3.501875
11546.,3.49625
11547.,3.4784375
11548.,3.5121875
11549.,3.4878125
11550.,3.4921875
11551.,3.5103125
11552.,3.499375
11553.,3.4775
11554.,3.4975
11555.,3.5178125000
11556.,3.5009375
11557.,3.4896875
11558.,3.4953125000
11559.,3.5078125
11560.,3.4975
11561.,3.5040625
11562.,3.4971875
11563.,3.5165625
11564.,3.52625
11565.,3.515
11566.,3.50875
11567.,3.509375
11568.,3.5265625000
11569.,3.528125
11570.,3.51625
11571.,3.5071875
11572.,3.5140625
11573.,3.5284375
11574.,3.508125
11575.,3.4771875
11576.,3.5165625
11577.,3.5096875
11578.,3.4865625000
11579.,3.5259375
11580.,3.5384375
11581.,3.5231250000
11582.,3.5253125
11583.,3.5125
11584.,3.5059375
11585.,3.5246875
11586.,3.5115625
11587.,3.488125
11588.,3.5021875000
11589.,3.5412500000
11590.,3.500625
11591.,3.49
11592.,3.505625
11593.,3.49375
11594.,3.49
11595.,3.5031250000
11596.,3.4684375000
11597.,3.498125
11598.,3.4903125
11599.,3.4725
11600.,3.4803125
11601.,3.488125
11602.,3.5146875
11603.,3.485
11604.,3.5065625000
11605.,3.4696875
11606.,3.5025
11607.,3.48625
11608.,3.45875
11609.,3.4890625
11610.,3.4831250000
11611.,3.4653125
11612.,3.4859375
11613.,3.4953125000
11614.,3.4715625
11615.,3.47125
11616.,3.4703125
11617.,3.4684375000
11618.,3.48
11619.,3.4762500000
11620.,3.4915625
11621.,3.4903125
11622.,3.4940625
11623.,3.485
11624.,3.496875
11625.,3.49625
11626.,3.469375
11627.,3.4775
11628.,3.48
11629.,3.5078125
11630.,3.4971875
11631.,3.5015625
11632.,3.4796875000
11633.,3.4875000000
11634.,3.4996875000
11635.,3.4625
11636.,3.4918750000
11637.,3.5031250000
11638.,3.4978125
11639.,3.479375
11640.,3.4909375000
11641.,3.4715625
11642.,3.4987500000
11643.,3.4803125
11644.,3.4875000000
11645.,3.4825
11646.,3.4709375000
11647.,3.4746875
11648.,3.4903125
11649.,3.4775
11650.,3.464375
11651.,3.4787500000
11652.,3.4646875
11653.,3.45875
11654.,3.4571875
11655.,3.4790625
11656.,3.4603125
11657.,3.46875
11658.,3.455625
11659.,3.4803125
11660.,3.465
11661.,3.4709375000
11662.,3.469375
11663.,3.465625
11664.,3.5034375
11665.,3.481875
11666.,3.4803125
11667.,3.4825
11668.,3.476875
11669.,3.48375
11670.,3.4718750000
11671.,3.4803125
11672.,3.48
11673.,3.4775
11674.,3.4803125
11675.,3.5065625000
11676.,3.488125
11677.,3.4884375
11678.,3.498125
11679.,3.466875
11680.,3.511875
11681.,3.4765625
11682.,3.473125
11683.,3.46375
11684.,3.4825
11685.,3.48625
11686.,3.4762500000
11687.,3.4771875
11688.,3.4765625
11689.,3.48375
11690.,3.5025
11691.,3.501875
11692.,3.48125
11693.,3.4971875
11694.,3.5096875
11695.,3.4903125
11696.,3.4828125
11697.,3.493125
11698.,3.4746875
11699.,3.49375
11700.,3.485625
11701.,3.4890625
11702.,3.4803125
11703.,3.4890625
11704.,3.485
11705.,3.47125
11706.,3.480625
11707.,3.5134375
11708.,3.4940625
11709.,3.4865625000
11710.,3.4759375
11711.,3.4709375000
11712.,3.48875
11713.,3.4878125
11714.,3.470625
11715.,3.4975
11716.,3.496875
11717.,3.5125
11718.,3.4890625
11719.,3.4896875
11720.,3.48375
11721.,3.4978125
11722.,3.474375
11723.,3.4703125
11724.,3.470625
11725.,3.4946875
11726.,3.4631250000
11727.,3.4628125
11728.,3.5075000000
11729.,3.478125
11730.,3.4865625000
11731.,3.473125
11732.,3.5025
11733.,3.468125
11734.,3.4815625
11735.,3.469375
11736.,3.5
11737.,3.4918750000
11738.,3.490625
11739.,3.4709375000
11740.,3.5140625
11741.,3.505625
11742.,3.4984375
11743.,3.476875
11744.,3.4815625
11745.,3.5015625
11746.,3.5171875
11747.,3.4815625
11748.,3.495625
11749.,3.50125
11750.,3.5075000000
11751.,3.473125
11752.,3.498125
11753.,3.5184375
11754.,3.5121875
11755.,3.4965625
11756.,3.493125
11757.,3.5165625
11758.,3.5015625
11759.,3.4928125
11760.,3.495
11761.,3.5025
11762.,3.5190625
11763.,3.4865625000
11764.,3.501875
11765.,3.50125
11766.,3.4971875
11767.,3.493125
11768.,3.4725
11769.,3.4996875000
11770.,3.4865625000
11771.,3.4734375
11772.,3.4778125
11773.,3.4975
11774.,3.47125
11775.,3.466875
11776.,3.4853125
11777.,3.498125
11778.,3.47
11779.,3.4890625
11780.,3.4828125
11781.,3.4853125
11782.,3.4884375
11783.,3.4825
11784.,3.5090625
11785.,3.495625
11786.,3.5103125
11787.,3.4803125
11788.,3.5046875
11789.,3.484375
11790.,3.481875
11791.,3.4787500000
11792.,3.4865625000
11793.,3.4762500000
11794.,3.4865625000
11795.,3.5146875
11796.,3.49375
11797.,3.4828125
11798.,3.4865625000
11799.,3.4903125
11800.,3.5109375000
11801.,3.4996875000
11802.,3.458125
11803.,3.480625
11804.,3.4959375
11805.,3.5009375
11806.,3.5
11807.,3.4759375
11808.,3.485625
11809.,3.48875
11810.,3.4715625
11811.,3.5021875000
11812.,3.4903125
11813.,3.4803125
11814.,3.4718750000
11815.,3.49
11816.,3.4831250000
11817.,3.486875
11818.,3.5003125
11819.,3.479375
11820.,3.4903125
11821.,3.4915625
11822.,3.4903125
11823.,3.4621875
11824.,3.468125
11825.,3.4871875
11826.,3.4846875
11827.,3.475
11828.,3.4846875
11829.,3.4428125
11830.,3.481875
11831.,3.47
11832.,3.470625
11833.,3.4603125
11834.,3.4796875000
11835.,3.485
11836.,3.475625
11837.,3.484375
11838.,3.465625
11839.,3.4609375
11840.,3.44875
11841.,3.456875
11842.,3.478125
11843.,3.4518750000
11844.,3.4665625
11845.,3.4825
11846.,3.4875000000
11847.,3.4790625
11848.,3.4978125
11849.,3.48
11850.,3.4853125
11851.,3.4690625
11852.,3.486875
11853.,3.4646875
11854.,3.48625
11855.,3.4765625
11856.,3.5009375
11857.,3.485
11858.,3.4603125
11859.,3.464375
11860.,3.4825
11861.,3.4975
11862.,3.48625
11863.,3.478125
11864.,3.4846875
11865.,3.4665625
11866.,3.4915625
11867.,3.4725
11868.,3.475
11869.,3.4921875
11870.,3.4884375
11871.,3.5134375
11872.,3.5031250000
11873.,3.4809375
11874.,3.4828125
11875.,3.4784375
11876.,3.5015625
11877.,3.4896875
11878.,3.4759375
11879.,3.5165625
11880.,3.4771875
11881.,3.4865625000
11882.,3.4918750000
11883.,3.47
11884.,3.47375
11885.,3.4959375
11886.,3.4915625
11887.,3.4784375
11888.,3.4615625
11889.,3.4734375
11890.,3.4521875
11891.,3.49375
11892.,3.4565625
11893.,3.498125
11894.,3.4996875000
11895.,3.4759375
11896.,3.500625
11897.,3.4871875
11898.,3.4746875
11899.,3.4878125
11900.,3.4725
11901.,3.4825
11902.,3.4653125
11903.,3.4918750000
11904.,3.475
11905.,3.4496875
11906.,3.473125
11907.,3.4831250000
11908.,3.5078125
11909.,3.4965625
11910.,3.4825
11911.,3.4896875
11912.,3.505625
11913.,3.4953125000
11914.,3.488125
11915.,3.48375
11916.,3.51375
11917.,3.5015625
11918.,3.505
11919.,3.4790625
11920.,3.5121875
11921.,3.4903125
11922.,3.5100000000
11923.,3.4840625000
11924.,3.52
11925.,3.52625
11926.,3.490625
11927.,3.51625
11928.,3.5046875
11929.,3.510625
11930.,3.5078125
11931.,3.4996875000
11932.,3.4853125
11933.,3.5031250000
11934.,3.5165625
11935.,3.5034375
11936.,3.4946875
11937.,3.4734375
11938.,3.5003125
11939.,3.495
11940.,3.4653125
11941.,3.4971875
11942.,3.5065625000
11943.,3.5153125000
11944.,3.480625
11945.,3.4846875
11946.,3.4787500000
11947.,3.4853125
11948.,3.486875
11949.,3.4821875
11950.,3.5046875
11951.,3.495625
11952.,3.4578125
11953.,3.4721875
11954.,3.46125
11955.,3.489375
11956.,3.4690625
11957.,3.469375
11958.,3.50875
11959.,3.4646875
11960.,3.455625
11961.,3.4884375
11962.,3.513125
11963.,3.475625
11964.,3.4659375
11965.,3.4596875000
11966.,3.458125
11967.,3.4809375
11968.,3.46375
11969.,3.4784375
11970.,3.4925
11971.,3.4446875
11972.,3.465
11973.,3.4606250000
11974.,3.4721875
11975.,3.480625
11976.,3.478125
11977.,3.5015625
11978.,3.4809375
11979.,3.49
11980.,3.5121875
11981.,3.4865625000
11982.,3.5031250000
11983.,3.4775
11984.,3.48625
11985.,3.4975
11986.,3.441875
11987.,3.4621875
11988.,3.485
11989.,3.4925
11990.,3.4778125
11991.,3.4821875
11992.,3.4784375
11993.,3.4709375000
11994.,3.498125
11995.,3.48625
11996.,3.4740625
11997.,3.46625
11998.,3.4921875
11999.,3.4606250000
12000.,3.4796875000
12001.,3.4631250000
12002.,3.46
12003.,3.4578125
12004.,3.4465625
12005.,3.465625
12006.,3.43875
12007.,3.44375
12008.,3.470625
12009.,3.465
12010.,3.4609375
12011.,3.45
12012.,3.4709375000
12013.,3.4606250000
12014.,3.479375
12015.,3.4715625
12016.,3.4759375
12017.,3.4634375
12018.,3.455
12019.,3.446875
12020.,3.459375
12021.,3.4353125
12022.,3.46625
12023.,3.4446875
12024.,3.4659375
12025.,3.474375
12026.,3.4675000000
12027.,3.4565625
12028.,3.47
12029.,3.481875
12030.,3.4653125
12031.,3.4821875
12032.,3.4665625
12033.,3.486875
12034.,3.4753125000
12035.,3.4996875000
12036.,3.456875
12037.,3.4771875
12038.,3.4321875
12039.,3.4596875000
12040.,3.45
12041.,3.4690625
12042.,3.4546875
12043.,3.4865625000
12044.,3.4415625
12045.,3.470625
12046.,3.4828125
12047.,3.4828125
12048.,3.474375
12049.,3.4734375
12050.,3.5196875
12051.,3.4815625
12052.,3.4865625000
12053.,3.493125
12054.,3.4628125
12055.,3.481875
12056.,3.49125
12057.,3.478125
12058.,3.4846875
12059.,3.4646875
12060.,3.4734375
12061.,3.468125
12062.,3.4840625000
12063.,3.4778125
12064.,3.485
12065.,3.4928125
12066.,3.47375
12067.,3.4765625
12068.,3.4646875
12069.,3.48
12070.,3.466875
12071.,3.4709375000
12072.,3.4784375
12073.,3.484375
12074.,3.478125
12075.,3.4721875
12076.,3.4775
12077.,3.46875
12078.,3.4753125000
12079.,3.4915625
12080.,3.4875000000
12081.,3.45875
12082.,3.46625
12083.,3.490625
12084.,3.4896875
12085.,3.4771875
12086.,3.4675000000
12087.,3.466875
12088.,3.484375
12089.,3.4840625000
12090.,3.5053125
12091.,3.4884375
12092.,3.4884375
12093.,3.4865625000
12094.,3.479375
12095.,3.485
12096.,3.4946875
12097.,3.46625
12098.,3.5
12099.,3.4934375
12100.,3.505
12101.,3.4878125
12102.,3.484375
12103.,3.4718750000
12104.,3.4518750000
12105.,3.4771875
12106.,3.520625
12107.,3.4878125
12108.,3.4946875
12109.,3.4971875
12110.,3.5046875
12111.,3.4878125
12112.,3.5003125
12113.,3.5031250000
12114.,3.4925
12115.,3.5146875
12116.,3.4925
12117.,3.4925
12118.,3.4890625
12119.,3.5059375
12120.,3.493125
12121.,3.4784375
12122.,3.5146875
12123.,3.5143750000
12124.,3.496875
12125.,3.4825
12126.,3.5021875000
12127.,3.49125
12128.,3.495
12129.,3.47375
12130.,3.5025
12131.,3.493125
12132.,3.4831250000
12133.,3.4721875
12134.,3.465625
12135.,3.4771875
12136.,3.4871875
12137.,3.47
12138.,3.4515625
12139.,3.443125
12140.,3.4703125
12141.,3.4690625
12142.,3.48625
12143.,3.4765625
12144.,3.4787500000
12145.,3.488125
12146.,3.4778125
12147.,3.4690625
12148.,3.505
12149.,3.4896875
12150.,3.484375
12151.,3.5
12152.,3.4975
12153.,3.4859375
12154.,3.4759375
12155.,3.4975
12156.,3.484375
12157.,3.4821875
12158.,3.49125
12159.,3.468125
12160.,3.4921875
12161.,3.49
12162.,3.4846875
12163.,3.4996875000
12164.,3.5075000000
12165.,3.4934375
12166.,3.50875
12167.,3.4606250000
12168.,3.485625
12169.,3.4943750000
12170.,3.5103125
12171.,3.48625
12172.,3.470625
12173.,3.4784375
12174.,3.500625
12175.,3.485
12176.,3.498125
12177.,3.4909375000
12178.,3.476875
12179.,3.4790625
12180.,3.4828125
12181.,3.4631250000
12182.,3.448125
12183.,3.4362500000
12184.,3.4628125
12185.,3.48875
12186.,3.4631250000
12187.,3.4771875
12188.,3.4903125
12189.,3.4718750000
12190.,3.48875
12191.,3.4734375
12192.,3.4809375
12193.,3.4503125
12194.,3.4628125
12195.,3.4775
12196.,3.4671875
12197.,3.4703125
12198.,3.4690625
12199.,3.46625
12200.,3.481875
12201.,3.4562500000
12202.,3.4471875
12203.,3.478125
12204.,3.5103125
12205.,3.454375
12206.,3.448125
12207.,3.476875
12208.,3.4625
12209.,3.4890625
12210.,3.46875
12211.,3.4703125
12212.,3.4575
12213.,3.46125
12214.,3.4653125
12215.,3.4790625
12216.,3.474375
12217.,3.4834375
12218.,3.4903125
12219.,3.4525
12220.,3.476875
12221.,3.5009375
12222.,3.4765625
12223.,3.4578125
12224.,3.4746875
12225.,3.495
12226.,3.4825
12227.,3.4853125
12228.,3.4771875
12229.,3.4709375000
12230.,3.46375
12231.,3.4828125
12232.,3.464375
12233.,3.4815625
12234.,3.4815625
12235.,3.47375
12236.,3.4575
12237.,3.480625
12238.,3.50125
12239.,3.4784375
12240.,3.484375
12241.,3.5100000000
12242.,3.4690625
12243.,3.488125
12244.,3.4865625000
12245.,3.5031250000
12246.,3.4803125
12247.,3.4875000000
12248.,3.4709375000
12249.,3.4909375000
12250.,3.495
12251.,3.4734375
12252.,3.4821875
12253.,3.4971875
12254.,3.5065625000
12255.,3.5028125
12256.,3.49
12257.,3.4990625
12258.,3.5246875
12259.,3.5190625
12260.,3.5209375
12261.,3.505625
12262.,3.4909375000
12263.,3.5059375
12264.,3.476875
12265.,3.5103125
12266.,3.4987500000
12267.,3.5165625
12268.,3.4871875
12269.,3.5071875
12270.,3.5040625
12271.,3.5046875
12272.,3.5159375
12273.,3.5175
12274.,3.4871875
12275.,3.498125
12276.,3.4934375
12277.,3.509375
12278.,3.48125
12279.,3.49625
12280.,3.515
12281.,3.5259375
12282.,3.50625
12283.,3.52
12284.,3.5146875
12285.,3.52125
12286.,3.5021875000
12287.,3.4909375000
12288.,3.518125
12289.,3.5128125
12290.,3.5296875
12291.,3.465625
12292.,3.5009375
12293.,3.496875
12294.,3.496875
12295.,3.50375
12296.,3.4953125000
12297.,3.4984375
12298.,3.5209375
12299.,3.5140625
12300.,3.4959375
12301.,3.5256250000
12302.,3.5215625
12303.,3.49125
12304.,3.5240625
12305.,3.4971875
12306.,3.5125
12307.,3.5215625
12308.,3.4834375
12309.,3.4903125
12310.,3.4690625
12311.,3.495625
12312.,3.478125
12313.,3.521875
12314.,3.504375
12315.,3.51125
12316.,3.4825
12317.,3.4890625
12318.,3.49375
12319.,3.4875000000
12320.,3.4896875
12321.,3.485
12322.,3.4784375
12323.,3.4943750000
12324.,3.5103125
12325.,3.4990625
12326.,3.4946875
12327.,3.5196875
12328.,3.4828125
12329.,3.5240625
12330.,3.4840625000
12331.,3.5028125
12332.,3.5075000000
12333.,3.5134375
12334.,3.5343750000
12335.,3.5015625
12336.,3.5184375
12337.,3.5209375
12338.,3.5031250000
12339.,3.521875
12340.,3.5028125
12341.,3.5031250000
12342.,3.4943750000
12343.,3.5028125
12344.,3.506875
12345.,3.5115625
12346.,3.5078125
12347.,3.5215625
12348.,3.4971875
12349.,3.49375
12350.,3.4943750000
12351.,3.498125
12352.,3.4825
12353.,3.4903125
12354.,3.4978125
12355.,3.4753125000
12356.,3.4815625
12357.,3.48875
12358.,3.49
12359.,3.508125
12360.,3.4753125000
12361.,3.5046875
12362.,3.473125
12363.,3.501875
12364.,3.5178125000
12365.,3.5003125
12366.,3.4896875
12367.,3.4990625
12368.,3.476875
12369.,3.508125
12370.,3.5003125
12371.,3.49125
12372.,3.4925
12373.,3.5
12374.,3.5178125000
12375.,3.5175
12376.,3.5153125000
12377.,3.510625
12378.,3.4940625
12379.,3.5353125
12380.,3.5103125
12381.,3.5025
12382.,3.4946875
12383.,3.5390625
12384.,3.49375
12385.,3.52
12386.,3.5003125
12387.,3.5190625
12388.,3.510625
12389.,3.5025
12390.,3.52625
12391.,3.51125
12392.,3.526875
12393.,3.5203125
12394.,3.51625
12395.,3.510625
12396.,3.52
12397.,3.506875
12398.,3.49375
12399.,3.51125
12400.,3.51125
12401.,3.5028125
12402.,3.5309375000
12403.,3.520625
12404.,3.5359375
12405.,3.5343750000
12406.,3.5109375000
12407.,3.4909375000
12408.,3.5265625000
12409.,3.529375
12410.,3.513125
12411.,3.495625
12412.,3.515625
12413.,3.5146875
12414.,3.4896875
12415.,3.5143750000
12416.,3.4978125
12417.,3.508125
12418.,3.511875
12419.,3.511875
12420.,3.4943750000
12421.,3.5084375
12422.,3.50125
12423.,3.5009375
12424.,3.520625
12425.,3.530625
12426.,3.4875000000
12427.,3.4928125
12428.,3.5021875000
12429.,3.4946875
12430.,3.5290625
12431.,3.4853125
12432.,3.4987500000
12433.,3.5100000000
12434.,3.5165625
12435.,3.493125
12436.,3.49375
12437.,3.5378125000
12438.,3.5165625
12439.,3.500625
12440.,3.510625
12441.,3.5046875
12442.,3.5196875
12443.,3.518125
12444.,3.5115625
12445.,3.4821875
12446.,3.4946875
12447.,3.50625
12448.,3.5125
12449.,3.495625
12450.,3.5278125
12451.,3.5175
12452.,3.4996875000
12453.,3.505625
12454.,3.5187500000
12455.,3.5215625
12456.,3.48875
12457.,3.5140625
12458.,3.5059375
12459.,3.54
12460.,3.4990625
12461.,3.4959375
12462.,3.49625
12463.,3.4878125
12464.,3.5059375
12465.,3.475625
12466.,3.4928125
12467.,3.4853125
12468.,3.496875
12469.,3.4859375
12470.,3.5053125
12471.,3.5225
12472.,3.5025
12473.,3.5065625000
12474.,3.4965625
12475.,3.49625
12476.,3.4909375000
12477.,3.4921875
12478.,3.47375
12479.,3.4675000000
12480.,3.4846875
12481.,3.511875
12482.,3.5025
12483.,3.48
12484.,3.4890625
12485.,3.4934375
12486.,3.485625
12487.,3.4878125
12488.,3.513125
12489.,3.4943750000
12490.,3.4915625
12491.,3.5021875000
12492.,3.5096875
12493.,3.498125
12494.,3.496875
12495.,3.5140625
12496.,3.50125
12497.,3.485
12498.,3.4825
12499.,3.501875
12500.,3.4718750000
12501.,3.4984375
12502.,3.4865625000
12503.,3.5084375
12504.,3.4975
12505.,3.48375
12506.,3.49125
12507.,3.5187500000
12508.,3.4840625000
12509.,3.5090625
12510.,3.4918750000
12511.,3.48625
12512.,3.475625
12513.,3.49
12514.,3.51125
12515.,3.49625
12516.,3.485625
12517.,3.5075000000
12518.,3.495
12519.,3.49375
12520.,3.5128125
12521.,3.4771875
12522.,3.515
12523.,3.4821875
12524.,3.4834375
12525.,3.4778125
12526.,3.4821875
12527.,3.4987500000
12528.,3.504375
12529.,3.4675000000
12530.,3.48625
12531.,3.47125
12532.,3.4821875
12533.,3.465625
12534.,3.4625
12535.,3.4759375
12536.,3.466875
12537.,3.4790625
12538.,3.4503125
12539.,3.47125
12540.,3.465625
12541.,3.476875
12542.,3.4565625
12543.,3.466875
12544.,3.443125
12545.,3.4534375
12546.,3.4809375
12547.,3.4821875
12548.,3.4728125
12549.,3.5103125
12550.,3.4790625
12551.,3.4771875
12552.,3.4684375000
12553.,3.4903125
12554.,3.4646875
12555.,3.4831250000
12556.,3.488125
12557.,3.481875
12558.,3.4671875
12559.,3.4996875000
12560.,3.48375
12561.,3.48
12562.,3.4825
12563.,3.485
12564.,3.4890625
12565.,3.4821875
12566.,3.4759375
12567.,3.4778125
12568.,3.4590625
12569.,3.474375
12570.,3.495
12571.,3.500625
12572.,3.496875
12573.,3.468125
12574.,3.498125
12575.,3.49375
12576.,3.484375
12577.,3.4718750000
12578.,3.4740625
12579.,3.5159375
12580.,3.4753125000
12581.,3.4762500000
12582.,3.48
12583.,3.4631250000
12584.,3.5075000000
12585.,3.46625
12586.,3.47375
12587.,3.486875
12588.,3.4934375
12589.,3.480625
12590.,3.505
12591.,3.5143750000
12592.,3.5325
12593.,3.5071875
12594.,3.50875
12595.,3.48
12596.,3.5053125
12597.,3.4746875
12598.,3.5021875000
12599.,3.5115625
12600.,3.5315625
12601.,3.5059375
12602.,3.4884375
12603.,3.5003125
12604.,3.4815625
12605.,3.5046875
12606.,3.485
12607.,3.499375
12608.,3.5421875000
12609.,3.5259375
12610.,3.4953125000
12611.,3.525
12612.,3.4940625
12613.,3.5221875000
12614.,3.48625
12615.,3.5315625
12616.,3.5328125
12617.,3.52625
12618.,3.515625
12619.,3.5125
12620.,3.5253125
12621.,3.5065625000
12622.,3.5028125
12623.,3.5028125
12624.,3.5221875000
12625.,3.5359375
12626.,3.5146875
12627.,3.51375
12628.,3.515625
12629.,3.5003125
12630.,3.5403125
12631.,3.5346875
12632.,3.5328125
12633.,3.51375
12634.,3.51125
12635.,3.4987500000
12636.,3.4965625
12637.,3.5231250000
12638.,3.50625
12639.,3.495
12640.,3.4946875
12641.,3.5165625
12642.,3.4865625000
12643.,3.510625
12644.,3.49125
12645.,3.4878125
12646.,3.5284375
12647.,3.5109375000
12648.,3.4918750000
12649.,3.5003125
12650.,3.501875
12651.,3.5240625
12652.,3.5
12653.,3.500625
12654.,3.5109375000
12655.,3.4965625
12656.,3.5178125000
12657.,3.4943750000
12658.,3.4853125
12659.,3.4762500000
12660.,3.5
12661.,3.4859375
12662.,3.5153125000
12663.,3.516875
12664.,3.5215625
12665.,3.51125
12666.,3.5225
12667.,3.5084375
12668.,3.5190625
12669.,3.5165625
12670.,3.5115625
12671.,3.5209375
12672.,3.533125
12673.,3.5203125
12674.,3.4903125
12675.,3.5090625
12676.,3.4825
12677.,3.5121875
12678.,3.4878125
12679.,3.4871875
12680.,3.5175
12681.,3.5075000000
12682.,3.509375
12683.,3.4975
12684.,3.5034375
12685.,3.5084375
12686.,3.509375
12687.,3.5228125
12688.,3.495
12689.,3.518125
12690.,3.5234375
12691.,3.49625
12692.,3.481875
12693.,3.4915625
12694.,3.5187500000
12695.,3.5075000000
12696.,3.5009375
12697.,3.5309375000
12698.,3.5228125
12699.,3.501875
12700.,3.4896875
12701.,3.49
12702.,3.5021875000
12703.,3.488125
12704.,3.4790625
12705.,3.4787500000
12706.,3.5025
12707.,3.4871875
12708.,3.49625
12709.,3.473125
12710.,3.493125
12711.,3.4796875000
12712.,3.4925
12713.,3.509375
12714.,3.48625
12715.,3.498125
12716.,3.4918750000
12717.,3.4831250000
12718.,3.486875
12719.,3.500625
12720.,3.498125
12721.,3.48125
12722.,3.5290625
12723.,3.49375
12724.,3.5421875000
12725.,3.5040625
12726.,3.524375
12727.,3.5128125
12728.,3.5253125
12729.,3.508125
12730.,3.48375
12731.,3.5015625
12732.,3.51375
12733.,3.5100000000
12734.,3.505
12735.,3.5009375
12736.,3.4990625
12737.,3.5234375
12738.,3.5053125
12739.,3.4796875000
12740.,3.5059375
12741.,3.4771875
12742.,3.4718750000
12743.,3.5025
12744.,3.5
12745.,3.516875
12746.,3.4890625
12747.,3.48
12748.,3.4875000000
12749.,3.4915625
12750.,3.5
12751.,3.4784375
12752.,3.5459375
12753.,3.5256250000
12754.,3.513125
12755.,3.539375
12756.,3.508125
12757.,3.5175
12758.,3.5
12759.,3.5125
12760.,3.51125
12761.,3.5203125
12762.,3.5046875
12763.,3.505625
12764.,3.5021875000
12765.,3.5034375
12766.,3.5165625
12767.,3.521875
12768.,3.4978125
12769.,3.5021875000
12770.,3.531875
12771.,3.5187500000
12772.,3.498125
12773.,3.495625
12774.,3.5143750000
12775.,3.5234375
12776.,3.5143750000
12777.,3.5334375000
12778.,3.5221875000
12779.,3.53625
12780.,3.5190625
12781.,3.5090625
12782.,3.5256250000
12783.,3.5271875
12784.,3.54875
12785.,3.5278125
12786.,3.5153125000
12787.,3.5228125
12788.,3.5103125
12789.,3.5171875
12790.,3.5253125
12791.,3.5284375
12792.,3.531875
12793.,3.5334375000
12794.,3.535
12795.,3.539375
12796.,3.569375
12797.,3.5403125
12798.,3.5325
12799.,3.50625
12800.,3.55625
12801.,3.52125
12802.,3.5221875000
12803.,3.5159375
12804.,3.5421875000
12805.,3.5175
12806.,3.5303125
12807.,3.53375
12808.,3.5390625
12809.,3.5484375
12810.,3.51125
12811.,3.5359375
12812.,3.516875
12813.,3.5065625000
12814.,3.5090625
12815.,3.5003125
12816.,3.5053125
12817.,3.51375
12818.,3.525
12819.,3.5490625000
12820.,3.5278125
12821.,3.5421875000
12822.,3.504375
12823.,3.5184375
12824.,3.518125
12825.,3.5078125
12826.,3.5128125
12827.,3.5175
12828.,3.5175
12829.,3.5115625
12830.,3.5040625
12831.,3.5003125
12832.,3.511875
12833.,3.5115625
12834.,3.4990625
12835.,3.51375
12836.,3.498125
12837.,3.529375
12838.,3.5075000000
12839.,3.5078125
12840.,3.4921875
12841.,3.500625
12842.,3.504375
12843.,3.5003125
12844.,3.5271875
12845.,3.526875
12846.,3.5090625
12847.,3.498125
12848.,3.524375
12849.,3.5140625
12850.,3.5100000000
12851.,3.5203125
12852.,3.5025
12853.,3.5165625
12854.,3.5221875000
12855.,3.5084375
12856.,3.550625
12857.,3.52125
12858.,3.5340625
12859.,3.5187500000
12860.,3.518125
12861.,3.5065625000
12862.,3.5034375
12863.,3.485
12864.,3.521875
12865.,3.4965625
12866.,3.5009375
12867.,3.4896875
12868.,3.506875
12869.,3.5153125000
12870.,3.5175
12871.,3.5278125
12872.,3.5178125000
12873.,3.5109375000
12874.,3.5187500000
12875.,3.5040625
12876.,3.5246875
12877.,3.5175
12878.,3.52125
12879.,3.479375
12880.,3.485
12881.,3.4996875000
12882.,3.490625
12883.,3.5
12884.,3.4878125
12885.,3.4903125
12886.,3.4828125
12887.,3.513125
12888.,3.4859375
12889.,3.489375
12890.,3.475625
12891.,3.4831250000
12892.,3.48375
12893.,3.4678125
12894.,3.4831250000
12895.,3.4778125
12896.,3.444375
12897.,3.4878125
12898.,3.4703125
12899.,3.4646875
12900.,3.490625
12901.,3.4871875
12902.,3.4984375
12903.,3.4859375
12904.,3.509375
12905.,3.4903125
12906.,3.4928125
12907.,3.5178125000
12908.,3.5059375
12909.,3.4875000000
12910.,3.529375
12911.,3.5053125
12912.,3.52375
12913.,3.5475
12914.,3.4975
12915.,3.513125
12916.,3.52625
12917.,3.535
12918.,3.5321875
12919.,3.5215625
12920.,3.5071875
12921.,3.515
12922.,3.498125
12923.,3.52875
12924.,3.5271875
12925.,3.5459375
12926.,3.5315625
12927.,3.508125
12928.,3.5175
12929.,3.5353125
12930.,3.5328125
12931.,3.5343750000
12932.,3.5209375
12933.,3.55125
12934.,3.5559375
12935.,3.5371875
12936.,3.5446875
12937.,3.515
12938.,3.53125
12939.,3.51375
12940.,3.55125
12941.,3.545
12942.,3.5125
12943.,3.52375
12944.,3.5225
12945.,3.5421875000
12946.,3.540625
12947.,3.5543750000
12948.,3.5246875
12949.,3.518125
12950.,3.525
12951.,3.5359375
12952.,3.5196875
12953.,3.515625
12954.,3.5534375000
12955.,3.5412500000
12956.,3.5334375000
12957.,3.5321875
12958.,3.52625
12959.,3.5059375
12960.,3.5134375
12961.,3.5275
12962.,3.5334375000
12963.,3.535625
12964.,3.55875
12965.,3.558125
12966.,3.5325
12967.,3.54875
12968.,3.533125
12969.,3.524375
12970.,3.5378125000
12971.,3.52625
12972.,3.530625
12973.,3.54375
12974.,3.5187500000
12975.,3.5425
12976.,3.540625
12977.,3.528125
12978.,3.55125
12979.,3.548125
12980.,3.5465625000
12981.,3.5615625
12982.,3.5343750000
12983.,3.5459375
12984.,3.5484375
12985.,3.5846875000
12986.,3.533125
12987.,3.5543750000
12988.,3.5390625
12989.,3.5359375
12990.,3.546875
12991.,3.5290625
12992.,3.541875
12993.,3.550625
12994.,3.5525
12995.,3.5346875
12996.,3.5584375
12997.,3.555625
12998.,3.546875
12999.,3.5478125
13000.,3.530625
13001.,3.5365625
13002.,3.5500000000
13003.,3.5415625
13004.,3.539375
13005.,3.553125
13006.,3.5378125000
13007.,3.548125
13008.,3.5300000000
13009.,3.5396875
13010.,3.5446875
13011.,3.52625
13012.,3.5525
13013.,3.5271875
13014.,3.535
13015.,3.5265625000
13016.,3.545
13017.,3.530625
13018.,3.533125
13019.,3.5334375000
13020.,3.5228125
13021.,3.5309375000
13022.,3.5371875
13023.,3.5084375
13024.,3.525
13025.,3.5309375000
13026.,3.5415625
13027.,3.5471875
13028.,3.5231250000
13029.,3.521875
13030.,3.5378125000
13031.,3.5543750000
13032.,3.5390625
13033.,3.5428125
13034.,3.544375
13035.,3.5125
13036.,3.548125
13037.,3.52875
13038.,3.5171875
13039.,3.5490625000
13040.,3.530625
13041.,3.54
13042.,3.516875
13043.,3.5384375
13044.,3.555625
13045.,3.5434375
13046.,3.5459375
13047.,3.5290625
13048.,3.5456250000
13049.,3.555625
13050.,3.546875
13051.,3.54875
13052.,3.563125
13053.,3.5515625
13054.,3.5153125000
13055.,3.5621875000
13056.,3.5256250000
13057.,3.5568750000
13058.,3.518125
13059.,3.526875
13060.,3.5259375
13061.,3.5134375
13062.,3.4971875
13063.,3.480625
13064.,3.4928125
13065.,3.5187500000
13066.,3.5128125
13067.,3.5221875000
13068.,3.5140625
13069.,3.53625
13070.,3.5178125000
13071.,3.540625
13072.,3.510625
13073.,3.521875
13074.,3.5340625
13075.,3.524375
13076.,3.52625
13077.,3.5525
13078.,3.5303125
13079.,3.551875
13080.,3.5190625
13081.,3.5421875000
13082.,3.5415625
13083.,3.541875
13084.,3.538125
13085.,3.5446875
13086.,3.5421875000
13087.,3.51375
13088.,3.528125
13089.,3.5478125
13090.,3.568125
13091.,3.559375
13092.,3.56
13093.,3.5184375
13094.,3.5440625
13095.,3.52875
13096.,3.56
13097.,3.5434375
13098.,3.5675
13099.,3.553125
13100.,3.538125
13101.,3.5403125
13102.,3.5534375000
13103.,3.545
13104.,3.5409375
13105.,3.5475
13106.,3.539375
13107.,3.5459375
13108.,3.5246875
13109.,3.5559375
13110.,3.553125
13111.,3.5500000000
13112.,3.545
13113.,3.5456250000
13114.,3.55375
13115.,3.5612500000
13116.,3.5521875
13117.,3.5575
13118.,3.561875
13119.,3.5584375
13120.,3.53375
13121.,3.5321875
13122.,3.5384375
13123.,3.533125
13124.,3.52875
13125.,3.5675
13126.,3.5278125
13127.,3.5375
13128.,3.558125
13129.,3.5371875
13130.,3.5528125
13131.,3.5484375
13132.,3.553125
13133.,3.555625
13134.,3.548125
13135.,3.533125
13136.,3.551875
13137.,3.5503125
13138.,3.5540625
13139.,3.5765625
13140.,3.563125
13141.,3.5609375
13142.,3.5878125
13143.,3.546875
13144.,3.57375
13145.,3.555
13146.,3.543125
13147.,3.5775
13148.,3.5621875000
13149.,3.5809375
13150.,3.5634375
13151.,3.555
13152.,3.5375
13153.,3.565
13154.,3.563125
13155.,3.5500000000
13156.,3.5509375
13157.,3.575625
13158.,3.5656250000
13159.,3.5490625000
13160.,3.5478125
13161.,3.5784375
13162.,3.561875
13163.,3.56875
13164.,3.574375
13165.,3.571875
13166.,3.5525
13167.,3.5821875
13168.,3.5721875
13169.,3.5425
13170.,3.57125
13171.,3.58875
13172.,3.54875
13173.,3.56625
13174.,3.54875
13175.,3.5656250000
13176.,3.5387500000
13177.,3.555
13178.,3.5421875000
13179.,3.555625
13180.,3.55125
13181.,3.53125
13182.,3.5303125
13183.,3.573125
13184.,3.548125
13185.,3.52
13186.,3.5543750000
13187.,3.5271875
13188.,3.541875
13189.,3.53625
13190.,3.5256250000
13191.,3.5265625000
13192.,3.5465625000
13193.,3.521875
13194.,3.515
13195.,3.5228125
13196.,3.5412500000
13197.,3.544375
13198.,3.5184375
13199.,3.5284375
13200.,3.5496875
13201.,3.5290625
13202.,3.5421875000
13203.,3.5334375000
13204.,3.519375
13205.,3.528125
13206.,3.53125
13207.,3.5525
13208.,3.5340625
13209.,3.5596875
13210.,3.5434375
13211.,3.5340625
13212.,3.536875
13213.,3.5440625
13214.,3.5300000000
13215.,3.5190625
13216.,3.5278125
13217.,3.5300000000
13218.,3.5296875
13219.,3.5509375
13220.,3.55125
13221.,3.551875
13222.,3.5315625
13223.,3.5187500000
13224.,3.548125
13225.,3.5359375
13226.,3.5521875
13227.,3.5365625
13228.,3.550625
13229.,3.5171875
13230.,3.52875
13231.,3.5209375
13232.,3.50875
13233.,3.5209375
13234.,3.5384375
13235.,3.5259375
13236.,3.500625
13237.,3.521875
13238.,3.5231250000
13239.,3.5359375
13240.,3.513125
13241.,3.5334375000
13242.,3.5328125
13243.,3.5234375
13244.,3.519375
13245.,3.5128125
13246.,3.5196875
13247.,3.5125
13248.,3.4943750000
13249.,3.4953125000
13250.,3.493125
13251.,3.5300000000
13252.,3.5153125000
13253.,3.51125
13254.,3.5143750000
13255.,3.5353125
13256.,3.52875
13257.,3.538125
13258.,3.5446875
13259.,3.5453125
13260.,3.535625
13261.,3.5334375000
13262.,3.5359375
13263.,3.5496875
13264.,3.5215625
13265.,3.5296875
13266.,3.524375
13267.,3.543125
13268.,3.5409375
13269.,3.53625
13270.,3.528125
13271.,3.53125
13272.,3.549375
13273.,3.55125
13274.,3.5378125000
13275.,3.5228125
13276.,3.5484375
13277.,3.5465625000
13278.,3.5646875000
13279.,3.5571875
13280.,3.5425
13281.,3.5571875
13282.,3.5671875
13283.,3.574375
13284.,3.5384375
13285.,3.569375
13286.,3.5568750000
13287.,3.5371875
13288.,3.5290625
13289.,3.5396875
13290.,3.555625
13291.,3.54375
13292.,3.5384375
13293.,3.5612500000
13294.,3.5528125
13295.,3.5209375
13296.,3.5325
13297.,3.5525
13298.,3.5128125
13299.,3.5612500000
13300.,3.5290625
13301.,3.559375
13302.,3.545
13303.,3.518125
13304.,3.5465625000
13305.,3.5475
13306.,3.5700000000
13307.,3.5300000000
13308.,3.555
13309.,3.5440625
13310.,3.539375
13311.,3.569375
13312.,3.561875
13313.,3.5553125
13314.,3.54625
13315.,3.5515625
13316.,3.5521875
13317.,3.55375
13318.,3.5612500000
13319.,3.5703125
13320.,3.57375
13321.,3.5721875
13322.,3.5825
13323.,3.5771875
13324.,3.5553125
13325.,3.563125
13326.,3.550625
13327.,3.5528125
13328.,3.5575
13329.,3.55375
13330.,3.5565625
13331.,3.555
13332.,3.5412500000
13333.,3.539375
13334.,3.551875
13335.,3.5578125000
13336.,3.578125
13337.,3.5778125000
13338.,3.5546875
13339.,3.5656250000
13340.,3.5759375
13341.,3.5509375
13342.,3.5612500000
13343.,3.53125
13344.,3.5471875
13345.,3.5203125
13346.,3.54
13347.,3.5234375
13348.,3.5540625
13349.,3.5196875
13350.,3.5328125
13351.,3.531875
13352.,3.5234375
13353.,3.5543750000
13354.,3.5187500000
13355.,3.5240625
13356.,3.5090625
13357.,3.54875
13358.,3.53625
13359.,3.5278125
13360.,3.5121875
13361.,3.541875
13362.,3.5409375
13363.,3.5321875
13364.,3.536875
13365.,3.5428125
13366.,3.55125
13367.,3.5415625
13368.,3.535625
13369.,3.539375
13370.,3.544375
13371.,3.55375
13372.,3.555625
13373.,3.54375
13374.,3.5309375000
13375.,3.5371875
13376.,3.5384375
13377.,3.5546875
13378.,3.549375
13379.,3.518125
13380.,3.524375
13381.,3.550625
13382.,3.5484375
13383.,3.5503125
13384.,3.5365625
13385.,3.506875
13386.,3.530625
13387.,3.5503125
13388.,3.5315625
13389.,3.5440625
13390.,3.5621875000
13391.,3.5496875
13392.,3.5290625
13393.,3.535
13394.,3.5390625
13395.,3.5228125
13396.,3.5271875
13397.,3.518125
13398.,3.5365625
13399.,3.5371875
13400.,3.5325
13401.,3.5378125000
13402.,3.545
13403.,3.5640625
13404.,3.5284375
13405.,3.5375
13406.,3.521875
13407.,3.529375
13408.,3.5303125
13409.,3.5225
13410.,3.49625
13411.,3.5371875
13412.,3.5121875
13413.,3.5453125
13414.,3.5240625
13415.,3.521875
13416.,3.5296875
13417.,3.5640625
13418.,3.51625
13419.,3.5421875000
13420.,3.5246875
13421.,3.54875
13422.,3.5225
13423.,3.5128125
13424.,3.524375
13425.,3.566875
13426.,3.5446875
13427.,3.5425
13428.,3.535625
13429.,3.5725000000
13430.,3.5365625
13431.,3.5296875
13432.,3.520625
13433.,3.595625
13434.,3.5684375
13435.,3.5521875
13436.,3.558125
13437.,3.5415625
13438.,3.568125
13439.,3.5584375
13440.,3.5596875
13441.,3.5578125000
13442.,3.54
13443.,3.551875
13444.,3.550625
13445.,3.5609375
13446.,3.54375
13447.,3.5396875
13448.,3.531875
13449.,3.550625
13450.,3.5465625000
13451.,3.55125
13452.,3.5384375
13453.,3.535
13454.,3.5734375000
13455.,3.543125
13456.,3.548125
13457.,3.565
13458.,3.5496875
13459.,3.5721875
13460.,3.5559375
13461.,3.545
13462.,3.544375
13463.,3.5478125
13464.,3.553125
13465.,3.5434375
13466.,3.5375
13467.,3.52875
13468.,3.5553125
13469.,3.5375
13470.,3.528125
13471.,3.553125
13472.,3.5515625
13473.,3.5303125
13474.,3.54375
13475.,3.5428125
13476.,3.5559375
13477.,3.5671875
13478.,3.5665625
13479.,3.5425
13480.,3.55125
13481.,3.541875
13482.,3.52875
13483.,3.539375
13484.,3.5728125
13485.,3.54375
13486.,3.5325
13487.,3.5390625
13488.,3.56
13489.,3.5334375000
13490.,3.545
13491.,3.5612500000
13492.,3.5565625
13493.,3.539375
13494.,3.55375
13495.,3.5471875
13496.,3.578125
13497.,3.570625
13498.,3.555
13499.,3.5565625
13500.,3.57125
13501.,3.5665625
13502.,3.5343750000
13503.,3.558125
13504.,3.5690625000
13505.,3.5640625
13506.,3.54375
13507.,3.5553125
13508.,3.563125
13509.,3.5840625
13510.,3.5700000000
13511.,3.5459375
13512.,3.5396875
13513.,3.55625
13514.,3.5565625
13515.,3.5571875
13516.,3.566875
13517.,3.55625
13518.,3.5346875
13519.,3.5521875
13520.,3.5390625
13521.,3.5353125
13522.,3.5509375
13523.,3.5496875
13524.,3.5325
13525.,3.5696875
13526.,3.5453125
13527.,3.5471875
13528.,3.5596875
13529.,3.5271875
13530.,3.5390625
13531.,3.555625
13532.,3.530625
13533.,3.5578125000
13534.,3.55375
13535.,3.526875
13536.,3.5390625
13537.,3.536875
13538.,3.5353125
13539.,3.54625
13540.,3.5503125
13541.,3.5421875000
13542.,3.5428125
13543.,3.5621875000
13544.,3.544375
13545.,3.5353125
13546.,3.5456250000
13547.,3.561875
13548.,3.5321875
13549.,3.5271875
13550.,3.5412500000
13551.,3.533125
13552.,3.5478125
13553.,3.5378125000
13554.,3.538125
13555.,3.5165625
13556.,3.553125
13557.,3.5503125
13558.,3.52875
13559.,3.5415625
13560.,3.529375
13561.,3.5546875
13562.,3.5678125
13563.,3.5078125
13564.,3.5525
13565.,3.5575
13566.,3.5184375
13567.,3.5496875
13568.,3.5271875
13569.,3.5271875
13570.,3.5428125
13571.,3.5346875
13572.,3.5568750000
13573.,3.551875
13574.,3.5446875
13575.,3.5503125
13576.,3.5409375
13577.,3.5478125
13578.,3.5700000000
13579.,3.5187500000
13580.,3.5309375000
13581.,3.5534375000
13582.,3.5309375000
13583.,3.5140625
13584.,3.5328125
13585.,3.52375
13586.,3.5434375
13587.,3.54875
13588.,3.5396875
13589.,3.5296875
13590.,3.549375
13591.,3.52
13592.,3.5175
13593.,3.52375
13594.,3.541875
13595.,3.5353125
13596.,3.5387500000
13597.,3.5465625000
13598.,3.5425
13599.,3.5456250000
13600.,3.5284375
13601.,3.506875
13602.,3.5300000000
13603.,3.5659375
13604.,3.531875
13605.,3.53125
13606.,3.54625
13607.,3.54875
13608.,3.559375
13609.,3.53375
13610.,3.5465625000
13611.,3.55125
13612.,3.5528125
13613.,3.5428125
13614.,3.549375
13615.,3.5528125
13616.,3.5440625
13617.,3.5500000000
13618.,3.553125
13619.,3.5153125000
13620.,3.5246875
13621.,3.5440625
13622.,3.515625
13623.,3.5425
13624.,3.5403125
13625.,3.5428125
13626.,3.544375
13627.,3.5296875
13628.,3.5653125
13629.,3.5528125
13630.,3.5456250000
13631.,3.5284375
13632.,3.5365625
13633.,3.5421875000
13634.,3.516875
13635.,3.5328125
13636.,3.5384375
13637.,3.5271875
13638.,3.5365625
13639.,3.535625
13640.,3.539375
13641.,3.5415625
13642.,3.5465625000
13643.,3.5159375
13644.,3.516875
13645.,3.52625
13646.,3.560625
13647.,3.5128125
13648.,3.5421875000
13649.,3.55125
13650.,3.536875
13651.,3.54625
13652.,3.545
13653.,3.5634375
13654.,3.5565625
13655.,3.5409375
13656.,3.5415625
13657.,3.5459375
13658.,3.53625
13659.,3.5446875
13660.,3.5275
13661.,3.5543750000
13662.,3.5546875
13663.,3.586875
13664.,3.55375
13665.,3.544375
13666.,3.575625
13667.,3.5909375
13668.,3.5778125000
13669.,3.5365625
13670.,3.57625
13671.,3.5459375
13672.,3.5653125
13673.,3.5725000000
13674.,3.573125
13675.,3.601875
13676.,3.5678125
13677.,3.5753125
13678.,3.5768750000
13679.,3.571875
13680.,3.5671875
13681.,3.5675
13682.,3.5596875
13683.,3.5634375
13684.,3.5646875000
13685.,3.57625
13686.,3.5903125
13687.,3.5603125
13688.,3.5568750000
13689.,3.5768750000
13690.,3.5615625
13691.,3.5553125
13692.,3.570625
13693.,3.544375
13694.,3.54625
13695.,3.5471875
13696.,3.5590625
13697.,3.54875
13698.,3.54375
13699.,3.5375
13700.,3.538125
13701.,3.5525
13702.,3.548125
13703.,3.5328125
13704.,3.5465625000
13705.,3.5315625
13706.,3.5465625000
13707.,3.5309375000
13708.,3.5343750000
13709.,3.5340625
13710.,3.5534375000
13711.,3.540625
13712.,3.5346875
13713.,3.5334375000
13714.,3.5246875
13715.,3.5231250000
13716.,3.5134375
13717.,3.52125
13718.,3.5187500000
13719.,3.5209375
13720.,3.506875
13721.,3.5621875000
13722.,3.5428125
13723.,3.52
13724.,3.5240625
13725.,3.5171875
13726.,3.5359375
13727.,3.540625
13728.,3.5353125
13729.,3.5187500000
13730.,3.525
13731.,3.5059375
13732.,3.5209375
13733.,3.5153125000
13734.,3.5215625
13735.,3.5253125
13736.,3.5215625
13737.,3.5125
13738.,3.5196875
13739.,3.5334375000
13740.,3.5125
13741.,3.524375
13742.,3.538125
13743.,3.5234375
13744.,3.5328125
13745.,3.52625
13746.,3.5365625
13747.,3.5346875
13748.,3.53125
13749.,3.5328125
13750.,3.5143750000
13751.,3.545
13752.,3.5328125
13753.,3.53625
13754.,3.56
13755.,3.5384375
13756.,3.5503125
13757.,3.5031250000
13758.,3.5178125000
13759.,3.5178125000
13760.,3.5025
13761.,3.5215625
13762.,3.5075000000
13763.,3.5387500000
13764.,3.54375
13765.,3.5253125
13766.,3.5065625000
13767.,3.5271875
13768.,3.5343750000
13769.,3.520625
13770.,3.529375
13771.,3.5159375
13772.,3.51625
13773.,3.5371875
13774.,3.515625
13775.,3.5178125000
13776.,3.5309375000
13777.,3.5475
13778.,3.5765625
13779.,3.5628125
13780.,3.5434375
13781.,3.5625
13782.,3.5428125
13783.,3.56
13784.,3.550625
13785.,3.5665625
13786.,3.571875
13787.,3.56625
13788.,3.5790625
13789.,3.5309375000
13790.,3.56375
13791.,3.5559375
13792.,3.5625
13793.,3.555625
13794.,3.55875
13795.,3.5653125
13796.,3.5412500000
13797.,3.5490625000
13798.,3.5665625
13799.,3.570625
13800.,3.5534375000
13801.,3.540625
13802.,3.568125
13803.,3.5778125000
13804.,3.5759375
13805.,3.5425
13806.,3.56625
13807.,3.544375
13808.,3.5546875
13809.,3.536875
13810.,3.5496875
13811.,3.5575
13812.,3.543125
13813.,3.5946875
13814.,3.5675
13815.,3.5759375
13816.,3.56
13817.,3.54375
13818.,3.51625
13819.,3.550625
13820.,3.5543750000
13821.,3.5346875
13822.,3.5231250000
13823.,3.544375
13824.,3.5325
13825.,3.5584375
13826.,3.5478125
13827.,3.5371875
13828.,3.5421875000
13829.,3.54875
13830.,3.5634375
13831.,3.548125
13832.,3.5484375
13833.,3.558125
13834.,3.53125
13835.,3.5412500000
13836.,3.558125
13837.,3.5540625
13838.,3.5571875
13839.,3.5553125
13840.,3.5584375
13841.,3.5628125
13842.,3.5521875
13843.,3.5475
13844.,3.5684375
13845.,3.5559375
13846.,3.5609375
13847.,3.5384375
13848.,3.555625
13849.,3.5690625000
13850.,3.539375
13851.,3.5703125
13852.,3.5490625000
13853.,3.56375
13854.,3.5625
13855.,3.5340625
13856.,3.5378125000
13857.,3.580625
13858.,3.5671875
13859.,3.560625
13860.,3.57875
13861.,3.579375
13862.,3.55625
13863.,3.545
13864.,3.560625
13865.,3.5409375
13866.,3.5568750000
13867.,3.5690625000
13868.,3.5559375
13869.,3.5471875
13870.,3.5653125
13871.,3.551875
13872.,3.5456250000
13873.,3.5528125
13874.,3.5725000000
13875.,3.5387500000
13876.,3.543125
13877.,3.558125
13878.,3.54
13879.,3.525
13880.,3.5453125
13881.,3.5184375
13882.,3.543125
13883.,3.521875
13884.,3.5353125
13885.,3.5553125
13886.,3.5609375
13887.,3.5343750000
13888.,3.5203125
13889.,3.539375
13890.,3.520625
13891.,3.5065625000
13892.,3.508125
13893.,3.513125
13894.,3.543125
13895.,3.529375
13896.,3.5456250000
13897.,3.5303125
13898.,3.5612500000
13899.,3.539375
13900.,3.5346875
13901.,3.555625
13902.,3.5290625
13903.,3.5225
13904.,3.535
13905.,3.5365625
13906.,3.5378125000
13907.,3.5231250000
13908.,3.533125
13909.,3.525
13910.,3.513125
13911.,3.524375
13912.,3.530625
13913.,3.5425
13914.,3.52875
13915.,3.5671875
13916.,3.5803125000
13917.,3.5740625
13918.,3.5478125
13919.,3.545
13920.,3.541875
13921.,3.531875
13922.,3.55125
13923.,3.5334375000
13924.,3.5303125
13925.,3.5225
13926.,3.51625
13927.,3.535625
13928.,3.53625
13929.,3.509375
13930.,3.490625
13931.,3.5146875
13932.,3.531875
13933.,3.496875
13934.,3.5315625
13935.,3.49625
13936.,3.4940625
13937.,3.4990625
13938.,3.4946875
13939.,3.5146875
13940.,3.5143750000
13941.,3.5231250000
13942.,3.521875
13943.,3.4928125
13944.,3.4978125
13945.,3.528125
13946.,3.5303125
13947.,3.5128125
13948.,3.4934375
13949.,3.515625
13950.,3.515
13951.,3.5315625
13952.,3.5253125
13953.,3.5187500000
13954.,3.5240625
13955.,3.54625
13956.,3.5146875
13957.,3.5412500000
13958.,3.550625
13959.,3.538125
13960.,3.5365625
13961.,3.5225
13962.,3.52625
13963.,3.52375
13964.,3.5203125
13965.,3.5503125
13966.,3.5603125
13967.,3.536875
13968.,3.5315625
13969.,3.5465625000
13970.,3.553125
13971.,3.550625
13972.,3.5446875
13973.,3.553125
13974.,3.5640625
13975.,3.54875
13976.,3.5490625000
13977.,3.56625
13978.,3.5596875
13979.,3.5521875
13980.,3.564375
13981.,3.541875
13982.,3.555
13983.,3.543125
13984.,3.5628125
13985.,3.5478125
13986.,3.56625
13987.,3.543125
13988.,3.5575
13989.,3.5521875
13990.,3.5503125
13991.,3.5575
13992.,3.55625
13993.,3.5490625000
13994.,3.5215625
13995.,3.5375
13996.,3.545
13997.,3.546875
13998.,3.5096875
13999.,3.5425
14000.,3.5375
14001.,3.516875
14002.,3.5103125
14003.,3.5428125
14004.,3.5221875000
14005.,3.5240625
14006.,3.5328125
14007.,3.5146875
14008.,3.5353125
14009.,3.5115625
14010.,3.5315625
14011.,3.536875
14012.,3.5275
14013.,3.551875
14014.,3.5253125
14015.,3.5565625
14016.,3.5259375
14017.,3.543125
14018.,3.5253125
14019.,3.5187500000
14020.,3.5275
14021.,3.5525
14022.,3.5503125
14023.,3.5684375
14024.,3.571875
14025.,3.559375
14026.,3.5515625
14027.,3.549375
14028.,3.549375
14029.,3.5578125000
14030.,3.5359375
14031.,3.543125
14032.,3.544375
14033.,3.5621875000
14034.,3.5456250000
14035.,3.5412500000
14036.,3.54875
14037.,3.58875
14038.,3.5721875
14039.,3.5609375
14040.,3.551875
14041.,3.571875
14042.,3.5175
14043.,3.5496875
14044.,3.5625
14045.,3.5240625
14046.,3.555
14047.,3.5409375
14048.,3.5378125000
14049.,3.5496875
14050.,3.5465625000
14051.,3.5478125
14052.,3.545
14053.,3.54875
14054.,3.5609375
14055.,3.54875
14056.,3.5259375
14057.,3.529375
14058.,3.5412500000
14059.,3.5490625000
14060.,3.5103125
14061.,3.5471875
14062.,3.52
14063.,3.539375
14064.,3.53125
14065.,3.5634375
14066.,3.55375
14067.,3.5771875
14068.,3.5584375
14069.,3.549375
14070.,3.544375
14071.,3.574375
14072.,3.5684375
14073.,3.5634375
14074.,3.5571875
14075.,3.550625
14076.,3.5484375
14077.,3.545
14078.,3.5615625
14079.,3.54
14080.,3.541875
14081.,3.553125
14082.,3.578125
14083.,3.5775
14084.,3.5778125000
14085.,3.5521875
14086.,3.5434375
14087.,3.5715625
14088.,3.5656250000
14089.,3.5734375000
14090.,3.5825
14091.,3.5575
14092.,3.5612500000
14093.,3.578125
14094.,3.55125
14095.,3.5634375
14096.,3.574375
14097.,3.5821875
14098.,3.54
14099.,3.57375
14100.,3.5675
14101.,3.5456250000
14102.,3.584375
14103.,3.5612500000
14104.,3.573125
14105.,3.5768750000
14106.,3.5803125000
14107.,3.5856250000
14108.,3.581875
14109.,3.56
14110.,3.5465625000
14111.,3.55125
14112.,3.560625
14113.,3.5596875
14114.,3.56625
14115.,3.5609375
14116.,3.5671875
14117.,3.5434375
14118.,3.56
14119.,3.5565625
14120.,3.550625
14121.,3.5553125
14122.,3.5428125
14123.,3.5343750000
14124.,3.5565625
14125.,3.5509375
14126.,3.5625
14127.,3.5071875
14128.,3.5440625
14129.,3.539375
14130.,3.55625
14131.,3.5343750000
14132.,3.5590625
14133.,3.5409375
14134.,3.5440625
14135.,3.5421875000
14136.,3.5559375
14137.,3.5496875
14138.,3.5490625000
14139.,3.536875
14140.,3.543125
14141.,3.5396875
14142.,3.5821875
14143.,3.574375
14144.,3.586875
14145.,3.5434375
14146.,3.54
14147.,3.5415625
14148.,3.5365625
14149.,3.57125
14150.,3.5278125
14151.,3.5403125
14152.,3.5446875
14153.,3.5240625
14154.,3.5456250000
14155.,3.5543750000
14156.,3.56875
14157.,3.5540625
14158.,3.548125
14159.,3.56
14160.,3.548125
14161.,3.5543750000
14162.,3.5359375
14163.,3.5559375
14164.,3.546875
14165.,3.553125
14166.,3.546875
14167.,3.56
14168.,3.5521875
14169.,3.5421875000
14170.,3.5571875
14171.,3.5378125000
14172.,3.551875
14173.,3.56
14174.,3.535
14175.,3.5515625
14176.,3.5503125
14177.,3.5484375
14178.,3.5525
14179.,3.5471875
14180.,3.53625
14181.,3.57875
14182.,3.5428125
14183.,3.5371875
14184.,3.5584375
14185.,3.5446875
14186.,3.546875
14187.,3.559375
14188.,3.5665625
14189.,3.5775
14190.,3.545
14191.,3.568125
14192.,3.545
14193.,3.5375
14194.,3.583125
14195.,3.5543750000
14196.,3.573125
14197.,3.56
14198.,3.5596875
14199.,3.5553125
14200.,3.575
14201.,3.5565625
14202.,3.555625
14203.,3.555625
14204.,3.5684375
14205.,3.5534375000
14206.,3.5709375
14207.,3.5678125
14208.,3.570625
14209.,3.5671875
14210.,3.56
14211.,3.571875
14212.,3.564375
14213.,3.581875
14214.,3.5509375
14215.,3.5903125
14216.,3.5471875
14217.,3.5596875
14218.,3.551875
14219.,3.5346875
14220.,3.5334375000
14221.,3.56625
14222.,3.5725000000
14223.,3.546875
14224.,3.52875
14225.,3.5746875
14226.,3.5543750000
14227.,3.5575
14228.,3.555625
14229.,3.5325
14230.,3.59125
14231.,3.5378125000
14232.,3.5478125
14233.,3.535
14234.,3.558125
14235.,3.5346875
14236.,3.544375
14237.,3.5500000000
14238.,3.5459375
14239.,3.5590625
14240.,3.519375
14241.,3.5646875000
14242.,3.540625
14243.,3.546875
14244.,3.5353125
14245.,3.5365625
14246.,3.5421875000
14247.,3.5053125
14248.,3.5034375
14249.,3.5109375000
14250.,3.5325
14251.,3.538125
14252.,3.5790625
14253.,3.5359375
14254.,3.529375
14255.,3.544375
14256.,3.553125
14257.,3.5515625
14258.,3.571875
14259.,3.54875
14260.,3.5928125
14261.,3.5590625
14262.,3.5278125
14263.,3.535625
14264.,3.5771875
14265.,3.55125
14266.,3.5471875
14267.,3.5490625000
14268.,3.5568750000
14269.,3.5578125000
14270.,3.5475
14271.,3.54625
14272.,3.54625
14273.,3.5812500000
14274.,3.5678125
14275.,3.5409375
14276.,3.53125
14277.,3.560625
14278.,3.5543750000
14279.,3.526875
14280.,3.536875
14281.,3.5525
14282.,3.5540625
14283.,3.5540625
14284.,3.55125
14285.,3.5453125
14286.,3.55875
14287.,3.5334375000
14288.,3.53125
14289.,3.5184375
14290.,3.561875
14291.,3.540625
14292.,3.5143750000
14293.,3.560625
14294.,3.56
14295.,3.5640625
14296.,3.540625
14297.,3.560625
14298.,3.5775
14299.,3.5490625000
14300.,3.5409375
14301.,3.551875
14302.,3.5621875000
14303.,3.6021875
14304.,3.548125
14305.,3.553125
14306.,3.5653125
14307.,3.5521875
14308.,3.5559375
14309.,3.575
14310.,3.5296875
14311.,3.56
14312.,3.5528125
14313.,3.5559375
14314.,3.5615625
14315.,3.55375
14316.,3.573125
14317.,3.52875
14318.,3.575625
14319.,3.55125
14320.,3.551875
14321.,3.5343750000
14322.,3.56375
14323.,3.5534375000
14324.,3.5625
14325.,3.5553125
14326.,3.5440625
14327.,3.549375
14328.,3.5543750000
14329.,3.5540625
14330.,3.5456250000
14331.,3.5603125
14332.,3.5628125
14333.,3.5609375
14334.,3.5300000000
14335.,3.5378125000
14336.,3.54375
14337.,3.5475
14338.,3.53125
14339.,3.5625
14340.,3.5568750000
14341.,3.59125
14342.,3.5246875
14343.,3.57375
14344.,3.5621875000
14345.,3.5678125
14346.,3.59625
14347.,3.5646875000
14348.,3.53625
14349.,3.5409375
14350.,3.5590625
14351.,3.541875
14352.,3.5259375
14353.,3.53625
14354.,3.5503125
14355.,3.5284375
14356.,3.5259375
14357.,3.551875
14358.,3.5540625
14359.,3.535
14360.,3.555625
14361.,3.5746875
14362.,3.5515625
14363.,3.5515625
14364.,3.555625
14365.,3.5396875
14366.,3.550625
14367.,3.5746875
14368.,3.575
14369.,3.5571875
14370.,3.5528125
14371.,3.5653125
14372.,3.5656250000
14373.,3.5728125
14374.,3.5259375
14375.,3.561875
14376.,3.5778125000
14377.,3.581875
14378.,3.5684375
14379.,3.5553125
14380.,3.5553125
14381.,3.5621875000
14382.,3.570625
14383.,3.553125
14384.,3.56875
14385.,3.5412500000
14386.,3.5421875000
14387.,3.5546875
14388.,3.579375
14389.,3.591875
14390.,3.5471875
14391.,3.5778125000
14392.,3.569375
14393.,3.574375
14394.,3.551875
14395.,3.5709375
14396.,3.5656250000
14397.,3.5790625
14398.,3.5546875
14399.,3.57125
14400.,3.5471875
14401.,3.5612500000
14402.,3.538125
14403.,3.5578125000
14404.,3.540625
14405.,3.579375
14406.,3.546875
14407.,3.5409375
14408.,3.5596875
14409.,3.5575
14410.,3.574375
14411.,3.545
14412.,3.5490625000
14413.,3.55125
14414.,3.570625
14415.,3.5475
14416.,3.5778125000
14417.,3.5540625
14418.,3.5665625
14419.,3.5365625
14420.,3.559375
14421.,3.5690625000
14422.,3.5503125
14423.,3.5334375000
14424.,3.5434375
14425.,3.5384375
14426.,3.5775
14427.,3.5656250000
14428.,3.575625
14429.,3.565
14430.,3.599375
14431.,3.57375
14432.,3.57125
14433.,3.5575
14434.,3.5815625
14435.,3.565
14436.,3.5603125
14437.,3.5703125
14438.,3.54875
14439.,3.5440625
14440.,3.5859375
14441.,3.5609375
14442.,3.5421875000
14443.,3.55375
14444.,3.5490625000
14445.,3.530625
14446.,3.553125
14447.,3.56
14448.,3.5709375
14449.,3.5768750000
14450.,3.551875
14451.,3.5584375
14452.,3.555
14453.,3.5653125
14454.,3.5634375
14455.,3.5500000000
14456.,3.56
14457.,3.5615625
14458.,3.5415625
14459.,3.5390625
14460.,3.5534375000
14461.,3.5528125
14462.,3.5484375
14463.,3.5571875
14464.,3.5596875
14465.,3.5296875
14466.,3.52375
14467.,3.550625
14468.,3.5903125
14469.,3.57625
14470.,3.5303125
14471.,3.5784375
14472.,3.5571875
14473.,3.544375
14474.,3.553125
14475.,3.541875
14476.,3.560625
14477.,3.54375
14478.,3.5703125
14479.,3.560625
14480.,3.5428125
14481.,3.538125
14482.,3.580625
14483.,3.5728125
14484.,3.5384375
14485.,3.561875
14486.,3.5509375
14487.,3.5534375000
14488.,3.5475
14489.,3.52375
14490.,3.5334375000
14491.,3.54
14492.,3.55125
14493.,3.5221875000
14494.,3.539375
14495.,3.5621875000
14496.,3.5403125
14497.,3.5646875000
14498.,3.5375
14499.,3.5703125
14500.,3.549375
14501.,3.5521875
14502.,3.5284375
14503.,3.5584375
14504.,3.5496875
14505.,3.5271875
14506.,3.5365625
14507.,3.5456250000
14508.,3.5403125
14509.,3.549375
14510.,3.5534375000
14511.,3.5503125
14512.,3.5453125
14513.,3.5412500000
14514.,3.536875
14515.,3.5334375000
14516.,3.5625
14517.,3.5768750000
14518.,3.5234375
14519.,3.5390625
14520.,3.5565625
14521.,3.55375
14522.,3.529375
14523.,3.520625
14524.,3.544375
14525.,3.566875
14526.,3.55375
14527.,3.5768750000
14528.,3.5709375
14529.,3.5321875
14530.,3.5471875
14531.,3.548125
14532.,3.546875
14533.,3.558125
14534.,3.5475
14535.,3.540625
14536.,3.5715625
14537.,3.57375
14538.,3.5640625
14539.,3.55875
14540.,3.5621875000
14541.,3.551875
14542.,3.5653125
14543.,3.559375
14544.,3.5628125
14545.,3.575625
14546.,3.5646875000
14547.,3.5768750000
14548.,3.56375
14549.,3.573125
14550.,3.600625
14551.,3.5846875000
14552.,3.5590625
14553.,3.58875
14554.,3.5890625000
14555.,3.5703125
14556.,3.5496875
14557.,3.5771875
14558.,3.56625
14559.,3.57375
14560.,3.5709375
14561.,3.5728125
14562.,3.57625
14563.,3.5778125000
14564.,3.561875
14565.,3.5612500000
14566.,3.545
14567.,3.5790625
14568.,3.5896875
14569.,3.5590625
14570.,3.5296875
14571.,3.57125
14572.,3.5300000000
14573.,3.5290625
14574.,3.536875
14575.,3.558125
14576.,3.55375
14577.,3.570625
14578.,3.538125
14579.,3.5725000000
14580.,3.568125
14581.,3.5456250000
14582.,3.5715625
14583.,3.5375
14584.,3.549375
14585.,3.524375
14586.,3.5321875
14587.,3.536875
14588.,3.5387500000
14589.,3.5478125
14590.,3.5390625
14591.,3.5559375
14592.,3.5559375
14593.,3.5231250000
14594.,3.5425
14595.,3.55625
14596.,3.5203125
14597.,3.531875
14598.,3.5275
14599.,3.533125
14600.,3.5409375
14601.,3.5484375
14602.,3.5496875
14603.,3.5303125
14604.,3.5353125
14605.,3.5403125
14606.,3.5321875
14607.,3.5187500000
14608.,3.5412500000
14609.,3.55125
14610.,3.510625
14611.,3.550625
14612.,3.5375
14613.,3.564375
14614.,3.5271875
14615.,3.5171875
14616.,3.5321875
14617.,3.5321875
14618.,3.5421875000
14619.,3.5121875
14620.,3.550625
14621.,3.5475
14622.,3.5365625
14623.,3.526875
14624.,3.5453125
14625.,3.5303125
14626.,3.5353125
14627.,3.496875
14628.,3.5543750000
14629.,3.525
14630.,3.529375
14631.,3.5278125
14632.,3.50875
14633.,3.5409375
14634.,3.5125
14635.,3.5343750000
14636.,3.5096875
14637.,3.54
14638.,3.5334375000
14639.,3.51375
14640.,3.5415625
14641.,3.524375
14642.,3.5290625
14643.,3.5109375000
14644.,3.508125
14645.,3.5175
14646.,3.5284375
14647.,3.533125
14648.,3.5359375
14649.,3.5309375000
14650.,3.53625
14651.,3.5271875
14652.,3.52
14653.,3.518125
14654.,3.538125
14655.,3.540625
14656.,3.529375
14657.,3.4940625
14658.,3.5275
14659.,3.5387500000
14660.,3.538125
14661.,3.509375
14662.,3.5203125
14663.,3.5196875
14664.,3.54875
14665.,3.53625
14666.,3.5340625
14667.,3.5203125
14668.,3.5375
14669.,3.518125
14670.,3.54
14671.,3.5475
14672.,3.55375
14673.,3.5428125
14674.,3.5546875
14675.,3.539375
14676.,3.56375
14677.,3.5387500000
14678.,3.5215625
14679.,3.5343750000
14680.,3.53125
14681.,3.5465625000
14682.,3.5253125
14683.,3.5446875
14684.,3.5375
14685.,3.543125
14686.,3.5409375
14687.,3.536875
14688.,3.551875
14689.,3.561875
14690.,3.5328125
14691.,3.5500000000
14692.,3.568125
14693.,3.551875
14694.,3.5665625
14695.,3.563125
14696.,3.5334375000
14697.,3.5596875
14698.,3.5621875000
14699.,3.535
14700.,3.5446875
14701.,3.5515625
14702.,3.5740625
14703.,3.5571875
14704.,3.5625
14705.,3.5612500000
14706.,3.5834375
14707.,3.550625
14708.,3.5721875
14709.,3.559375
14710.,3.5871875
14711.,3.5896875
14712.,3.55875
14713.,3.58375
14714.,3.5728125
14715.,3.5446875
14716.,3.5225
14717.,3.56875
14718.,3.5515625
14719.,3.551875
14720.,3.570625
14721.,3.56
14722.,3.5740625
14723.,3.583125
14724.,3.5665625
14725.,3.594375
14726.,3.584375
14727.,3.6012500000
14728.,3.5881250000
14729.,3.555625
14730.,3.57625
14731.,3.56
14732.,3.56625
14733.,3.5696875
14734.,3.575
14735.,3.5709375
14736.,3.5784375
14737.,3.57625
14738.,3.59125
14739.,3.5803125000
14740.,3.5709375
14741.,3.5840625
14742.,3.55375
14743.,3.5646875000
14744.,3.564375
14745.,3.5328125
14746.,3.5421875000
14747.,3.560625
14748.,3.56625
14749.,3.5628125
14750.,3.5225
14751.,3.53375
14752.,3.540625
14753.,3.5684375
14754.,3.5603125
14755.,3.5378125000
14756.,3.5375
14757.,3.52125
14758.,3.5478125
14759.,3.549375
14760.,3.5478125
14761.,3.5571875
14762.,3.5603125
14763.,3.535625
14764.,3.53625
14765.,3.5446875
14766.,3.536875
14767.,3.5187500000
14768.,3.5559375
14769.,3.5490625000
14770.,3.5521875
14771.,3.5609375
14772.,3.5253125
14773.,3.5515625
14774.,3.565
14775.,3.536875
14776.,3.53625
14777.,3.5325
14778.,3.5109375000
14779.,3.5609375
14780.,3.53625
14781.,3.529375
14782.,3.5578125000
14783.,3.5553125
14784.,3.5609375
14785.,3.56
14786.,3.55875
14787.,3.564375
14788.,3.5471875
14789.,3.570625
14790.,3.57125
14791.,3.5615625
14792.,3.5721875
14793.,3.5371875
14794.,3.5471875
14795.,3.5690625000
14796.,3.5484375
14797.,3.5253125
14798.,3.5300000000
14799.,3.55875
14800.,3.5715625
14801.,3.5565625
14802.,3.5690625000
14803.,3.5659375
14804.,3.5715625
14805.,3.565
14806.,3.52625
14807.,3.574375
14808.,3.571875
14809.,3.5612500000
14810.,3.5425
14811.,3.563125
14812.,3.5584375
14813.,3.5571875
14814.,3.539375
14815.,3.5303125
14816.,3.5271875
14817.,3.543125
14818.,3.5540625
14819.,3.536875
14820.,3.536875
14821.,3.558125
14822.,3.5034375
14823.,3.5378125000
14824.,3.541875
14825.,3.5740625
14826.,3.5559375
14827.,3.5565625
14828.,3.55375
14829.,3.5521875
14830.,3.5575
14831.,3.5246875
14832.,3.5568750000
14833.,3.555
14834.,3.56
14835.,3.5678125
14836.,3.5428125
14837.,3.55125
14838.,3.5571875
14839.,3.53625
14840.,3.5546875
14841.,3.5325
14842.,3.5700000000
14843.,3.5768750000
14844.,3.5440625
14845.,3.5740625
14846.,3.578125
14847.,3.5584375
14848.,3.5875
14849.,3.5740625
14850.,3.5675
14851.,3.5703125
14852.,3.5765625
14853.,3.561875
14854.,3.568125
14855.,3.55125
14856.,3.5921875
14857.,3.5721875
14858.,3.573125
14859.,3.543125
14860.,3.5703125
14861.,3.5796875
14862.,3.578125
14863.,3.5734375000
14864.,3.5528125
14865.,3.5709375
14866.,3.573125
14867.,3.5768750000
14868.,3.5571875
14869.,3.575625
14870.,3.548125
14871.,3.549375
14872.,3.5568750000
14873.,3.5546875
14874.,3.563125
14875.,3.58
14876.,3.5759375
14877.,3.5534375000
14878.,3.5881250000
14879.,3.61375
14880.,3.57875
14881.,3.5834375
14882.,3.5565625
14883.,3.5596875
14884.,3.580625
14885.,3.5496875
14886.,3.5503125
14887.,3.5603125
14888.,3.5700000000
14889.,3.5484375
14890.,3.5671875
14891.,3.57125
14892.,3.5546875
14893.,3.5671875
14894.,3.5496875
14895.,3.545
14896.,3.5809375
14897.,3.573125
14898.,3.573125
14899.,3.5768750000
14900.,3.559375
14901.,3.5815625
14902.,3.578125
14903.,3.563125
14904.,3.5584375
14905.,3.5940625
14906.,3.56875
14907.,3.570625
14908.,3.5696875
14909.,3.5828125
14910.,3.5778125000
14911.,3.5521875
14912.,3.5671875
14913.,3.59625
14914.,3.58375
14915.,3.5753125
14916.,3.57375
14917.,3.5621875000
14918.,3.5809375
14919.,3.57125
14920.,3.5515625
14921.,3.549375
14922.,3.575625
14923.,3.56375
14924.,3.57875
14925.,3.555
14926.,3.5690625000
14927.,3.585
14928.,3.5465625000
14929.,3.54
14930.,3.555625
14931.,3.5496875
14932.,3.5143750000
14933.,3.5340625
14934.,3.5496875
14935.,3.5434375
14936.,3.5340625
14937.,3.5646875000
14938.,3.5728125
14939.,3.573125
14940.,3.539375
14941.,3.5240625
14942.,3.5428125
14943.,3.5425
14944.,3.561875
14945.,3.5265625000
14946.,3.525
14947.,3.546875
14948.,3.5578125000
14949.,3.5621875000
14950.,3.5703125
14951.,3.55125
14952.,3.5709375
14953.,3.5346875
14954.,3.536875
14955.,3.5553125
14956.,3.5656250000
14957.,3.5659375
14958.,3.53125
14959.,3.5434375
14960.,3.5509375
14961.,3.5440625
14962.,3.54875
14963.,3.5309375000
14964.,3.5321875
14965.,3.535625
14966.,3.518125
14967.,3.5384375
14968.,3.52125
14969.,3.541875
14970.,3.558125
14971.,3.558125
14972.,3.5415625
14973.,3.5503125
14974.,3.551875
14975.,3.573125
14976.,3.549375
14977.,3.5656250000
14978.,3.56375
14979.,3.54375
14980.,3.548125
14981.,3.579375
14982.,3.5578125000
14983.,3.5853125
14984.,3.5459375
14985.,3.555625
14986.,3.5690625000
14987.,3.5565625
14988.,3.5503125
14989.,3.53125
14990.,3.533125
14991.,3.558125
14992.,3.5559375
14993.,3.555
14994.,3.5584375
14995.,3.56375
14996.,3.549375
14997.,3.5187500000
14998.,3.5384375
14999.,3.535
15000.,3.5809375
15001.,3.5456250000
15002.,3.575625
15003.,3.569375
15004.,3.5940625
15005.,3.555
15006.,3.5771875
15007.,3.5768750000
15008.,3.5921875
15009.,3.57125
15010.,3.551875
15011.,3.5753125
15012.,3.565
15013.,3.564375
15014.,3.536875
15015.,3.573125
15016.,3.574375
15017.,3.5590625
15018.,3.5603125
15019.,3.5346875
15020.,3.5653125
15021.,3.536875
15022.,3.5525
15023.,3.5446875
15024.,3.5609375
15025.,3.5609375
15026.,3.54375
15027.,3.570625
15028.,3.56
15029.,3.5865625
15030.,3.570625
15031.,3.5628125
15032.,3.5409375
15033.,3.5746875
15034.,3.5778125000
15035.,3.550625
15036.,3.5656250000
15037.,3.5609375
15038.,3.5896875
15039.,3.5612500000
15040.,3.573125
15041.,3.565
15042.,3.5728125
15043.,3.5465625000
15044.,3.5384375
15045.,3.560625
15046.,3.553125
15047.,3.5768750000
15048.,3.5500000000
15049.,3.5425
15050.,3.555625
15051.,3.581875
15052.,3.54875
15053.,3.5684375
15054.,3.56
15055.,3.5615625
15056.,3.5475
15057.,3.5696875
15058.,3.5612500000
15059.,3.548125
15060.,3.5434375
15061.,3.5490625000
15062.,3.5543750000
15063.,3.543125
15064.,3.5375
15065.,3.5471875
15066.,3.5759375
15067.,3.55125
15068.,3.5646875000
15069.,3.5775
15070.,3.5725000000
15071.,3.5640625
15072.,3.581875
15073.,3.563125
15074.,3.5690625000
15075.,3.53375
15076.,3.5700000000
15077.,3.570625
15078.,3.58625
15079.,3.5759375
15080.,3.5815625
15081.,3.5734375000
15082.,3.5565625
15083.,3.5881250000
15084.,3.6
15085.,3.5684375
15086.,3.55625
15087.,3.5840625
15088.,3.605
15089.,3.5665625
15090.,3.585
15091.,3.5871875
15092.,3.5746875
15093.,3.5790625
15094.,3.5678125
15095.,3.5590625
15096.,3.57375
15097.,3.5575
15098.,3.5828125
15099.,3.6025
15100.,3.548125
15101.,3.586875
15102.,3.57875
15103.,3.5446875
15104.,3.5671875
15105.,3.5896875
15106.,3.5571875
15107.,3.586875
15108.,3.58
15109.,3.5871875
15110.,3.5715625
15111.,3.5659375
15112.,3.5896875
15113.,3.5996875
15114.,3.6012500000
15115.,3.5621875000
15116.,3.565
15117.,3.5959375000
15118.,3.58625
15119.,3.5703125
15120.,3.5546875
15121.,3.5821875
15122.,3.59875
15123.,3.5790625
15124.,3.5881250000
15125.,3.5778125000
15126.,3.5875
15127.,3.5690625000
15128.,3.6046875000
15129.,3.5871875
15130.,3.563125
15131.,3.5559375
15132.,3.5790625
15133.,3.5896875
15134.,3.5590625
15135.,3.593125
15136.,3.5653125
15137.,3.568125
15138.,3.5565625
15139.,3.5803125000
15140.,3.5784375
15141.,3.571875
15142.,3.559375
15143.,3.5456250000
15144.,3.563125
15145.,3.566875
15146.,3.565
15147.,3.5775
15148.,3.58625
15149.,3.5734375000
15150.,3.5725000000
15151.,3.5853125
15152.,3.5634375
15153.,3.564375
15154.,3.55375
15155.,3.575
15156.,3.5953125
15157.,3.5675
15158.,3.564375
15159.,3.5525
15160.,3.5665625
15161.,3.5603125
15162.,3.5621875000
15163.,3.5721875
15164.,3.5678125
15165.,3.5765625
15166.,3.57375
15167.,3.5503125
15168.,3.5671875
15169.,3.5915625
15170.,3.58
15171.,3.573125
15172.,3.585
15173.,3.5646875000
15174.,3.5446875
15175.,3.5543750000
15176.,3.5553125
15177.,3.5503125
15178.,3.55875
15179.,3.559375
15180.,3.564375
15181.,3.5590625
15182.,3.5603125
15183.,3.5684375
15184.,3.553125
15185.,3.5612500000
15186.,3.55875
15187.,3.5628125
15188.,3.5578125000
15189.,3.555625
15190.,3.5778125000
15191.,3.5396875
15192.,3.575625
15193.,3.5759375
15194.,3.5775
15195.,3.5965625
15196.,3.54875
15197.,3.5840625
15198.,3.575625
15199.,3.5665625
15200.,3.5890625000
15201.,3.59375
15202.,3.5968750000
15203.,3.575625
15204.,3.5584375
15205.,3.6081250000
15206.,3.6121875
15207.,3.5953125
15208.,3.6012500000
15209.,3.5715625
15210.,3.58875
15211.,3.58625
15212.,3.5759375
15213.,3.5628125
15214.,3.559375
15215.,3.594375
15216.,3.5881250000
15217.,3.5740625
15218.,3.5640625
15219.,3.5825
15220.,3.5471875
15221.,3.5809375
15222.,3.5603125
15223.,3.5553125
15224.,3.573125
15225.,3.5821875
15226.,3.6071875
15227.,3.5821875
15228.,3.5775
15229.,3.563125
15230.,3.581875
15231.,3.594375
15232.,3.58875
15233.,3.5628125
15234.,3.580625
15235.,3.56875
15236.,3.5671875
15237.,3.575
15238.,3.5728125
15239.,3.565
15240.,3.6090625000
15241.,3.5734375000
15242.,3.5828125
15243.,3.5765625
15244.,3.601875
15245.,3.5921875
15246.,3.5875
15247.,3.5803125000
15248.,3.5896875
15249.,3.5875
15250.,3.6115625000
15251.,3.5959375000
15252.,3.610625
15253.,3.5903125
15254.,3.6009375
15255.,3.59375
15256.,3.604375
15257.,3.6140625
15258.,3.5859375
15259.,3.579375
15260.,3.59875
15261.,3.59125
15262.,3.6015625
15263.,3.604375
15264.,3.5881250000
15265.,3.62625
15266.,3.603125
15267.,3.6040625
15268.,3.598125
15269.,3.6
15270.,3.5803125000
15271.,3.5903125
15272.,3.5790625
15273.,3.5959375000
15274.,3.605625
15275.,3.5812500000
15276.,3.5725000000
15277.,3.5768750000
15278.,3.59125
15279.,3.5653125
15280.,3.5959375000
15281.,3.5840625
15282.,3.5965625
15283.,3.5746875
15284.,3.5656250000
15285.,3.5965625
15286.,3.5734375000
15287.,3.6090625000
15288.,3.57125
15289.,3.5809375
15290.,3.5746875
15291.,3.5709375
15292.,3.57375
15293.,3.5875
15294.,3.58
15295.,3.5696875
15296.,3.5728125
15297.,3.5859375
15298.,3.5759375
15299.,3.569375
15300.,3.5659375
15301.,3.5796875
15302.,3.5853125
15303.,3.575
15304.,3.601875
15305.,3.5771875
15306.,3.5759375
15307.,3.5740625
15308.,3.5959375000
15309.,3.5768750000
15310.,3.579375
15311.,3.559375
15312.,3.5709375
15313.,3.5759375
15314.,3.5909375
15315.,3.5971875
15316.,3.5965625
15317.,3.5784375
15318.,3.5984375
15319.,3.5903125
15320.,3.5859375
15321.,3.6021875
15322.,3.561875
15323.,3.5840625
15324.,3.59
15325.,3.5775
15326.,3.5721875
15327.,3.5728125
15328.,3.5821875
15329.,3.615625
15330.,3.5703125
15331.,3.5603125
15332.,3.5775
15333.,3.5884375
15334.,3.59375
15335.,3.5903125
15336.,3.5915625
15337.,3.5678125
15338.,3.5784375
15339.,3.570625
15340.,3.575
15341.,3.5615625
15342.,3.5453125
15343.,3.559375
15344.,3.5890625000
15345.,3.59875
15346.,3.5865625
15347.,3.5853125
15348.,3.5778125000
15349.,3.5746875
15350.,3.5925000000
15351.,3.5859375
15352.,3.5543750000
15353.,3.566875
15354.,3.561875
15355.,3.549375
15356.,3.568125
15357.,3.6021875
15358.,3.5634375
15359.,3.5959375000
15360.,3.566875
15361.,3.5909375
15362.,3.6159375000
15363.,3.5746875
15364.,3.58875
15365.,3.546875
15366.,3.5846875000
15367.,3.5671875
15368.,3.5940625
15369.,3.57875
15370.,3.5946875
15371.,3.5856250000
15372.,3.59375
15373.,3.5878125
15374.,3.5578125000
15375.,3.5768750000
15376.,3.6109375
15377.,3.5812500000
15378.,3.546875
15379.,3.5865625
15380.,3.6034375
15381.,3.593125
15382.,3.591875
15383.,3.5878125
15384.,3.581875
15385.,3.6071875
15386.,3.58
15387.,3.5803125000
15388.,3.5968750000
15389.,3.6028125
15390.,3.58875
15391.,3.5878125
15392.,3.59375
15393.,3.57625
15394.,3.579375
15395.,3.5865625
15396.,3.580625
15397.,3.569375
15398.,3.57875
15399.,3.5684375
15400.,3.610625
15401.,3.6078125
15402.,3.60875
15403.,3.599375
15404.,3.5840625
15405.,3.5971875
15406.,3.5803125000
15407.,3.5978125
15408.,3.611875
15409.,3.5734375000
15410.,3.569375
15411.,3.5546875
15412.,3.5528125
15413.,3.5678125
15414.,3.584375
15415.,3.5825
15416.,3.5903125
15417.,3.5934375000
15418.,3.6
15419.,3.590625
15420.,3.5765625
15421.,3.59375
15422.,3.5803125000
15423.,3.558125
15424.,3.568125
15425.,3.5953125
15426.,3.5865625
15427.,3.600625
15428.,3.5775
15429.,3.578125
15430.,3.57625
15431.,3.58
15432.,3.5884375
15433.,3.583125
15434.,3.5853125
15435.,3.591875
15436.,3.57625
15437.,3.585
15438.,3.57375
15439.,3.6096875
15440.,3.5528125
15441.,3.5709375
15442.,3.58875
15443.,3.5812500000
15444.,3.6225
15445.,3.5809375
15446.,3.5859375
15447.,3.5921875
15448.,3.5625
15449.,3.57125
15450.,3.574375
15451.,3.58
15452.,3.5768750000
15453.,3.5768750000
15454.,3.5784375
15455.,3.5490625000
15456.,3.5721875
15457.,3.5765625
15458.,3.5603125
15459.,3.56375
15460.,3.5812500000
15461.,3.5665625
15462.,3.5740625
15463.,3.593125
15464.,3.5865625
15465.,3.5915625
15466.,3.5953125
15467.,3.606875
15468.,3.5871875
15469.,3.5934375000
15470.,3.5768750000
15471.,3.563125
15472.,3.574375
15473.,3.578125
15474.,3.56875
15475.,3.57875
15476.,3.574375
15477.,3.5759375
15478.,3.605
15479.,3.5768750000
15480.,3.5759375
15481.,3.600625
15482.,3.5734375000
15483.,3.568125
15484.,3.590625
15485.,3.5878125
15486.,3.5765625
15487.,3.578125
15488.,3.58
15489.,3.5725000000
15490.,3.5796875
15491.,3.5775
15492.,3.58
15493.,3.5853125
15494.,3.579375
15495.,3.5700000000
15496.,3.57625
15497.,3.598125
15498.,3.5725000000
15499.,3.61
15500.,3.5825
15501.,3.5856250000
15502.,3.59
15503.,3.5815625
15504.,3.5709375
15505.,3.5759375
15506.,3.569375
15507.,3.56
15508.,3.5625
15509.,3.5856250000
15510.,3.5768750000
15511.,3.5653125
15512.,3.549375
15513.,3.550625
15514.,3.5500000000
15515.,3.5500000000
15516.,3.55125
15517.,3.5440625
15518.,3.5465625000
15519.,3.5728125
15520.,3.5590625
15521.,3.555
15522.,3.538125
15523.,3.5584375
15524.,3.539375
15525.,3.54375
15526.,3.55875
15527.,3.5646875000
15528.,3.5359375
15529.,3.5609375
15530.,3.5543750000
15531.,3.573125
15532.,3.5656250000
15533.,3.5768750000
15534.,3.55625
15535.,3.5612500000
15536.,3.560625
15537.,3.565
15538.,3.5828125
15539.,3.5328125
15540.,3.5543750000
15541.,3.5343750000
15542.,3.5603125
15543.,3.544375
15544.,3.5765625
15545.,3.5725000000
15546.,3.5615625
15547.,3.56375
15548.,3.5684375
15549.,3.5940625
15550.,3.5565625
15551.,3.56625
15552.,3.5590625
15553.,3.56875
15554.,3.5715625
15555.,3.561875
15556.,3.57125
15557.,3.5659375
15558.,3.5825
15559.,3.5553125
15560.,3.555
15561.,3.575625
15562.,3.583125
15563.,3.5746875
15564.,3.5834375
15565.,3.595625
15566.,3.59625
15567.,3.5728125
15568.,3.5940625
15569.,3.569375
15570.,3.5696875
15571.,3.5815625
15572.,3.570625
15573.,3.566875
15574.,3.5671875
15575.,3.6090625000
15576.,3.5775
15577.,3.5965625
15578.,3.6125000000
15579.,3.59625
15580.,3.5984375
15581.,3.569375
15582.,3.5656250000
15583.,3.563125
15584.,3.594375
15585.,3.584375
15586.,3.5965625
15587.,3.58625
15588.,3.5690625000
15589.,3.5825
15590.,3.56375
15591.,3.5675
15592.,3.5940625
15593.,3.57875
15594.,3.5728125
15595.,3.5915625
15596.,3.586875
15597.,3.603125
15598.,3.60875
15599.,3.5940625
15600.,3.586875
15601.,3.5953125
15602.,3.5753125
15603.,3.603125
15604.,3.6140625
15605.,3.60875
15606.,3.6059375
15607.,3.62125
15608.,3.6190625
15609.,3.6053125
15610.,3.6096875
15611.,3.6090625000
15612.,3.6075
15613.,3.58875
15614.,3.6168750000
15615.,3.6225
15616.,3.615
15617.,3.6115625000
15618.,3.6109375
15619.,3.5996875
15620.,3.6103125
15621.,3.6190625
15622.,3.580625
15623.,3.61
15624.,3.5996875
15625.,3.6078125
15626.,3.6075
15627.,3.6
15628.,3.599375
15629.,3.6021875
15630.,3.5803125000
15631.,3.5846875000
15632.,3.590625
15633.,3.6040625
15634.,3.6037500000
15635.,3.603125
15636.,3.5821875
15637.,3.5975
15638.,3.5678125
15639.,3.605625
15640.,3.6015625
15641.,3.6128125
15642.,3.6015625
15643.,3.590625
15644.,3.5984375
15645.,3.568125
15646.,3.6081250000
15647.,3.5853125
15648.,3.5984375
15649.,3.5996875
15650.,3.59625
15651.,3.5878125
15652.,3.6178125
15653.,3.58
15654.,3.5884375
15655.,3.570625
15656.,3.5790625
15657.,3.5475
15658.,3.59125
15659.,3.5768750000
15660.,3.583125
15661.,3.5778125000
15662.,3.573125
15663.,3.5953125
15664.,3.59375
15665.,3.590625
15666.,3.59875
15667.,3.598125
15668.,3.5934375000
15669.,3.595625
15670.,3.5646875000
15671.,3.5946875
15672.,3.6078125
15673.,3.5875
15674.,3.600625
15675.,3.5740625
15676.,3.5875
15677.,3.5775
15678.,3.5925000000
15679.,3.5721875
15680.,3.5796875
15681.,3.5796875
15682.,3.6084375
15683.,3.5715625
15684.,3.5971875
15685.,3.598125
15686.,3.59125
15687.,3.5884375
15688.,3.59125
15689.,3.5959375000
15690.,3.5771875
15691.,3.584375
15692.,3.5553125
15693.,3.5678125
15694.,3.56625
15695.,3.5909375
15696.,3.57875
15697.,3.601875
15698.,3.59375
15699.,3.58875
15700.,3.58
15701.,3.605
15702.,3.6059375
15703.,3.593125
15704.,3.575
15705.,3.598125
15706.,3.5815625
15707.,3.58375
15708.,3.5812500000
15709.,3.618125
15710.,3.585
15711.,3.5971875
15712.,3.5821875
15713.,3.6009375
15714.,3.625
15715.,3.598125
15716.,3.6275
15717.,3.5978125
15718.,3.6159375000
15719.,3.5996875
15720.,3.5978125
15721.,3.6175
15722.,3.59375
15723.,3.5890625000
15724.,3.5896875
15725.,3.59875
15726.,3.5903125
15727.,3.6090625000
15728.,3.5953125
15729.,3.5934375000
15730.,3.5778125000
15731.,3.584375
15732.,3.59125
15733.,3.5934375000
15734.,3.5928125
15735.,3.6065625
15736.,3.566875
15737.,3.5553125
15738.,3.5896875
15739.,3.586875
15740.,3.59
15741.,3.575
15742.,3.5859375
15743.,3.604375
15744.,3.5940625
15745.,3.5815625
15746.,3.611875
15747.,3.6190625
15748.,3.5828125
15749.,3.595625
15750.,3.5778125000
15751.,3.5759375
15752.,3.6190625
15753.,3.5871875
15754.,3.584375
15755.,3.6115625000
15756.,3.5975
15757.,3.5765625
15758.,3.5859375
15759.,3.5928125
15760.,3.59875
15761.,3.590625
15762.,3.566875
15763.,3.5815625
15764.,3.6009375
15765.,3.5696875
15766.,3.5946875
15767.,3.6021875
15768.,3.5856250000
15769.,3.5959375000
15770.,3.6009375
15771.,3.5996875
15772.,3.63
15773.,3.5996875
15774.,3.5759375
15775.,3.61375
15776.,3.611875
15777.,3.6334375
15778.,3.6203125000
15779.,3.61125
15780.,3.6275
15781.,3.624375
15782.,3.6
15783.,3.6090625000
15784.,3.6109375
15785.,3.6015625
15786.,3.594375
15787.,3.59625
15788.,3.5925000000
15789.,3.59375
15790.,3.62125
15791.,3.601875
15792.,3.5796875
15793.,3.5953125
15794.,3.605625
15795.,3.5946875
15796.,3.59125
15797.,3.604375
15798.,3.6115625000
15799.,3.5975
15800.,3.581875
15801.,3.5928125
15802.,3.604375
15803.,3.61375
15804.,3.5840625
15805.,3.601875
15806.,3.59125
15807.,3.5928125
15808.,3.59
15809.,3.5971875
15810.,3.58875
15811.,3.5725000000
15812.,3.564375
15813.,3.56875
15814.,3.600625
15815.,3.5859375
15816.,3.585
15817.,3.5871875
15818.,3.564375
15819.,3.57875
15820.,3.5740625
15821.,3.565
15822.,3.581875
15823.,3.5846875000
15824.,3.580625
15825.,3.5840625
15826.,3.58625
15827.,3.561875
15828.,3.5612500000
15829.,3.5753125
15830.,3.590625
15831.,3.601875
15832.,3.574375
15833.,3.5768750000
15834.,3.59
15835.,3.593125
15836.,3.5881250000
15837.,3.61625
15838.,3.6134375
15839.,3.5815625
15840.,3.5765625
15841.,3.591875
15842.,3.5703125
15843.,3.5675
15844.,3.5840625
15845.,3.5790625
15846.,3.5453125
15847.,3.565
15848.,3.5903125
15849.,3.5825
15850.,3.5700000000
15851.,3.5825
15852.,3.5603125
15853.,3.56875
15854.,3.5915625
15855.,3.5765625
15856.,3.5896875
15857.,3.5865625
15858.,3.5859375
15859.,3.6021875
15860.,3.575625
15861.,3.57375
15862.,3.5812500000
15863.,3.5603125
15864.,3.565
15865.,3.5446875
15866.,3.57375
15867.,3.591875
15868.,3.5659375
15869.,3.5571875
15870.,3.5634375
15871.,3.5478125
15872.,3.5371875
15873.,3.5484375
15874.,3.5828125
15875.,3.5840625
15876.,3.5612500000
15877.,3.566875
15878.,3.5546875
15879.,3.5640625
15880.,3.55375
15881.,3.560625
15882.,3.55375
15883.,3.593125
15884.,3.5446875
15885.,3.5571875
15886.,3.5584375
15887.,3.5703125
15888.,3.57875
15889.,3.5675
15890.,3.5721875
15891.,3.575625
15892.,3.593125
15893.,3.56625
15894.,3.581875
15895.,3.605
15896.,3.6021875
15897.,3.5896875
15898.,3.5871875
15899.,3.5925000000
15900.,3.6109375
15901.,3.5968750000
15902.,3.5746875
15903.,3.614375
15904.,3.5921875
15905.,3.5959375000
15906.,3.5865625
15907.,3.5784375
15908.,3.58875
15909.,3.589375
15910.,3.594375
15911.,3.5809375
15912.,3.605
15913.,3.6375
15914.,3.6025
15915.,3.6012500000
15916.,3.5700000000
15917.,3.6009375
15918.,3.57625
15919.,3.5865625
15920.,3.6171875
15921.,3.64875
15922.,3.5859375
15923.,3.6134375
15924.,3.620625
15925.,3.62125
15926.,3.613125
15927.,3.5871875
15928.,3.6109375
15929.,3.5940625
15930.,3.60875
15931.,3.583125
15932.,3.59125
15933.,3.609375
15934.,3.6421875
15935.,3.6128125
15936.,3.6321875
15937.,3.6225
15938.,3.600625
15939.,3.6009375
15940.,3.6228125
15941.,3.60875
15942.,3.63375
15943.,3.6350000000
15944.,3.5984375
15945.,3.6134375
15946.,3.6325000000
15947.,3.6234375
15948.,3.595625
15949.,3.6015625
15950.,3.6328125
15951.,3.6134375
15952.,3.6065625
15953.,3.611875
15954.,3.610625
15955.,3.6309375
15956.,3.636875
15957.,3.618125
15958.,3.6081250000
15959.,3.6350000000
15960.,3.6071875
15961.,3.609375
15962.,3.5934375000
15963.,3.5940625
15964.,3.6065625
15965.,3.5946875
15966.,3.5790625
15967.,3.623125
15968.,3.6278125
15969.,3.6115625000
15970.,3.5934375000
15971.,3.6109375
15972.,3.62625
15973.,3.6193750000
15974.,3.585
15975.,3.6109375
15976.,3.5896875
15977.,3.62125
15978.,3.6081250000
15979.,3.6115625000
15980.,3.6153125
15981.,3.6168750000
15982.,3.6115625000
15983.,3.59375
15984.,3.57875
15985.,3.63375
15986.,3.6034375
15987.,3.6084375
15988.,3.615625
15989.,3.6168750000
15990.,3.6168750000
15991.,3.593125
15992.,3.6315625000
15993.,3.60625
15994.,3.5865625
15995.,3.6303125
15996.,3.59125
15997.,3.60875
15998.,3.620625
15999.,3.6237500000
16000.,3.613125
16001.,3.6421875
16002.,3.6134375
16003.,3.6153125
16004.,3.6168750000
16005.,3.620625
16006.,3.6265625
16007.,3.6003125000
16008.,3.6059375
16009.,3.57875
16010.,3.6015625
16011.,3.6021875
16012.,3.6025
16013.,3.5978125
16014.,3.5721875
16015.,3.5768750000
16016.,3.5928125
16017.,3.59
16018.,3.5834375
16019.,3.5990625
16020.,3.5778125000
16021.,3.5765625
16022.,3.57875
16023.,3.59375
16024.,3.5856250000
16025.,3.5865625
16026.,3.589375
16027.,3.5978125
16028.,3.5934375000
16029.,3.6040625
16030.,3.6196875
16031.,3.593125
16032.,3.6228125
16033.,3.6209375
16034.,3.56875
16035.,3.621875
16036.,3.5971875
16037.,3.625
16038.,3.63
16039.,3.5996875
16040.,3.6221875
16041.,3.5925000000
16042.,3.58875
16043.,3.58625
16044.,3.5634375
16045.,3.6240625
16046.,3.56875
16047.,3.5728125
16048.,3.5996875
16049.,3.6084375
16050.,3.6153125
16051.,3.6215625
16052.,3.6037500000
16053.,3.6009375
16054.,3.575625
16055.,3.61
16056.,3.5881250000
16057.,3.5978125
16058.,3.61125
16059.,3.6059375
16060.,3.6071875
16061.,3.6053125
16062.,3.629375
16063.,3.618125
16064.,3.6175
16065.,3.5875
16066.,3.625
16067.,3.6121875
16068.,3.590625
16069.,3.6184375
16070.,3.63625
16071.,3.6084375
16072.,3.604375
16073.,3.601875
16074.,3.6234375
16075.,3.6015625
16076.,3.6171875
16077.,3.603125
16078.,3.6034375
16079.,3.605
16080.,3.583125
16081.,3.6075
16082.,3.5875
16083.,3.5996875
16084.,3.6121875
16085.,3.5940625
16086.,3.5934375000
16087.,3.61625
16088.,3.64625
16089.,3.6178125
16090.,3.585
16091.,3.629375
16092.,3.5915625
16093.,3.61875
16094.,3.6171875
16095.,3.6203125000
16096.,3.6215625
16097.,3.623125
16098.,3.6234375
16099.,3.6053125
16100.,3.598125
16101.,3.623125
16102.,3.606875
16103.,3.6003125000
16104.,3.6175
16105.,3.6378125
16106.,3.5990625
16107.,3.6021875
16108.,3.6037500000
16109.,3.6037500000
16110.,3.6096875
16111.,3.610625
16112.,3.6028125
16113.,3.6365625
16114.,3.621875
16115.,3.6175
16116.,3.6081250000
16117.,3.645
16118.,3.6165625
16119.,3.6290625
16120.,3.6025
16121.,3.6090625000
16122.,3.630625
16123.,3.6168750000
16124.,3.623125
16125.,3.6065625
16126.,3.63
16127.,3.604375
16128.,3.6025
16129.,3.6278125
16130.,3.6353125
16131.,3.651875
16132.,3.6365625
16133.,3.6403125000
16134.,3.6350000000
16135.,3.6315625000
16136.,3.64
16137.,3.644375
16138.,3.6240625
16139.,3.6090625000
16140.,3.623125
16141.,3.60875
16142.,3.6225
16143.,3.6109375
16144.,3.6193750000
16145.,3.646875
16146.,3.6350000000
16147.,3.6428125000
16148.,3.6553125
16149.,3.6228125
16150.,3.6184375
16151.,3.6221875
16152.,3.6171875
16153.,3.6121875
16154.,3.5959375000
16155.,3.629375
16156.,3.6015625
16157.,3.610625
16158.,3.620625
16159.,3.6168750000
16160.,3.5921875
16161.,3.5875
16162.,3.6140625
16163.,3.6075
16164.,3.6059375
16165.,3.593125
16166.,3.586875
16167.,3.5871875
16168.,3.611875
16169.,3.565
16170.,3.58625
16171.,3.5959375000
16172.,3.609375
16173.,3.600625
16174.,3.581875
16175.,3.5653125
16176.,3.5746875
16177.,3.59875
16178.,3.5971875
16179.,3.61875
16180.,3.5740625
16181.,3.6025
16182.,3.5700000000
16183.,3.61125
16184.,3.6128125
16185.,3.615625
16186.,3.5812500000
16187.,3.5875
16188.,3.6046875000
16189.,3.5834375
16190.,3.583125
16191.,3.6165625
16192.,3.6059375
16193.,3.6153125
16194.,3.60875
16195.,3.5884375
16196.,3.61625
16197.,3.606875
16198.,3.5996875
16199.,3.5934375000
16200.,3.598125
16201.,3.6240625
16202.,3.6246875000
16203.,3.6037500000
16204.,3.600625
16205.,3.61125
16206.,3.599375
16207.,3.601875
16208.,3.6034375
16209.,3.6096875
16210.,3.5940625
16211.,3.6084375
16212.,3.6153125
16213.,3.6037500000
16214.,3.6303125
16215.,3.5796875
16216.,3.590625
16217.,3.5940625
16218.,3.5871875
16219.,3.6053125
16220.,3.58
16221.,3.5775
16222.,3.5753125
16223.,3.615
16224.,3.604375
16225.,3.5775
16226.,3.57875
16227.,3.5790625
16228.,3.5946875
16229.,3.5765625
16230.,3.5684375
16231.,3.574375
16232.,3.57125
16233.,3.5725000000
16234.,3.581875
16235.,3.583125
16236.,3.6109375
16237.,3.5628125
16238.,3.5728125
16239.,3.56875
16240.,3.5856250000
16241.,3.566875
16242.,3.5746875
16243.,3.5740625
16244.,3.575625
16245.,3.5812500000
16246.,3.5921875
16247.,3.5753125
16248.,3.574375
16249.,3.5665625
16250.,3.5784375
16251.,3.585
16252.,3.5871875
16253.,3.5840625
16254.,3.5815625
16255.,3.5928125
16256.,3.5721875
16257.,3.6071875
16258.,3.603125
16259.,3.6140625
16260.,3.5940625
16261.,3.57875
16262.,3.5809375
16263.,3.6003125000
16264.,3.5796875
16265.,3.605625
16266.,3.5878125
16267.,3.6178125
16268.,3.5959375000
16269.,3.605625
16270.,3.595
16271.,3.5746875
16272.,3.585
16273.,3.6128125
16274.,3.5821875
16275.,3.6012500000
16276.,3.5856250000
16277.,3.5778125000
16278.,3.595
16279.,3.6103125
16280.,3.6109375
16281.,3.6128125
16282.,3.6096875
16283.,3.6071875
16284.,3.615
16285.,3.60625
16286.,3.604375
16287.,3.604375
16288.,3.5946875
16289.,3.611875
16290.,3.6159375000
16291.,3.6134375
16292.,3.6125000000
16293.,3.6125000000
16294.,3.598125
16295.,3.6146875
16296.,3.5934375000
16297.,3.6153125
16298.,3.6146875
16299.,3.5896875
16300.,3.615625
16301.,3.615625
16302.,3.61
16303.,3.6221875
16304.,3.609375
16305.,3.6190625
16306.,3.605
16307.,3.63
16308.,3.624375
16309.,3.61
16310.,3.63125
16311.,3.64125
16312.,3.63
16313.,3.6081250000
16314.,3.634375
16315.,3.6309375
16316.,3.6409375
16317.,3.604375
16318.,3.6350000000
16319.,3.6453125
16320.,3.6071875
16321.,3.624375
16322.,3.6284375
16323.,3.6350000000
16324.,3.6221875
16325.,3.5940625
16326.,3.6284375
16327.,3.586875
16328.,3.618125
16329.,3.5990625
16330.,3.6171875
16331.,3.6440625
16332.,3.6303125
16333.,3.6184375
16334.,3.59625
16335.,3.5903125
16336.,3.6165625
16337.,3.6071875
16338.,3.606875
16339.,3.59
16340.,3.5753125
16341.,3.590625
16342.,3.584375
16343.,3.6021875
16344.,3.5881250000
16345.,3.5940625
16346.,3.6059375
16347.,3.598125
16348.,3.6090625000
16349.,3.5753125
16350.,3.585
16351.,3.5896875
16352.,3.6134375
16353.,3.5784375
16354.,3.615625
16355.,3.6003125000
16356.,3.59
16357.,3.5896875
16358.,3.6053125
16359.,3.6334375
16360.,3.6184375
16361.,3.6128125
16362.,3.6003125000
16363.,3.6153125
16364.,3.5928125
16365.,3.60625
16366.,3.5884375
16367.,3.6128125
16368.,3.6025
16369.,3.61125
16370.,3.595625
16371.,3.5968750000
16372.,3.609375
16373.,3.6265625
16374.,3.6125000000
16375.,3.6103125
16376.,3.593125
16377.,3.591875
16378.,3.6028125
16379.,3.610625
16380.,3.6103125
16381.,3.60625
16382.,3.6121875
16383.,3.6
16384.,3.5759375
16385.,3.5640625
16386.,3.5865625
16387.,3.600625
16388.,3.601875
16389.,3.6059375
16390.,3.599375
16391.,3.5890625000
16392.,3.5840625
16393.,3.5628125
16394.,3.59625
16395.,3.595625
16396.,3.575625
16397.,3.5896875
16398.,3.6021875
16399.,3.59375
16400.,3.595
16401.,3.6015625
16402.,3.6025
16403.,3.579375
16404.,3.605625
16405.,3.5721875
16406.,3.59
16407.,3.6234375
16408.,3.5840625
16409.,3.5746875
16410.,3.5746875
16411.,3.5812500000
16412.,3.58375
16413.,3.5996875
16414.,3.6115625000
16415.,3.594375
16416.,3.6096875
16417.,3.5934375000
16418.,3.598125
16419.,3.595625
16420.,3.6153125
16421.,3.613125
16422.,3.5915625
16423.,3.6346875
16424.,3.6225
16425.,3.5703125
16426.,3.6125000000
16427.,3.6053125
16428.,3.6159375000
16429.,3.5984375
16430.,3.6175
16431.,3.6228125
16432.,3.601875
16433.,3.581875
16434.,3.5946875
16435.,3.5978125
16436.,3.599375
16437.,3.5968750000
16438.,3.5846875000
16439.,3.5809375
16440.,3.5846875000
16441.,3.5846875000
16442.,3.6046875000
16443.,3.5746875
16444.,3.59875
16445.,3.6009375
16446.,3.625625
16447.,3.56875
16448.,3.6196875
16449.,3.6012500000
16450.,3.61125
16451.,3.6081250000
16452.,3.6065625
16453.,3.6340625
16454.,3.6090625000
16455.,3.6296875
16456.,3.6365625
16457.,3.611875
16458.,3.6415625
16459.,3.61375
16460.,3.6184375
16461.,3.6146875
16462.,3.64
16463.,3.5975
16464.,3.595
16465.,3.6165625
16466.,3.6084375
16467.,3.605625
16468.,3.6109375
16469.,3.5925000000
16470.,3.6196875
16471.,3.6096875
16472.,3.601875
16473.,3.605
16474.,3.605625
16475.,3.6159375000
16476.,3.620625
16477.,3.610625
16478.,3.61875
16479.,3.6128125
16480.,3.594375
16481.,3.624375
16482.,3.6125000000
16483.,3.6115625000
16484.,3.6278125
16485.,3.615
16486.,3.6165625
16487.,3.63625
16488.,3.6178125
16489.,3.610625
16490.,3.6165625
16491.,3.6365625
16492.,3.626875
16493.,3.621875
16494.,3.6075
16495.,3.600625
16496.,3.61875
16497.,3.6237500000
16498.,3.63125
16499.,3.600625
16500.,3.6009375
16501.,3.6159375000
16502.,3.5909375
16503.,3.614375
16504.,3.5959375000
16505.,3.5909375
16506.,3.6034375
16507.,3.595
16508.,3.6037500000
16509.,3.59375
16510.,3.5903125
16511.,3.6121875
16512.,3.5959375000
16513.,3.6159375000
16514.,3.61
16515.,3.5996875
16516.,3.6315625000
16517.,3.6025
16518.,3.6228125
16519.,3.598125
16520.,3.6103125
16521.,3.5856250000
16522.,3.5865625
16523.,3.5996875
16524.,3.6
16525.,3.5959375000
16526.,3.61375
16527.,3.5640625
16528.,3.5759375
16529.,3.6103125
16530.,3.6009375
16531.,3.59
16532.,3.604375
16533.,3.6065625
16534.,3.61375
16535.,3.61125
16536.,3.5875
16537.,3.58875
16538.,3.6084375
16539.,3.6046875000
16540.,3.595625
16541.,3.5909375
16542.,3.59625
16543.,3.620625
16544.,3.5921875
16545.,3.6125000000
16546.,3.5903125
16547.,3.6184375
16548.,3.5896875
16549.,3.6046875000
16550.,3.6009375
16551.,3.5903125
16552.,3.5915625
16553.,3.58875
16554.,3.5734375000
16555.,3.5765625
16556.,3.6084375
16557.,3.6009375
16558.,3.5996875
16559.,3.6115625000
16560.,3.6003125000
16561.,3.578125
16562.,3.595625
16563.,3.59625
16564.,3.6090625000
16565.,3.5971875
16566.,3.5934375000
16567.,3.5915625
16568.,3.5675
16569.,3.5543750000
16570.,3.5715625
16571.,3.57875
16572.,3.5571875
16573.,3.5809375
16574.,3.58
16575.,3.5953125
16576.,3.6040625
16577.,3.594375
16578.,3.571875
16579.,3.5768750000
16580.,3.58625
16581.,3.5815625
16582.,3.59875
16583.,3.615625
16584.,3.611875
16585.,3.5778125000
16586.,3.5768750000
16587.,3.5646875000
16588.,3.5915625
16589.,3.6350000000
16590.,3.5540625
16591.,3.5878125
16592.,3.5753125
16593.,3.605
16594.,3.590625
16595.,3.5975
16596.,3.5846875000
16597.,3.5771875
16598.,3.59875
16599.,3.5812500000
16600.,3.5990625
16601.,3.6184375
16602.,3.6037500000
16603.,3.604375
16604.,3.606875
16605.,3.5925000000
16606.,3.61625
16607.,3.59375
16608.,3.586875
16609.,3.5765625
16610.,3.6171875
16611.,3.580625
16612.,3.604375
16613.,3.5853125
16614.,3.615
16615.,3.598125
16616.,3.6040625
16617.,3.5871875
16618.,3.6184375
16619.,3.594375
16620.,3.59625
16621.,3.5928125
16622.,3.6184375
16623.,3.59125
16624.,3.601875
16625.,3.58875
16626.,3.6193750000
16627.,3.6281250000
16628.,3.62
16629.,3.59125
16630.,3.6346875
16631.,3.6203125000
16632.,3.5990625
16633.,3.6184375
16634.,3.6025
16635.,3.603125
16636.,3.604375
16637.,3.63125
16638.,3.61
16639.,3.6290625
16640.,3.6371875
16641.,3.59875
16642.,3.6665625
16643.,3.62625
16644.,3.613125
16645.,3.62
16646.,3.6168750000
16647.,3.5978125
16648.,3.600625
16649.,3.5875
16650.,3.624375
16651.,3.6125000000
16652.,3.621875
16653.,3.625625
16654.,3.6190625
16655.,3.6228125
16656.,3.6484375
16657.,3.6265625
16658.,3.6253125
16659.,3.621875
16660.,3.631875
16661.,3.601875
16662.,3.6034375
16663.,3.6240625
16664.,3.615625
16665.,3.61375
16666.,3.633125
16667.,3.5825
16668.,3.6096875
16669.,3.6284375
16670.,3.63875
16671.,3.61875
16672.,3.61
16673.,3.6075
16674.,3.5812500000
16675.,3.6403125000
16676.,3.5996875
16677.,3.621875
16678.,3.615
16679.,3.64
16680.,3.6040625
16681.,3.6003125000
16682.,3.6125000000
16683.,3.6209375
16684.,3.6134375
16685.,3.605
16686.,3.6203125000
16687.,3.6393750000
16688.,3.611875
16689.,3.62125
16690.,3.621875
16691.,3.6193750000
16692.,3.64
16693.,3.5946875
16694.,3.629375
16695.,3.6025
16696.,3.6115625000
16697.,3.6175
16698.,3.6237500000
16699.,3.6075
16700.,3.6168750000
16701.,3.6271875000
16702.,3.61375
16703.,3.6121875
16704.,3.63125
16705.,3.62875
16706.,3.593125
16707.,3.5959375000
16708.,3.62125
16709.,3.6375
16710.,3.6065625
16711.,3.59625
16712.,3.605
16713.,3.5878125
16714.,3.6046875000
16715.,3.610625
16716.,3.626875
16717.,3.6209375
16718.,3.620625
16719.,3.633125
16720.,3.6178125
16721.,3.6037500000
16722.,3.613125
16723.,3.5940625
16724.,3.615
16725.,3.6171875
16726.,3.59875
16727.,3.6071875
16728.,3.6078125
16729.,3.600625
16730.,3.5953125
16731.,3.594375
16732.,3.581875
16733.,3.6153125
16734.,3.59
16735.,3.59625
16736.,3.5759375
16737.,3.5996875
16738.,3.5934375000
16739.,3.6040625
16740.,3.6178125
16741.,3.5784375
16742.,3.5928125
16743.,3.581875
16744.,3.55625
16745.,3.5609375
16746.,3.5696875
16747.,3.578125
16748.,3.593125
16749.,3.575
16750.,3.614375
16751.,3.583125
16752.,3.5965625
16753.,3.570625
16754.,3.6046875000
16755.,3.6012500000
16756.,3.59875
16757.,3.590625
16758.,3.571875
16759.,3.5925000000
16760.,3.55875
16761.,3.5925000000
16762.,3.5628125
16763.,3.6040625
16764.,3.5915625
16765.,3.613125
16766.,3.5728125
16767.,3.584375
16768.,3.61875
16769.,3.58
16770.,3.6134375
16771.,3.6034375
16772.,3.6025
16773.,3.5865625
16774.,3.591875
16775.,3.5725000000
16776.,3.629375
16777.,3.6171875
16778.,3.5821875
16779.,3.6003125000
16780.,3.6090625000
16781.,3.5884375
16782.,3.583125
16783.,3.62
16784.,3.5815625
16785.,3.5975
16786.,3.605
16787.,3.5959375000
16788.,3.57625
16789.,3.6128125
16790.,3.5728125
16791.,3.611875
16792.,3.5896875
16793.,3.5825
16794.,3.5871875
16795.,3.5765625
16796.,3.58
16797.,3.5846875000
16798.,3.5812500000
16799.,3.593125
16800.,3.5928125
16801.,3.5634375
16802.,3.59
16803.,3.573125
16804.,3.5846875000
16805.,3.6096875
16806.,3.5759375
16807.,3.591875
16808.,3.578125
16809.,3.60875
16810.,3.5959375000
16811.,3.6278125
16812.,3.6065625
16813.,3.6140625
16814.,3.6003125000
16815.,3.590625
16816.,3.5840625
16817.,3.5909375
16818.,3.6171875
16819.,3.61125
16820.,3.6265625
16821.,3.600625
16822.,3.59875
16823.,3.6078125
16824.,3.60875
16825.,3.5884375
16826.,3.62125
16827.,3.6075
16828.,3.57875
16829.,3.585
16830.,3.593125
16831.,3.583125
16832.,3.5700000000
16833.,3.5834375
16834.,3.60625
16835.,3.6240625
16836.,3.585
16837.,3.5768750000
16838.,3.6109375
16839.,3.5834375
16840.,3.5825
16841.,3.573125
16842.,3.5853125
16843.,3.59875
16844.,3.5909375
16845.,3.59625
16846.,3.5825
16847.,3.5871875
16848.,3.6134375
16849.,3.5840625
16850.,3.621875
16851.,3.604375
16852.,3.6059375
16853.,3.591875
16854.,3.59
16855.,3.6153125
16856.,3.601875
16857.,3.58375
16858.,3.5996875
16859.,3.631875
16860.,3.5846875000
16861.,3.5812500000
16862.,3.591875
16863.,3.590625
16864.,3.6034375
16865.,3.5875
16866.,3.591875
16867.,3.5834375
16868.,3.59125
16869.,3.6037500000
16870.,3.5996875
16871.,3.599375
16872.,3.6240625
16873.,3.600625
16874.,3.5968750000
16875.,3.5909375
16876.,3.5859375
16877.,3.5765625
16878.,3.598125
16879.,3.6159375000
16880.,3.6146875
16881.,3.59375
16882.,3.5828125
16883.,3.590625
16884.,3.6028125
16885.,3.6037500000
16886.,3.6090625000
16887.,3.6046875000
16888.,3.5759375
16889.,3.62625
16890.,3.6165625
16891.,3.61125
16892.,3.6128125
16893.,3.61
16894.,3.598125
16895.,3.595625
16896.,3.600625
16897.,3.591875
16898.,3.60625
16899.,3.586875
16900.,3.605625
16901.,3.58875
16902.,3.6178125
16903.,3.5940625
16904.,3.606875
16905.,3.5965625
16906.,3.6237500000
16907.,3.6015625
16908.,3.6128125
16909.,3.60875
16910.,3.6078125
16911.,3.595625
16912.,3.5959375000
16913.,3.58625
16914.,3.6071875
16915.,3.6021875
16916.,3.601875
16917.,3.606875
16918.,3.6075
16919.,3.6225
16920.,3.5775
16921.,3.5925000000
16922.,3.5984375
16923.,3.5990625
16924.,3.595
16925.,3.6
16926.,3.59625
16927.,3.573125
16928.,3.56875
16929.,3.571875
16930.,3.566875
16931.,3.5934375000
16932.,3.5809375
16933.,3.594375
16934.,3.5881250000
16935.,3.5790625
16936.,3.580625
16937.,3.581875
16938.,3.5865625
16939.,3.5715625
16940.,3.59
16941.,3.5921875
16942.,3.5990625
16943.,3.6125000000
16944.,3.5728125
16945.,3.578125
16946.,3.6115625000
16947.,3.603125
16948.,3.573125
16949.,3.59125
16950.,3.5700000000
16951.,3.589375
16952.,3.6037500000
16953.,3.5784375
16954.,3.57375
16955.,3.595625
16956.,3.5965625
16957.,3.6081250000
16958.,3.6065625
16959.,3.6040625
16960.,3.6153125
16961.,3.6037500000
16962.,3.5696875
16963.,3.6084375
16964.,3.6237500000
16965.,3.58875
16966.,3.6015625
16967.,3.6075
16968.,3.6009375
16969.,3.5925000000
16970.,3.6115625000
16971.,3.6025
16972.,3.601875
16973.,3.6168750000
16974.,3.5965625
16975.,3.600625
16976.,3.6015625
16977.,3.6040625
16978.,3.58875
16979.,3.613125
16980.,3.5996875
16981.,3.6168750000
16982.,3.603125
16983.,3.6028125
16984.,3.6003125000
16985.,3.6153125
16986.,3.6125000000
16987.,3.609375
16988.,3.6071875
16989.,3.6168750000
16990.,3.59625
16991.,3.5881250000
16992.,3.610625
16993.,3.6184375
16994.,3.6115625000
16995.,3.6109375
16996.,3.6178125
16997.,3.59375
16998.,3.609375
16999.,3.5812500000
17000.,3.609375
17001.,3.58875
17002.,3.6309375
17003.,3.6025
17004.,3.6134375
17005.,3.599375
17006.,3.6190625
17007.,3.610625
17008.,3.5978125
17009.,3.6096875
17010.,3.62125
17011.,3.641875
17012.,3.6015625
17013.,3.6168750000
17014.,3.5965625
17015.,3.625625
17016.,3.61875
17017.,3.591875
17018.,3.5881250000
17019.,3.6165625
17020.,3.609375
17021.,3.58375
17022.,3.6190625
17023.,3.6128125
17024.,3.6265625
17025.,3.60875
17026.,3.61625
17027.,3.6121875
17028.,3.6209375
17029.,3.5700000000
17030.,3.5678125
17031.,3.609375
17032.,3.585
17033.,3.621875
17034.,3.6071875
17035.,3.600625
17036.,3.606875
17037.,3.59625
17038.,3.6028125
17039.,3.5846875000
17040.,3.606875
17041.,3.594375
17042.,3.5990625
17043.,3.585
17044.,3.6271875000
17045.,3.595625
17046.,3.61
17047.,3.5775
17048.,3.591875
17049.,3.59875
17050.,3.6165625
17051.,3.6012500000
17052.,3.595
17053.,3.6009375
17054.,3.623125
17055.,3.58375
17056.,3.6125000000
17057.,3.594375
17058.,3.58625
17059.,3.566875
17060.,3.5878125
17061.,3.59125
17062.,3.5946875
17063.,3.5809375
17064.,3.5878125
17065.,3.6175
17066.,3.5971875
17067.,3.589375
17068.,3.5759375
17069.,3.58625
17070.,3.593125
17071.,3.5875
17072.,3.5875
17073.,3.5856250000
17074.,3.615
17075.,3.6234375
17076.,3.589375
17077.,3.5953125
17078.,3.6075
17079.,3.5865625
17080.,3.6
17081.,3.5968750000
17082.,3.59875
17083.,3.609375
17084.,3.6012500000
17085.,3.5915625
17086.,3.581875
17087.,3.5965625
17088.,3.611875
17089.,3.6234375
17090.,3.585
17091.,3.62
17092.,3.5825
17093.,3.5840625
17094.,3.5871875
17095.,3.6015625
17096.,3.5965625
17097.,3.5965625
17098.,3.5625
17099.,3.598125
17100.,3.580625
17101.,3.584375
17102.,3.5903125
17103.,3.586875
17104.,3.564375
17105.,3.5925000000
17106.,3.5790625
17107.,3.5996875
17108.,3.6046875000
17109.,3.5653125
17110.,3.5925000000
17111.,3.5809375
17112.,3.593125
17113.,3.6193750000
17114.,3.6075
17115.,3.625
17116.,3.580625
17117.,3.6340625
17118.,3.6271875000
17119.,3.6090625000
17120.,3.620625
17121.,3.5925000000
17122.,3.5896875
17123.,3.5925000000
17124.,3.5928125
17125.,3.6103125
17126.,3.618125
17127.,3.6178125
17128.,3.6096875
17129.,3.5984375
17130.,3.6215625
17131.,3.6046875000
17132.,3.6025
17133.,3.606875
17134.,3.6193750000
17135.,3.6259375
17136.,3.5984375
17137.,3.5834375
17138.,3.6059375
17139.,3.6209375
17140.,3.61375
17141.,3.6034375
17142.,3.6090625000
17143.,3.6221875
17144.,3.615
17145.,3.606875
17146.,3.624375
17147.,3.6390625
17148.,3.6203125000
17149.,3.6234375
17150.,3.631875
17151.,3.591875
17152.,3.6003125000
17153.,3.5978125
17154.,3.6184375
17155.,3.61625
17156.,3.6259375
17157.,3.5896875
17158.,3.613125
17159.,3.6075
17160.,3.6275
17161.,3.645
17162.,3.6328125
17163.,3.609375
17164.,3.601875
17165.,3.583125
17166.,3.5865625
17167.,3.6281250000
17168.,3.6153125
17169.,3.61875
17170.,3.6237500000
17171.,3.5978125
17172.,3.6281250000
17173.,3.630625
17174.,3.6075
17175.,3.6240625
17176.,3.613125
17177.,3.6296875
17178.,3.6037500000
17179.,3.6115625000
17180.,3.6146875
17181.,3.604375
17182.,3.6184375
17183.,3.603125
17184.,3.6109375
17185.,3.6284375
17186.,3.6378125
17187.,3.61625
17188.,3.613125
17189.,3.64125
17190.,3.6103125
17191.,3.615625
17192.,3.621875
17193.,3.6196875
17194.,3.605
17195.,3.59625
17196.,3.629375
17197.,3.6028125
17198.,3.6315625000
17199.,3.5946875
17200.,3.635625
17201.,3.6340625
17202.,3.615625
17203.,3.6346875
17204.,3.6040625
17205.,3.6350000000
17206.,3.625625
17207.,3.606875
17208.,3.605
17209.,3.593125
17210.,3.6184375
17211.,3.6128125
17212.,3.620625
17213.,3.626875
17214.,3.6109375
17215.,3.6281250000
17216.,3.6125000000
17217.,3.613125
17218.,3.599375
17219.,3.598125
17220.,3.5990625
17221.,3.6028125
17222.,3.586875
17223.,3.60625
17224.,3.6153125
17225.,3.5959375000
17226.,3.6065625
17227.,3.6053125
17228.,3.6028125
17229.,3.5825
17230.,3.5946875
17231.,3.595
17232.,3.62
17233.,3.57875
17234.,3.615
17235.,3.5865625
17236.,3.6096875
17237.,3.58375
17238.,3.5771875
17239.,3.604375
17240.,3.6075
17241.,3.590625
17242.,3.58
17243.,3.59875
17244.,3.5968750000
17245.,3.5978125
17246.,3.62125
17247.,3.59625
17248.,3.5971875
17249.,3.578125
17250.,3.6
17251.,3.5928125
17252.,3.623125
17253.,3.61125
17254.,3.6021875
17255.,3.5834375
17256.,3.6128125
17257.,3.6225
17258.,3.5878125
17259.,3.610625
17260.,3.5971875
17261.,3.5940625
17262.,3.606875
17263.,3.6028125
17264.,3.6065625
17265.,3.621875
17266.,3.5984375
17267.,3.5840625
17268.,3.6012500000
17269.,3.6090625000
17270.,3.6121875
17271.,3.586875
17272.,3.615625
17273.,3.6171875
17274.,3.611875
17275.,3.59375
17276.,3.60625
17277.,3.60625
17278.,3.6040625
17279.,3.6340625
17280.,3.594375
17281.,3.586875
17282.,3.5971875
17283.,3.5925000000
17284.,3.6037500000
17285.,3.603125
17286.,3.6193750000
17287.,3.641875
17288.,3.61625
17289.,3.629375
17290.,3.6309375
17291.,3.630625
17292.,3.6196875
17293.,3.606875
17294.,3.6275
17295.,3.613125
17296.,3.6037500000
17297.,3.6221875
17298.,3.60875
17299.,3.6196875
17300.,3.6134375
17301.,3.61625
17302.,3.6259375
17303.,3.60875
17304.,3.63125
17305.,3.621875
17306.,3.6096875
17307.,3.6259375
17308.,3.6321875
17309.,3.6146875
17310.,3.6428125000
17311.,3.634375
17312.,3.6375
17313.,3.6359375000
17314.,3.6425
17315.,3.6225
17316.,3.629375
17317.,3.6203125000
17318.,3.6109375
17319.,3.6265625
17320.,3.63125
17321.,3.6237500000
17322.,3.6415625
17323.,3.6603125
17324.,3.6234375
17325.,3.6228125
17326.,3.6271875000
17327.,3.6103125
17328.,3.6237500000
17329.,3.6393750000
17330.,3.605625
17331.,3.6165625
17332.,3.6284375
17333.,3.6309375
17334.,3.61
17335.,3.630625
17336.,3.634375
17337.,3.61875
17338.,3.6184375
17339.,3.6209375
17340.,3.6159375000
17341.,3.6178125
17342.,3.633125
17343.,3.599375
17344.,3.606875
17345.,3.6178125
17346.,3.6575
17347.,3.6168750000
17348.,3.6428125000
17349.,3.6225
17350.,3.629375
17351.,3.5953125
17352.,3.62125
17353.,3.606875
17354.,3.6309375
17355.,3.6253125
17356.,3.618125
17357.,3.6334375
17358.,3.6375
17359.,3.6328125
17360.,3.615
17361.,3.6228125
17362.,3.6290625
17363.,3.63125
17364.,3.6159375000
17365.,3.646875
17366.,3.6328125
17367.,3.6303125
17368.,3.61375
17369.,3.6184375
17370.,3.6315625000
17371.,3.6437500000
17372.,3.5971875
17373.,3.6259375
17374.,3.630625
17375.,3.6109375
17376.,3.6353125
17377.,3.64
17378.,3.6346875
17379.,3.6134375
17380.,3.6328125
17381.,3.6121875
17382.,3.6340625
17383.,3.6475
17384.,3.6012500000
17385.,3.626875
17386.,3.6350000000
17387.,3.6225
17388.,3.6340625
17389.,3.6193750000
17390.,3.6115625000
17391.,3.61875
17392.,3.63
17393.,3.6075
17394.,3.604375
17395.,3.620625
17396.,3.6309375
17397.,3.63625
17398.,3.6075
17399.,3.61875
17400.,3.6290625
17401.,3.6253125
17402.,3.615
17403.,3.5925000000
17404.,3.615625
17405.,3.611875
17406.,3.6125000000
17407.,3.57625
17408.,3.6309375
17409.,3.5984375
17410.,3.61125
17411.,3.6225
17412.,3.6028125
17413.,3.591875
17414.,3.60625
17415.,3.6171875
17416.,3.634375
17417.,3.6059375
17418.,3.6140625
17419.,3.6084375
17420.,3.5875
17421.,3.6290625
17422.,3.625
17423.,3.6153125
17424.,3.595625
17425.,3.5990625
17426.,3.605
17427.,3.6103125
17428.,3.6271875000
17429.,3.5996875
17430.,3.623125
17431.,3.6115625000
17432.,3.615
17433.,3.5840625
17434.,3.5940625
17435.,3.5925000000
17436.,3.5821875
17437.,3.5984375
17438.,3.5959375000
17439.,3.6078125
17440.,3.6059375
17441.,3.59875
17442.,3.6190625
17443.,3.606875
17444.,3.620625
17445.,3.579375
17446.,3.5909375
17447.,3.606875
17448.,3.6196875
17449.,3.6025
17450.,3.57375
17451.,3.6084375
17452.,3.5853125
17453.,3.6046875000
17454.,3.5715625
17455.,3.6134375
17456.,3.6059375
17457.,3.6046875000
17458.,3.61125
17459.,3.5765625
17460.,3.620625
17461.,3.5915625
17462.,3.5890625000
17463.,3.5971875
17464.,3.601875
17465.,3.6121875
17466.,3.6371875
17467.,3.583125
17468.,3.5971875
17469.,3.6353125
17470.,3.615
17471.,3.6071875
17472.,3.5975
17473.,3.59875
17474.,3.603125
17475.,3.5978125
17476.,3.5890625000
17477.,3.603125
17478.,3.5996875
17479.,3.59375
17480.,3.600625
17481.,3.58375
17482.,3.6034375
17483.,3.6259375
17484.,3.583125
17485.,3.5968750000
17486.,3.5984375
17487.,3.598125
17488.,3.5828125
17489.,3.618125
17490.,3.618125
17491.,3.614375
17492.,3.60625
17493.,3.618125
17494.,3.5815625
17495.,3.6140625
17496.,3.6103125
17497.,3.621875
17498.,3.6003125000
17499.,3.6190625
17500.,3.6025
17501.,3.5971875
17502.,3.5959375000
17503.,3.595625
17504.,3.6009375
17505.,3.586875
17506.,3.595
17507.,3.59
17508.,3.5909375
17509.,3.6284375
17510.,3.5959375000
17511.,3.5856250000
17512.,3.6071875
17513.,3.606875
17514.,3.6168750000
17515.,3.614375
17516.,3.6178125
17517.,3.6203125000
17518.,3.6125000000
17519.,3.6065625
17520.,3.6021875
17521.,3.6159375000
17522.,3.6303125
17523.,3.6271875000
17524.,3.603125
17525.,3.6090625000
17526.,3.6084375
17527.,3.584375
17528.,3.59875
17529.,3.6193750000
17530.,3.6021875
17531.,3.611875
17532.,3.6215625
17533.,3.6278125
17534.,3.62
17535.,3.603125
17536.,3.6096875
17537.,3.6353125
17538.,3.6121875
17539.,3.5953125
17540.,3.6040625
17541.,3.623125
17542.,3.6175
17543.,3.6315625000
17544.,3.60875
17545.,3.613125
17546.,3.623125
17547.,3.6128125
17548.,3.610625
17549.,3.59875
17550.,3.6371875
17551.,3.6046875000
17552.,3.6134375
17553.,3.6121875
17554.,3.6184375
17555.,3.615625
17556.,3.6009375
17557.,3.6059375
17558.,3.59875
17559.,3.6059375
17560.,3.6096875
17561.,3.6146875
17562.,3.6153125
17563.,3.6190625
17564.,3.60875
17565.,3.58
17566.,3.6350000000
17567.,3.6075
17568.,3.5975
17569.,3.594375
17570.,3.59375
17571.,3.5965625
17572.,3.6278125
17573.,3.5884375
17574.,3.5846875000
17575.,3.5921875
17576.,3.595625
17577.,3.6046875000
17578.,3.5690625000
17579.,3.5790625
17580.,3.6059375
17581.,3.6078125
17582.,3.598125
17583.,3.5990625
17584.,3.6046875000
17585.,3.6228125
17586.,3.606875
17587.,3.58375
17588.,3.5934375000
17589.,3.6015625
17590.,3.5978125
17591.,3.59625
17592.,3.6103125
17593.,3.6309375
17594.,3.5881250000
17595.,3.6237500000
17596.,3.611875
17597.,3.614375
17598.,3.62875
17599.,3.611875
17600.,3.6237500000
17601.,3.6371875
17602.,3.6184375
17603.,3.631875
17604.,3.633125
17605.,3.6309375
17606.,3.6096875
17607.,3.604375
17608.,3.6334375
17609.,3.6065625
17610.,3.635625
17611.,3.624375
17612.,3.61375
17613.,3.629375
17614.,3.60875
17615.,3.658125
17616.,3.6521875
17617.,3.6178125
17618.,3.6334375
17619.,3.60875
17620.,3.6075
17621.,3.5953125
17622.,3.60625
17623.,3.6009375
17624.,3.6096875
17625.,3.626875
17626.,3.6053125
17627.,3.601875
17628.,3.586875
17629.,3.613125
17630.,3.61
17631.,3.6059375
17632.,3.5959375000
17633.,3.5968750000
17634.,3.5990625
17635.,3.5968750000
17636.,3.5871875
17637.,3.583125
17638.,3.611875
17639.,3.579375
17640.,3.6128125
17641.,3.6009375
17642.,3.599375
17643.,3.605
17644.,3.5884375
17645.,3.5925000000
17646.,3.6221875
17647.,3.6003125000
17648.,3.611875
17649.,3.625
17650.,3.6109375
17651.,3.624375
17652.,3.6009375
17653.,3.595
17654.,3.5909375
17655.,3.6
17656.,3.61875
17657.,3.6081250000
17658.,3.59375
17659.,3.6237500000
17660.,3.6215625
17661.,3.6040625
17662.,3.63625
17663.,3.6275
17664.,3.6134375
17665.,3.6103125
17666.,3.60875
17667.,3.60875
17668.,3.6246875000
17669.,3.6346875
17670.,3.625625
17671.,3.6134375
17672.,3.64625
17673.,3.6453125
17674.,3.6478125
17675.,3.6178125
17676.,3.618125
17677.,3.63625
17678.,3.615
17679.,3.6593750000
17680.,3.6471875000
17681.,3.624375
17682.,3.6334375
17683.,3.6440625
17684.,3.646875
17685.,3.6428125000
17686.,3.63125
17687.,3.629375
17688.,3.623125
17689.,3.6321875
17690.,3.663125
17691.,3.6409375
17692.,3.629375
17693.,3.6193750000
17694.,3.6340625
17695.,3.6375
17696.,3.625625
17697.,3.6421875
17698.,3.6521875
17699.,3.6128125
17700.,3.6475
17701.,3.638125
17702.,3.674375
17703.,3.6325000000
17704.,3.6409375
17705.,3.6634375
17706.,3.6246875000
17707.,3.6481250000
17708.,3.63125
17709.,3.62625
17710.,3.6646875
17711.,3.67125
17712.,3.606875
17713.,3.655625
17714.,3.6475
17715.,3.6584375000
17716.,3.6440625
17717.,3.6459375
17718.,3.66
17719.,3.646875
17720.,3.656875
17721.,3.6534375
17722.,3.65125
17723.,3.6475
17724.,3.64125
17725.,3.6281250000
17726.,3.623125
17727.,3.6353125
17728.,3.6415625
17729.,3.611875
17730.,3.62125
17731.,3.624375
17732.,3.6565625
17733.,3.6171875
17734.,3.6159375000
17735.,3.6434375
17736.,3.601875
17737.,3.6203125000
17738.,3.629375
17739.,3.62
17740.,3.6246875000
17741.,3.6309375
17742.,3.6037500000
17743.,3.624375
17744.,3.606875
17745.,3.6359375000
17746.,3.6421875
17747.,3.6040625
17748.,3.6215625
17749.,3.6168750000
17750.,3.609375
17751.,3.6237500000
17752.,3.6159375000
17753.,3.6296875
17754.,3.6246875000
17755.,3.6459375
17756.,3.6259375
17757.,3.6253125
17758.,3.6234375
17759.,3.6334375
17760.,3.621875
17761.,3.63375
17762.,3.60875
17763.,3.6134375
17764.,3.6103125
17765.,3.591875
17766.,3.6350000000
17767.,3.5996875
17768.,3.6196875
17769.,3.6034375
17770.,3.6125000000
17771.,3.5959375000
17772.,3.6196875
17773.,3.62125
17774.,3.62625
17775.,3.6037500000
17776.,3.6159375000
17777.,3.6153125
17778.,3.6159375000
17779.,3.6303125
17780.,3.6437500000
17781.,3.6196875
17782.,3.6475
17783.,3.63375
17784.,3.641875
17785.,3.6246875000
17786.,3.63625
17787.,3.6246875000
17788.,3.6453125
17789.,3.643125
17790.,3.6353125
17791.,3.6259375
17792.,3.6140625
17793.,3.615
17794.,3.6346875
17795.,3.6153125
17796.,3.610625
17797.,3.6071875
17798.,3.6171875
17799.,3.59875
17800.,3.5859375
17801.,3.6096875
17802.,3.5946875
17803.,3.6271875000
17804.,3.60625
17805.,3.6246875000
17806.,3.6025
17807.,3.6012500000
17808.,3.6009375
17809.,3.594375
17810.,3.5921875
17811.,3.62
17812.,3.594375
17813.,3.60625
17814.,3.6165625
17815.,3.6184375
17816.,3.621875
17817.,3.6378125
17818.,3.6075
17819.,3.6209375
17820.,3.63125
17821.,3.6290625
17822.,3.6578125
17823.,3.6321875
17824.,3.615
17825.,3.6196875
17826.,3.609375
17827.,3.6053125
17828.,3.620625
17829.,3.6237500000
17830.,3.6290625
17831.,3.635625
17832.,3.6325000000
17833.,3.621875
17834.,3.6475
17835.,3.6278125
17836.,3.6546875
17837.,3.634375
17838.,3.629375
17839.,3.615
17840.,3.615
17841.,3.61375
17842.,3.6203125000
17843.,3.6390625
17844.,3.6284375
17845.,3.625625
17846.,3.6609375
17847.,3.6253125
17848.,3.64625
17849.,3.62875
17850.,3.61125
17851.,3.6221875
17852.,3.5990625
17853.,3.6078125
17854.,3.6159375000
17855.,3.6171875
17856.,3.601875
17857.,3.6184375
17858.,3.63125
17859.,3.6371875
17860.,3.60875
17861.,3.62125
17862.,3.624375
17863.,3.649375
17864.,3.64
17865.,3.6321875
17866.,3.6421875
17867.,3.64875
17868.,3.6671875000
17869.,3.615625
17870.,3.6481250000
17871.,3.6509375
17872.,3.6328125
17873.,3.636875
17874.,3.6184375
17875.,3.633125
17876.,3.6393750000
17877.,3.6234375
17878.,3.6346875
17879.,3.6403125000
17880.,3.6371875
17881.,3.63625
17882.,3.6503125
17883.,3.6484375
17884.,3.6621875
17885.,3.6671875000
17886.,3.6365625
17887.,3.65625
17888.,3.663125
17889.,3.6765625
17890.,3.6375
17891.,3.6384375
17892.,3.6503125
17893.,3.63
17894.,3.629375
17895.,3.6434375
17896.,3.645
17897.,3.6740625000
17898.,3.6225
17899.,3.634375
17900.,3.6634375
17901.,3.663125
17902.,3.6446875
17903.,3.621875
17904.,3.6525
17905.,3.62625
17906.,3.624375
17907.,3.6465625
17908.,3.6506250000
17909.,3.629375
17910.,3.671875
17911.,3.6475
17912.,3.626875
17913.,3.6465625
17914.,3.6509375
17915.,3.6459375
17916.,3.640625
17917.,3.6340625
17918.,3.6359375000
17919.,3.6346875
17920.,3.6234375
17921.,3.64125
17922.,3.6415625
17923.,3.641875
17924.,3.6475
17925.,3.641875
17926.,3.6440625
17927.,3.63375
17928.,3.625625
17929.,3.6153125
17930.,3.624375
17931.,3.6340625
17932.,3.6525
17933.,3.6346875
17934.,3.636875
17935.,3.6684375
17936.,3.630625
17937.,3.63125
17938.,3.606875
17939.,3.623125
17940.,3.6290625
17941.,3.6437500000
17942.,3.651875
17943.,3.6315625000
17944.,3.6446875
17945.,3.6350000000
17946.,3.5946875
17947.,3.595
17948.,3.6125000000
17949.,3.6171875
17950.,3.6153125
17951.,3.6209375
17952.,3.641875
17953.,3.5934375000
17954.,3.6240625
17955.,3.6178125
17956.,3.645625
17957.,3.6290625
17958.,3.609375
17959.,3.6203125000
17960.,3.644375
17961.,3.6221875
17962.,3.6403125000
17963.,3.6396875
17964.,3.6071875
17965.,3.63125
17966.,3.6159375000
17967.,3.620625
17968.,3.631875
17969.,3.61625
17970.,3.6265625
17971.,3.6109375
17972.,3.6415625
17973.,3.62
17974.,3.5984375
17975.,3.5990625
17976.,3.6065625
17977.,3.623125
17978.,3.6115625000
17979.,3.6203125000
17980.,3.62625
17981.,3.613125
17982.,3.6275
17983.,3.5965625
17984.,3.61375
17985.,3.62
17986.,3.6415625
17987.,3.6121875
17988.,3.618125
17989.,3.623125
17990.,3.62
17991.,3.626875
17992.,3.5934375000
17993.,3.626875
17994.,3.5815625
17995.,3.6025
17996.,3.59625
17997.,3.624375
17998.,3.6378125
17999.,3.6371875
18000.,3.6434375
18001.,3.6359375000
18002.,3.6565625
18003.,3.6590625
18004.,3.636875
18005.,3.63125
18006.,3.6184375
18007.,3.640625
18008.,3.6328125
18009.,3.6265625
18010.,3.6203125000
18011.,3.6353125
18012.,3.629375
18013.,3.6071875
18014.,3.6440625
18015.,3.6396875
18016.,3.6353125
18017.,3.6465625
18018.,3.633125
18019.,3.630625
18020.,3.6234375
18021.,3.6384375
18022.,3.6175
18023.,3.6525
18024.,3.6271875000
18025.,3.636875
18026.,3.64125
18027.,3.6321875
18028.,3.626875
18029.,3.6434375
18030.,3.6065625
18031.,3.6253125
18032.,3.6475
18033.,3.6184375
18034.,3.6190625
18035.,3.63375
18036.,3.6340625
18037.,3.63375
18038.,3.6384375
18039.,3.636875
18040.,3.6440625
18041.,3.6521875
18042.,3.6290625
18043.,3.6428125000
18044.,3.63625
18045.,3.638125
18046.,3.6396875
18047.,3.623125
18048.,3.6315625000
18049.,3.633125
18050.,3.65375
18051.,3.6428125000
18052.,3.6328125
18053.,3.68125
18054.,3.65125
18055.,3.6590625
18056.,3.6678125
18057.,3.6481250000
18058.,3.6753125
18059.,3.646875
18060.,3.673125
18061.,3.6628125000
18062.,3.675625
18063.,3.683125
18064.,3.6593750000
18065.,3.664375
18066.,3.6862500000
18067.,3.663125
18068.,3.6750000000
18069.,3.668125
18070.,3.6534375
18071.,3.693125
18072.,3.6515625000
18073.,3.654375
18074.,3.678125
18075.,3.6871875000
18076.,3.6759375
18077.,3.664375
18078.,3.645625
18079.,3.6478125
18080.,3.6578125
18081.,3.6378125
18082.,3.64875
18083.,3.653125
18084.,3.69125
18085.,3.6375
18086.,3.6690625
18087.,3.6809375
18088.,3.663125
18089.,3.640625
18090.,3.6628125000
18091.,3.6706250000
18092.,3.6446875
18093.,3.6375
18094.,3.655625
18095.,3.663125
18096.,3.6640625
18097.,3.6459375
18098.,3.6575
18099.,3.644375
18100.,3.678125
18101.,3.6259375
18102.,3.654375
18103.,3.6528125
18104.,3.6625
18105.,3.6453125
18106.,3.6396875
18107.,3.6384375
18108.,3.6296875
18109.,3.6393750000
18110.,3.6509375
18111.,3.6246875000
18112.,3.6325000000
18113.,3.6396875
18114.,3.6415625
18115.,3.6328125
18116.,3.6421875
18117.,3.6421875
18118.,3.6237500000
18119.,3.6203125000
18120.,3.65
18121.,3.6353125
18122.,3.635625
18123.,3.629375
18124.,3.636875
18125.,3.665
18126.,3.6371875
18127.,3.6290625
18128.,3.6190625
18129.,3.615625
18130.,3.625
18131.,3.6240625
18132.,3.61625
18133.,3.6046875000
18134.,3.60875
18135.,3.6237500000
18136.,3.61
18137.,3.6215625
18138.,3.6328125
18139.,3.6521875
18140.,3.5875
18141.,3.635625
18142.,3.6253125
18143.,3.6178125
18144.,3.598125
18145.,3.6334375
18146.,3.6275
18147.,3.6340625
18148.,3.5871875
18149.,3.6012500000
18150.,3.6225
18151.,3.62125
18152.,3.605625
18153.,3.5959375000
18154.,3.6350000000
18155.,3.615
18156.,3.6281250000
18157.,3.6103125
18158.,3.631875
18159.,3.5915625
18160.,3.593125
18161.,3.6071875
18162.,3.6021875
18163.,3.6009375
18164.,3.6175
18165.,3.6115625000
18166.,3.5959375000
18167.,3.63125
18168.,3.61
18169.,3.610625
18170.,3.603125
18171.,3.6281250000
18172.,3.6103125
18173.,3.6325000000
18174.,3.59125
18175.,3.620625
18176.,3.6321875
18177.,3.6237500000
18178.,3.6071875
18179.,3.6103125
18180.,3.6290625
18181.,3.6309375
18182.,3.6190625
18183.,3.61875
18184.,3.6196875
18185.,3.6071875
18186.,3.6209375
18187.,3.6246875000
18188.,3.5975
18189.,3.6393750000
18190.,3.6259375
18191.,3.6171875
18192.,3.6315625000
18193.,3.6109375
18194.,3.631875
18195.,3.63625
18196.,3.620625
18197.,3.6396875
18198.,3.624375
18199.,3.6146875
18200.,3.6121875
18201.,3.63375
18202.,3.61875
18203.,3.6168750000
18204.,3.5996875
18205.,3.6221875
18206.,3.615
18207.,3.65
18208.,3.5890625000
18209.,3.6259375
18210.,3.6350000000
18211.,3.629375
18212.,3.629375
18213.,3.6321875
18214.,3.6303125
18215.,3.6271875000
18216.,3.6340625
18217.,3.6184375
18218.,3.6140625
18219.,3.6421875
18220.,3.6459375
18221.,3.6171875
18222.,3.6134375
18223.,3.6321875
18224.,3.6240625
18225.,3.6428125000
18226.,3.6246875000
18227.,3.624375
18228.,3.6546875
18229.,3.6481250000
18230.,3.631875
18231.,3.6478125
18232.,3.6334375
18233.,3.6596875
18234.,3.63375
18235.,3.62125
18236.,3.65375
18237.,3.6506250000
18238.,3.6421875
18239.,3.6484375
18240.,3.6171875
18241.,3.6646875
18242.,3.6375
18243.,3.6221875
18244.,3.626875
18245.,3.6734375
18246.,3.6609375
18247.,3.6490625
18248.,3.6215625
18249.,3.6446875
18250.,3.643125
18251.,3.6625
18252.,3.638125
18253.,3.66875
18254.,3.6675
18255.,3.6265625
18256.,3.6159375000
18257.,3.644375
18258.,3.661875
18259.,3.6253125
18260.,3.635625
18261.,3.6428125000
18262.,3.638125
18263.,3.6421875
18264.,3.6309375
18265.,3.6184375
18266.,3.6246875000
18267.,3.6359375000
18268.,3.63625
18269.,3.6371875
18270.,3.6396875
18271.,3.6534375
18272.,3.6090625000
18273.,3.6425
18274.,3.6346875
18275.,3.660625
18276.,3.6221875
18277.,3.635625
18278.,3.6434375
18279.,3.6528125
18280.,3.643125
18281.,3.6350000000
18282.,3.6346875
18283.,3.6078125
18284.,3.6390625
18285.,3.6281250000
18286.,3.6359375000
18287.,3.6415625
18288.,3.6403125000
18289.,3.6209375
18290.,3.624375
18291.,3.6234375
18292.,3.624375
18293.,3.6565625
18294.,3.6078125
18295.,3.6334375
18296.,3.6593750000
18297.,3.614375
18298.,3.630625
18299.,3.625625
18300.,3.6453125
18301.,3.6509375
18302.,3.63
18303.,3.6759375
18304.,3.6353125
18305.,3.6475
18306.,3.64
18307.,3.6475
18308.,3.6515625000
18309.,3.6290625
18310.,3.640625
18311.,3.62125
18312.,3.6340625
18313.,3.6453125
18314.,3.6346875
18315.,3.625
18316.,3.6281250000
18317.,3.6421875
18318.,3.625625
18319.,3.623125
18320.,3.6240625
18321.,3.6428125000
18322.,3.6350000000
18323.,3.6559375000
18324.,3.61875
18325.,3.6471875000
18326.,3.65375
18327.,3.6125000000
18328.,3.62
18329.,3.625625
18330.,3.6175
18331.,3.6265625
18332.,3.61125
18333.,3.631875
18334.,3.6271875000
18335.,3.611875
18336.,3.6303125
18337.,3.626875
18338.,3.6253125
18339.,3.6325000000
18340.,3.5959375000
18341.,3.609375
18342.,3.6325000000
18343.,3.6506250000
18344.,3.6484375
18345.,3.6259375
18346.,3.65
18347.,3.63875
18348.,3.6240625
18349.,3.5971875
18350.,3.6384375
18351.,3.6165625
18352.,3.6065625
18353.,3.6168750000
18354.,3.630625
18355.,3.6578125
18356.,3.66125
18357.,3.6490625
18358.,3.6546875
18359.,3.6259375
18360.,3.6359375000
18361.,3.6246875000
18362.,3.643125
18363.,3.6309375
18364.,3.635625
18365.,3.634375
18366.,3.6662500000
18367.,3.6365625
18368.,3.6590625
18369.,3.656875
18370.,3.645
18371.,3.6481250000
18372.,3.6421875
18373.,3.685625
18374.,3.680625
18375.,3.6503125
18376.,3.65125
18377.,3.63625
18378.,3.6590625
18379.,3.6375
18380.,3.651875
18381.,3.673125
18382.,3.6684375
18383.,3.6290625
18384.,3.6246875000
18385.,3.6384375
18386.,3.669375
18387.,3.6215625
18388.,3.623125
18389.,3.6478125
18390.,3.6521875
18391.,3.6365625
18392.,3.6578125
18393.,3.6340625
18394.,3.6396875
18395.,3.656875
18396.,3.6321875
18397.,3.6375
18398.,3.6237500000
18399.,3.649375
18400.,3.6478125
18401.,3.6159375000
18402.,3.6225
18403.,3.65125
18404.,3.6475
18405.,3.6515625000
18406.,3.6290625
18407.,3.6393750000
18408.,3.6428125000
18409.,3.614375
18410.,3.6359375000
18411.,3.649375
18412.,3.65375
18413.,3.6471875000
18414.,3.6365625
18415.,3.6503125
18416.,3.6378125
18417.,3.6528125
18418.,3.6315625000
18419.,3.6521875
18420.,3.6393750000
18421.,3.6359375000
18422.,3.634375
18423.,3.6475
18424.,3.6596875
18425.,3.6465625
18426.,3.6146875
18427.,3.6178125
18428.,3.6546875
18429.,3.6353125
18430.,3.61875
18431.,3.6350000000
18432.,3.6246875000
18433.,3.60875
18434.,3.64875
18435.,3.62125
18436.,3.6425
18437.,3.6246875000
18438.,3.621875
18439.,3.626875
18440.,3.6128125
18441.,3.63625
18442.,3.6321875
18443.,3.644375
18444.,3.635625
18445.,3.6503125
18446.,3.6225
18447.,3.655625
18448.,3.6528125
18449.,3.6371875
18450.,3.6584375000
18451.,3.6365625
18452.,3.61875
18453.,3.640625
18454.,3.6165625
18455.,3.625
18456.,3.6284375
18457.,3.6340625
18458.,3.6246875000
18459.,3.6265625
18460.,3.620625
18461.,3.6040625
18462.,3.630625
18463.,3.64625
18464.,3.63125
18465.,3.6328125
18466.,3.6128125
18467.,3.64125
18468.,3.6328125
18469.,3.6353125
18470.,3.6228125
18471.,3.59625
18472.,3.6309375
18473.,3.5925000000
18474.,3.6040625
18475.,3.603125
18476.,3.6178125
18477.,3.625
18478.,3.6281250000
18479.,3.615
18480.,3.6390625
18481.,3.6109375
18482.,3.623125
18483.,3.6290625
18484.,3.6546875
18485.,3.6578125
18486.,3.6284375
18487.,3.6321875
18488.,3.645
18489.,3.6371875
18490.,3.6593750000
18491.,3.615625
18492.,3.6584375000
18493.,3.6384375
18494.,3.6221875
18495.,3.6075
18496.,3.626875
18497.,3.6303125
18498.,3.6171875
18499.,3.6284375
18500.,3.59375
18501.,3.60875
18502.,3.6253125
18503.,3.6078125
18504.,3.6103125
18505.,3.6350000000
18506.,3.6193750000
18507.,3.645625
18508.,3.5871875
18509.,3.5909375
18510.,3.6278125
18511.,3.6346875
18512.,3.62125
18513.,3.623125
18514.,3.6271875000
18515.,3.641875
18516.,3.6428125000
18517.,3.615625
18518.,3.6425
18519.,3.635625
18520.,3.6403125000
18521.,3.64875
18522.,3.6440625
18523.,3.6496875
18524.,3.61625
18525.,3.6115625000
18526.,3.6193750000
18527.,3.621875
18528.,3.6434375
18529.,3.634375
18530.,3.6375
18531.,3.643125
18532.,3.633125
18533.,3.6346875
18534.,3.6290625
18535.,3.633125
18536.,3.6459375
18537.,3.6309375
18538.,3.626875
18539.,3.68875
18540.,3.6475
18541.,3.630625
18542.,3.6396875
18543.,3.6309375
18544.,3.6575
18545.,3.640625
18546.,3.6478125
18547.,3.63625
18548.,3.658125
18549.,3.6490625
18550.,3.623125
18551.,3.675625
18552.,3.6296875
18553.,3.6584375000
18554.,3.6396875
18555.,3.658125
18556.,3.6678125
18557.,3.6159375000
18558.,3.6471875000
18559.,3.6403125000
18560.,3.6140625
18561.,3.631875
18562.,3.6371875
18563.,3.6284375
18564.,3.6453125
18565.,3.6403125000
18566.,3.66
18567.,3.6409375
18568.,3.6090625000
18569.,3.6209375
18570.,3.5978125
18571.,3.6415625
18572.,3.63375
18573.,3.6384375
18574.,3.633125
18575.,3.633125
18576.,3.6706250000
18577.,3.641875
18578.,3.6528125
18579.,3.621875
18580.,3.6281250000
18581.,3.636875
18582.,3.653125
18583.,3.6278125
18584.,3.6484375
18585.,3.6481250000
18586.,3.6546875
18587.,3.651875
18588.,3.64625
18589.,3.6446875
18590.,3.6484375
18591.,3.631875
18592.,3.6584375000
18593.,3.6578125
18594.,3.640625
18595.,3.6696875
18596.,3.6528125
18597.,3.6709375
18598.,3.6446875
18599.,3.6775
18600.,3.6415625
18601.,3.6528125
18602.,3.6603125
18603.,3.644375
18604.,3.6496875
18605.,3.63625
18606.,3.6434375
18607.,3.6550000000
18608.,3.64
18609.,3.643125
18610.,3.6384375
18611.,3.644375
18612.,3.6425
18613.,3.6325000000
18614.,3.6209375
18615.,3.6384375
18616.,3.6509375
18617.,3.6190625
18618.,3.6634375
18619.,3.6584375000
18620.,3.6465625
18621.,3.6446875
18622.,3.64125
18623.,3.6303125
18624.,3.66
18625.,3.6750000000
18626.,3.6575
18627.,3.665625
18628.,3.65375
18629.,3.6396875
18630.,3.6421875
18631.,3.6571875
18632.,3.65125
18633.,3.6546875
18634.,3.6528125
18635.,3.6140625
18636.,3.6359375000
18637.,3.645
18638.,3.65125
18639.,3.6375
18640.,3.6403125000
18641.,3.6353125
18642.,3.62125
18643.,3.6350000000
18644.,3.6596875
18645.,3.6153125
18646.,3.6225
18647.,3.6303125
18648.,3.6353125
18649.,3.638125
18650.,3.6290625
18651.,3.63625
18652.,3.60625
18653.,3.6393750000
18654.,3.6559375000
18655.,3.62625
18656.,3.62125
18657.,3.6134375
18658.,3.6421875
18659.,3.646875
18660.,3.59125
18661.,3.6340625
18662.,3.6221875
18663.,3.6184375
18664.,3.6253125
18665.,3.634375
18666.,3.6490625
18667.,3.641875
18668.,3.6281250000
18669.,3.6546875
18670.,3.65
18671.,3.6321875
18672.,3.6109375
18673.,3.59375
18674.,3.6168750000
18675.,3.6175
18676.,3.625
18677.,3.6096875
18678.,3.611875
18679.,3.626875
18680.,3.6234375
18681.,3.59875
18682.,3.6428125000
18683.,3.6090625000
18684.,3.62125
18685.,3.5990625
18686.,3.6134375
18687.,3.61
18688.,3.604375
18689.,3.5978125
18690.,3.615
18691.,3.6503125
18692.,3.6271875000
18693.,3.598125
18694.,3.63375
18695.,3.6515625000
18696.,3.638125
18697.,3.6409375
18698.,3.61875
18699.,3.6046875000
18700.,3.6384375
18701.,3.6196875
18702.,3.6109375
18703.,3.6425
18704.,3.6246875000
18705.,3.6190625
18706.,3.62625
18707.,3.643125
18708.,3.6440625
18709.,3.629375
18710.,3.6240625
18711.,3.63375
18712.,3.6371875
18713.,3.6340625
18714.,3.6515625000
18715.,3.6403125000
18716.,3.6350000000
18717.,3.6425
18718.,3.6253125
18719.,3.629375
18720.,3.6425
18721.,3.6340625
18722.,3.6637500000
18723.,3.6525
18724.,3.62
18725.,3.6446875
18726.,3.6662500000
18727.,3.6540625
18728.,3.6359375000
18729.,3.6371875
18730.,3.63875
18731.,3.649375
18732.,3.6296875
18733.,3.6196875
18734.,3.6484375
18735.,3.6550000000
18736.,3.6525
18737.,3.67125
18738.,3.6365625
18739.,3.6484375
18740.,3.6421875
18741.,3.6428125000
18742.,3.6490625
18743.,3.663125
18744.,3.6490625
18745.,3.636875
18746.,3.66
18747.,3.6428125000
18748.,3.6593750000
18749.,3.664375
18750.,3.6371875
18751.,3.6340625
18752.,3.629375
18753.,3.6478125
18754.,3.65125
18755.,3.6471875000
18756.,3.6393750000
18757.,3.635625
18758.,3.6409375
18759.,3.6559375000
18760.,3.6775
18761.,3.6496875
18762.,3.6465625
18763.,3.67
18764.,3.6409375
18765.,3.65
18766.,3.6615625
18767.,3.64
18768.,3.6515625000
18769.,3.6540625
18770.,3.6378125
18771.,3.63875
18772.,3.6621875
18773.,3.6584375000
18774.,3.6403125000
18775.,3.6809375
18776.,3.6584375000
18777.,3.653125
18778.,3.64625
18779.,3.63625
18780.,3.66875
18781.,3.620625
18782.,3.6425
18783.,3.61
18784.,3.649375
18785.,3.6634375
18786.,3.638125
18787.,3.6040625
18788.,3.6346875
18789.,3.640625
18790.,3.6553125
18791.,3.6359375000
18792.,3.6384375
18793.,3.6584375000
18794.,3.6803125
18795.,3.6503125
18796.,3.6503125
18797.,3.6378125
18798.,3.6553125
18799.,3.6225
18800.,3.6246875000
18801.,3.626875
18802.,3.6459375
18803.,3.6434375
18804.,3.6253125
18805.,3.63125
18806.,3.6350000000
18807.,3.6425
18808.,3.6178125
18809.,3.6278125
18810.,3.633125
18811.,3.629375
18812.,3.6075
18813.,3.6309375
18814.,3.644375
18815.,3.6793750000
18816.,3.6396875
18817.,3.6396875
18818.,3.62875
18819.,3.6603125
18820.,3.6334375
18821.,3.64875
18822.,3.653125
18823.,3.6534375
18824.,3.6593750000
18825.,3.6371875
18826.,3.6475
18827.,3.6709375
18828.,3.6703125
18829.,3.6481250000
18830.,3.6437500000
18831.,3.6365625
18832.,3.67
18833.,3.6328125
18834.,3.631875
18835.,3.6471875000
18836.,3.6281250000
18837.,3.6475
18838.,3.663125
18839.,3.6325000000
18840.,3.67625
18841.,3.6665625
18842.,3.6528125
18843.,3.6415625
18844.,3.65875
18845.,3.6434375
18846.,3.6621875
18847.,3.621875
18848.,3.661875
18849.,3.6459375
18850.,3.6275
18851.,3.63125
18852.,3.61375
18853.,3.6315625000
18854.,3.630625
18855.,3.6290625
18856.,3.64
18857.,3.6281250000
18858.,3.6393750000
18859.,3.613125
18860.,3.633125
18861.,3.6275
18862.,3.6428125000
18863.,3.646875
18864.,3.62
18865.,3.6265625
18866.,3.64625
18867.,3.640625
18868.,3.6168750000
18869.,3.6325000000
18870.,3.6281250000
18871.,3.61375
18872.,3.6321875
18873.,3.6475
18874.,3.6246875000
18875.,3.6437500000
18876.,3.60875
18877.,3.6081250000
18878.,3.6378125
18879.,3.6465625
18880.,3.6290625
18881.,3.63125
18882.,3.6225
18883.,3.65
18884.,3.6453125
18885.,3.6275
18886.,3.625625
18887.,3.6465625
18888.,3.6506250000
18889.,3.64125
18890.,3.6428125000
18891.,3.6371875
18892.,3.626875
18893.,3.62875
18894.,3.635625
18895.,3.6012500000
18896.,3.6384375
18897.,3.6081250000
18898.,3.6140625
18899.,3.6203125000
18900.,3.6340625
18901.,3.63625
18902.,3.624375
18903.,3.649375
18904.,3.64875
18905.,3.6153125
18906.,3.6571875
18907.,3.6546875
18908.,3.6550000000
18909.,3.625625
18910.,3.621875
18911.,3.6281250000
18912.,3.634375
18913.,3.6421875
18914.,3.615625
18915.,3.6346875
18916.,3.645625
18917.,3.6393750000
18918.,3.6496875
18919.,3.6521875
18920.,3.6706250000
18921.,3.6378125
18922.,3.6525
18923.,3.6596875
18924.,3.6671875000
18925.,3.641875
18926.,3.649375
18927.,3.64125
18928.,3.66125
18929.,3.6321875
18930.,3.635625
18931.,3.6371875
18932.,3.6521875
18933.,3.6484375
18934.,3.67875
18935.,3.6515625000
18936.,3.664375
18937.,3.6678125
18938.,3.630625
18939.,3.665
18940.,3.6625
18941.,3.6453125
18942.,3.651875
18943.,3.6428125000
18944.,3.6578125
18945.,3.6506250000
18946.,3.6715625000
18947.,3.6553125
18948.,3.6696875
18949.,3.644375
18950.,3.6393750000
18951.,3.6696875
18952.,3.6253125
18953.,3.6409375
18954.,3.6559375000
18955.,3.66875
18956.,3.6509375
18957.,3.6503125
18958.,3.6571875
18959.,3.6396875
18960.,3.6659375
18961.,3.636875
18962.,3.6525
18963.,3.6840625
18964.,3.65875
18965.,3.6390625
18966.,3.656875
18967.,3.6678125
18968.,3.6690625
18969.,3.6609375
18970.,3.6662500000
18971.,3.665625
18972.,3.6515625000
18973.,3.6478125
18974.,3.645625
18975.,3.6525
18976.,3.6840625
18977.,3.6540625
18978.,3.6734375
18979.,3.660625
18980.,3.6662500000
18981.,3.6821875
18982.,3.6621875
18983.,3.668125
18984.,3.6740625000
18985.,3.706875
18986.,3.658125
18987.,3.6765625
18988.,3.6815625
18989.,3.684375
18990.,3.6875
18991.,3.6821875
18992.,3.6971875
18993.,3.6834375
18994.,3.7053125000
18995.,3.6775
18996.,3.660625
18997.,3.6646875
18998.,3.665
18999.,3.6815625
19000.,3.6593750000
19001.,3.6903125
19002.,3.6818750000
19003.,3.6728125
19004.,3.6740625000
19005.,3.7190625
19006.,3.6803125
19007.,3.6925
19008.,3.6728125
19009.,3.6759375
19010.,3.6821875
19011.,3.6996875
19012.,3.649375
19013.,3.6725
19014.,3.660625
19015.,3.651875
19016.,3.6671875000
19017.,3.6671875000
19018.,3.67
19019.,3.6790625
19020.,3.6725
19021.,3.649375
19022.,3.68375
19023.,3.656875
19024.,3.6609375
19025.,3.64
19026.,3.6540625
19027.,3.649375
19028.,3.6571875
19029.,3.643125
19030.,3.6350000000
19031.,3.63
19032.,3.6153125
19033.,3.6696875
19034.,3.6590625
19035.,3.665
19036.,3.6550000000
19037.,3.665
19038.,3.6540625
19039.,3.6325000000
19040.,3.6553125
19041.,3.6521875
19042.,3.6506250000
19043.,3.6609375
19044.,3.6446875
19045.,3.6593750000
19046.,3.64875
19047.,3.649375
19048.,3.6646875
19049.,3.658125
19050.,3.6640625
19051.,3.6465625
19052.,3.6546875
19053.,3.6778125
19054.,3.6396875
19055.,3.6784375000
19056.,3.64625
19057.,3.6696875
19058.,3.6621875
19059.,3.673125
19060.,3.6715625000
19061.,3.64625
19062.,3.6546875
19063.,3.6703125
19064.,3.65375
19065.,3.6478125
19066.,3.68125
19067.,3.673125
19068.,3.6525
19069.,3.6428125000
19070.,3.638125
19071.,3.6484375
19072.,3.680625
19073.,3.6275
19074.,3.6846875
19075.,3.6603125
19076.,3.6565625
19077.,3.7028125000
19078.,3.6515625000
19079.,3.6840625
19080.,3.6721875
19081.,3.7021875
19082.,3.6603125
19083.,3.6653125
19084.,3.6640625
19085.,3.6678125
19086.,3.6678125
19087.,3.663125
19088.,3.661875
19089.,3.6690625
19090.,3.654375
19091.,3.6790625
19092.,3.6809375
19093.,3.6578125
19094.,3.69625
19095.,3.6728125
19096.,3.6662500000
19097.,3.69625
19098.,3.6396875
19099.,3.674375
19100.,3.680625
19101.,3.6821875
19102.,3.6871875000
19103.,3.6678125
19104.,3.6434375
19105.,3.6803125
19106.,3.653125
19107.,3.6596875
19108.,3.6575
19109.,3.6637500000
19110.,3.6703125
19111.,3.6703125
19112.,3.6240625
19113.,3.675625
19114.,3.6793750000
19115.,3.6875
19116.,3.649375
19117.,3.6728125
19118.,3.67625
19119.,3.7025
19120.,3.666875
19121.,3.6846875
19122.,3.6703125
19123.,3.6521875
19124.,3.6675
19125.,3.6746875
19126.,3.653125
19127.,3.6678125
19128.,3.673125
19129.,3.695625
19130.,3.6659375
19131.,3.6578125
19132.,3.654375
19133.,3.6796875
19134.,3.6375
19135.,3.6653125
19136.,3.666875
19137.,3.6503125
19138.,3.6559375000
19139.,3.6703125
19140.,3.6690625
19141.,3.6721875
19142.,3.643125
19143.,3.6409375
19144.,3.6703125
19145.,3.68375
19146.,3.6440625
19147.,3.6725
19148.,3.6640625
19149.,3.6393750000
19150.,3.68375
19151.,3.6659375
19152.,3.680625
19153.,3.665
19154.,3.6403125000
19155.,3.6421875
19156.,3.6575
19157.,3.6815625
19158.,3.6553125
19159.,3.664375
19160.,3.6753125
19161.,3.6428125000
19162.,3.6415625
19163.,3.663125
19164.,3.6625
19165.,3.6571875
19166.,3.6709375
19167.,3.6515625000
19168.,3.6437500000
19169.,3.654375
19170.,3.6259375
19171.,3.63375
19172.,3.6175
19173.,3.6378125
19174.,3.6350000000
19175.,3.6446875
19176.,3.63125
19177.,3.6396875
19178.,3.6290625
19179.,3.6353125
19180.,3.64625
19181.,3.64625
19182.,3.6515625000
19183.,3.6465625
19184.,3.6584375000
19185.,3.6215625
19186.,3.6284375
19187.,3.6125000000
19188.,3.65125
19189.,3.605
19190.,3.653125
19191.,3.644375
19192.,3.660625
19193.,3.6275
19194.,3.6546875
19195.,3.6409375
19196.,3.63
19197.,3.6521875
19198.,3.6390625
19199.,3.6784375000
19200.,3.65
19201.,3.6359375000
19202.,3.6471875000
19203.,3.6396875
19204.,3.6575
19205.,3.654375
19206.,3.6315625000
19207.,3.6484375
19208.,3.6440625
19209.,3.641875
19210.,3.65875
19211.,3.6359375000
19212.,3.63625
19213.,3.643125
19214.,3.6168750000
19215.,3.6465625
19216.,3.654375
19217.,3.671875
19218.,3.6396875
19219.,3.6228125
19220.,3.6671875000
19221.,3.6609375
19222.,3.6481250000
19223.,3.6503125
19224.,3.6321875
19225.,3.673125
19226.,3.67375
19227.,3.6746875
19228.,3.685625
19229.,3.6696875
19230.,3.6459375
19231.,3.6734375
19232.,3.6775
19233.,3.6596875
19234.,3.6734375
19235.,3.6546875
19236.,3.6528125
19237.,3.69125
19238.,3.6875
19239.,3.6496875
19240.,3.643125
19241.,3.6909375
19242.,3.685625
19243.,3.645
19244.,3.640625
19245.,3.6571875
19246.,3.665
19247.,3.67125
19248.,3.67375
19249.,3.649375
19250.,3.6565625
19251.,3.6778125
19252.,3.6671875000
19253.,3.6446875
19254.,3.669375
19255.,3.6715625000
19256.,3.649375
19257.,3.67375
19258.,3.6696875
19259.,3.6746875
19260.,3.6628125000
19261.,3.6637500000
19262.,3.6578125
19263.,3.6646875
19264.,3.660625
19265.,3.6509375
19266.,3.6578125
19267.,3.6565625
19268.,3.675625
19269.,3.6621875
19270.,3.663125
19271.,3.6465625
19272.,3.629375
19273.,3.6671875000
19274.,3.6759375
19275.,3.6862500000
19276.,3.6553125
19277.,3.6434375
19278.,3.6393750000
19279.,3.643125
19280.,3.6593750000
19281.,3.65125
19282.,3.6281250000
19283.,3.6546875
19284.,3.6553125
19285.,3.6640625
19286.,3.6403125000
19287.,3.676875
19288.,3.683125
19289.,3.6634375
19290.,3.6803125
19291.,3.68
19292.,3.7018750000
19293.,3.7106250000
19294.,3.6750000000
19295.,3.6578125
19296.,3.680625
19297.,3.6696875
19298.,3.6706250000
19299.,3.685
19300.,3.6906250000
19301.,3.6678125
19302.,3.680625
19303.,3.6521875
19304.,3.6859375
19305.,3.678125
19306.,3.6684375
19307.,3.6818750000
19308.,3.67625
19309.,3.6715625000
19310.,3.698125
19311.,3.6940625000
19312.,3.6796875
19313.,3.6853125
19314.,3.6790625
19315.,3.688125
19316.,3.6675
19317.,3.7265625
19318.,3.6859375
19319.,3.665
19320.,3.69375
19321.,3.67
19322.,3.7018750000
19323.,3.6946875
19324.,3.6509375
19325.,3.65625
19326.,3.7046875
19327.,3.6896875000
19328.,3.6728125
19329.,3.6703125
19330.,3.6765625
19331.,3.6746875
19332.,3.7090625
19333.,3.6903125
19334.,3.6628125000
19335.,3.6825
19336.,3.6778125
19337.,3.6753125
19338.,3.6625
19339.,3.6721875
19340.,3.69625
19341.,3.6715625000
19342.,3.666875
19343.,3.644375
19344.,3.69
19345.,3.6593750000
19346.,3.6834375
19347.,3.6925
19348.,3.6915625
19349.,3.6453125
19350.,3.691875
19351.,3.6750000000
19352.,3.703125
19353.,3.675625
19354.,3.6896875000
19355.,3.6665625
19356.,3.6971875
19357.,3.6784375000
19358.,3.674375
19359.,3.68125
19360.,3.6906250000
19361.,3.6815625
19362.,3.6859375
19363.,3.6765625
19364.,3.6684375
19365.,3.671875
19366.,3.6353125
19367.,3.7128125
19368.,3.685625
19369.,3.69125
19370.,3.6671875000
19371.,3.7009375
19372.,3.6746875
19373.,3.694375
19374.,3.67
19375.,3.644375
19376.,3.686875
19377.,3.6709375
19378.,3.6575
19379.,3.6703125
19380.,3.658125
19381.,3.67875
19382.,3.6571875
19383.,3.67125
19384.,3.6740625000
19385.,3.658125
19386.,3.6828125000
19387.,3.6646875
19388.,3.6409375
19389.,3.6690625
19390.,3.6621875
19391.,3.6675
19392.,3.661875
19393.,3.6793750000
19394.,3.68375
19395.,3.6796875
19396.,3.660625
19397.,3.66
19398.,3.665
19399.,3.6834375
19400.,3.6565625
19401.,3.6871875000
19402.,3.6818750000
19403.,3.6671875000
19404.,3.686875
19405.,3.6706250000
19406.,3.6359375000
19407.,3.674375
19408.,3.6521875
19409.,3.6703125
19410.,3.6596875
19411.,3.6890625
19412.,3.674375
19413.,3.6825
19414.,3.688125
19415.,3.6875
19416.,3.689375
19417.,3.6765625
19418.,3.6703125
19419.,3.673125
19420.,3.6728125
19421.,3.6684375
19422.,3.665
19423.,3.6878125
19424.,3.67375
19425.,3.67625
19426.,3.6903125
19427.,3.699375
19428.,3.695625
19429.,3.675625
19430.,3.6671875000
19431.,3.6934375
19432.,3.6965625
19433.,3.6603125
19434.,3.6646875
19435.,3.6646875
19436.,3.6690625
19437.,3.661875
19438.,3.666875
19439.,3.671875
19440.,3.64875
19441.,3.665
19442.,3.66125
19443.,3.6778125
19444.,3.6728125
19445.,3.6575
19446.,3.6706250000
19447.,3.67625
19448.,3.6934375
19449.,3.684375
19450.,3.64625
19451.,3.669375
19452.,3.6628125000
19453.,3.689375
19454.,3.683125
19455.,3.6578125
19456.,3.6771875
19457.,3.6984375000
19458.,3.6640625
19459.,3.6821875
19460.,3.6828125000
19461.,3.6609375
19462.,3.6553125
19463.,3.6803125
19464.,3.67625
19465.,3.6590625
19466.,3.65625
19467.,3.6525
19468.,3.6803125
19469.,3.6740625000
19470.,3.6753125
19471.,3.6725
19472.,3.67875
19473.,3.6784375000
19474.,3.6671875000
19475.,3.6640625
19476.,3.6828125000
19477.,3.6825
19478.,3.686875
19479.,3.6915625
19480.,3.6678125
19481.,3.6525
19482.,3.6740625000
19483.,3.6750000000
19484.,3.658125
19485.,3.7025
19486.,3.684375
19487.,3.6818750000
19488.,3.68125
19489.,3.6662500000
19490.,3.683125
19491.,3.6778125
19492.,3.6525
19493.,3.6906250000
19494.,3.6593750000
19495.,3.703125
19496.,3.698125
19497.,3.6775
19498.,3.6815625
19499.,3.6946875
19500.,3.6971875
19501.,3.684375
19502.,3.689375
19503.,3.6790625
19504.,3.676875
19505.,3.6621875
19506.,3.666875
19507.,3.664375
19508.,3.6906250000
19509.,3.675625
19510.,3.67125
19511.,3.660625
19512.,3.6540625
19513.,3.67125
19514.,3.6325000000
19515.,3.64875
19516.,3.6328125
19517.,3.6584375000
19518.,3.6481250000
19519.,3.6659375
19520.,3.6490625
19521.,3.6496875
19522.,3.6425
19523.,3.6721875
19524.,3.6725
19525.,3.6615625
19526.,3.658125
19527.,3.660625
19528.,3.6481250000
19529.,3.6721875
19530.,3.6709375
19531.,3.67625
19532.,3.6818750000
19533.,3.673125
19534.,3.6509375
19535.,3.685
19536.,3.6865625
19537.,3.66125
19538.,3.653125
19539.,3.654375
19540.,3.65625
19541.,3.66
19542.,3.6471875000
19543.,3.6759375
19544.,3.6465625
19545.,3.653125
19546.,3.658125
19547.,3.6434375
19548.,3.6315625000
19549.,3.63
19550.,3.6440625
19551.,3.613125
19552.,3.6328125
19553.,3.6550000000
19554.,3.6359375000
19555.,3.6215625
19556.,3.6321875
19557.,3.6478125
19558.,3.6434375
19559.,3.6265625
19560.,3.6421875
19561.,3.630625
19562.,3.65625
19563.,3.6281250000
19564.,3.6359375000
19565.,3.6259375
19566.,3.6481250000
19567.,3.656875
19568.,3.630625
19569.,3.6278125
19570.,3.644375
19571.,3.6281250000
19572.,3.6278125
19573.,3.6553125
19574.,3.6396875
19575.,3.6453125
19576.,3.630625
19577.,3.6171875
19578.,3.640625
19579.,3.6390625
19580.,3.6625
19581.,3.63625
19582.,3.6375
19583.,3.6240625
19584.,3.6328125
19585.,3.63
19586.,3.651875
19587.,3.65625
19588.,3.6721875
19589.,3.640625
19590.,3.654375
19591.,3.6593750000
19592.,3.6696875
19593.,3.6403125000
19594.,3.6709375
19595.,3.6934375
19596.,3.67125
19597.,3.660625
19598.,3.6790625
19599.,3.6703125
19600.,3.6475
19601.,3.6909375
19602.,3.6803125
19603.,3.6575
19604.,3.6703125
19605.,3.6734375
19606.,3.6425
19607.,3.6637500000
19608.,3.67
19609.,3.6740625000
19610.,3.6678125
19611.,3.660625
19612.,3.6803125
19613.,3.6721875
19614.,3.6778125
19615.,3.6640625
19616.,3.67625
19617.,3.6715625000
19618.,3.6696875
19619.,3.6528125
19620.,3.66125
19621.,3.68375
19622.,3.68125
19623.,3.6671875000
19624.,3.6459375
19625.,3.6559375000
19626.,3.67375
19627.,3.6596875
19628.,3.6525
19629.,3.6596875
19630.,3.6550000000
19631.,3.663125
19632.,3.6596875
19633.,3.66
19634.,3.6865625
19635.,3.6803125
19636.,3.664375
19637.,3.64875
19638.,3.688125
19639.,3.683125
19640.,3.6603125
19641.,3.6678125
19642.,3.6803125
19643.,3.7021875
19644.,3.7115625
19645.,3.6853125
19646.,3.6853125
19647.,3.67125
19648.,3.6790625
19649.,3.7009375
19650.,3.6675
19651.,3.6875
19652.,3.6653125
19653.,3.6862500000
19654.,3.686875
19655.,3.683125
19656.,3.69375
19657.,3.6753125
19658.,3.6603125
19659.,3.6696875
19660.,3.69375
19661.,3.71
19662.,3.685625
19663.,3.6525
19664.,3.665625
19665.,3.6859375
19666.,3.66
19667.,3.675625
19668.,3.653125
19669.,3.6653125
19670.,3.693125
19671.,3.6421875
19672.,3.6593750000
19673.,3.67375
19674.,3.6646875
19675.,3.674375
19676.,3.6778125
19677.,3.6584375000
19678.,3.6825
19679.,3.6496875
19680.,3.66
19681.,3.6603125
19682.,3.6596875
19683.,3.676875
19684.,3.6578125
19685.,3.644375
19686.,3.6778125
19687.,3.6621875
19688.,3.66125
19689.,3.6709375
19690.,3.654375
19691.,3.6815625
19692.,3.6659375
19693.,3.6621875
19694.,3.6709375
19695.,3.6793750000
19696.,3.6575
19697.,3.6290625
19698.,3.6490625
19699.,3.6475
19700.,3.6365625
19701.,3.6615625
19702.,3.6521875
19703.,3.6403125000
19704.,3.6740625000
19705.,3.6550000000
19706.,3.6565625
19707.,3.65375
19708.,3.6515625000
19709.,3.6409375
19710.,3.641875
19711.,3.6578125
19712.,3.6637500000
19713.,3.6675
19714.,3.6690625
19715.,3.6765625
19716.,3.6659375
19717.,3.6593750000
19718.,3.649375
19719.,3.64875
19720.,3.640625
19721.,3.6415625
19722.,3.6593750000
19723.,3.63625
19724.,3.6609375
19725.,3.636875
19726.,3.661875
19727.,3.635625
19728.,3.6425
19729.,3.6453125
19730.,3.66875
19731.,3.6465625
19732.,3.630625
19733.,3.6415625
19734.,3.67125
19735.,3.64625
19736.,3.6525
19737.,3.6521875
19738.,3.65625
19739.,3.6175
19740.,3.623125
19741.,3.6309375
19742.,3.6459375
19743.,3.64875
19744.,3.6575
19745.,3.6746875
19746.,3.658125
19747.,3.6453125
19748.,3.6515625000
19749.,3.665625
19750.,3.65125
19751.,3.651875
19752.,3.6271875000
19753.,3.6446875
19754.,3.646875
19755.,3.6675
19756.,3.6690625
19757.,3.661875
19758.,3.641875
19759.,3.6578125
19760.,3.636875
19761.,3.6790625
19762.,3.6403125000
19763.,3.6478125
19764.,3.6609375
19765.,3.6296875
19766.,3.6646875
19767.,3.6678125
19768.,3.665625
19769.,3.67
19770.,3.643125
19771.,3.6503125
19772.,3.67875
19773.,3.65
19774.,3.66125
19775.,3.668125
19776.,3.65125
19777.,3.661875
19778.,3.63
19779.,3.6490625
19780.,3.6765625
19781.,3.6846875
19782.,3.6550000000
19783.,3.680625
19784.,3.7034375
19785.,3.684375
19786.,3.65875
19787.,3.6728125
19788.,3.6703125
19789.,3.6684375
19790.,3.68375
19791.,3.6584375000
19792.,3.691875
19793.,3.6862500000
19794.,3.6240625
19795.,3.6846875
19796.,3.6506250000
19797.,3.6715625000
19798.,3.6659375
19799.,3.6378125
19800.,3.6575
19801.,3.6825
19802.,3.68
19803.,3.6590625
19804.,3.6559375000
19805.,3.685
19806.,3.64125
19807.,3.6296875
19808.,3.649375
19809.,3.66125
19810.,3.6546875
19811.,3.6346875
19812.,3.641875
19813.,3.649375
19814.,3.6521875
19815.,3.668125
19816.,3.6625
19817.,3.6678125
19818.,3.6509375
19819.,3.6659375
19820.,3.6628125000
19821.,3.6575
19822.,3.6865625
19823.,3.6653125
19824.,3.6740625000
19825.,3.624375
19826.,3.665625
19827.,3.6646875
19828.,3.6590625
19829.,3.6653125
19830.,3.66
19831.,3.6715625000
19832.,3.685625
19833.,3.6875
19834.,3.6940625000
19835.,3.6678125
19836.,3.69125
19837.,3.660625
19838.,3.6490625
19839.,3.6765625
19840.,3.654375
19841.,3.65875
19842.,3.6584375000
19843.,3.6390625
19844.,3.6506250000
19845.,3.67375
19846.,3.678125
19847.,3.6437500000
19848.,3.655625
19849.,3.6550000000
19850.,3.665625
19851.,3.6721875
19852.,3.6615625
19853.,3.6671875000
19854.,3.644375
19855.,3.62
19856.,3.65125
19857.,3.6634375
19858.,3.6484375
19859.,3.649375
19860.,3.6465625
19861.,3.656875
19862.,3.6637500000
19863.,3.6421875
19864.,3.6653125
19865.,3.6809375
19866.,3.6640625
19867.,3.6521875
19868.,3.6671875000
19869.,3.6409375
19870.,3.6740625000
19871.,3.6534375
19872.,3.6771875
19873.,3.643125
19874.,3.6528125
19875.,3.649375
19876.,3.6565625
19877.,3.63625
19878.,3.664375
19879.,3.65875
19880.,3.6481250000
19881.,3.6409375
19882.,3.6521875
19883.,3.6578125
19884.,3.665625
19885.,3.665
19886.,3.661875
19887.,3.6584375000
19888.,3.64875
19889.,3.6640625
19890.,3.6359375000
19891.,3.6625
19892.,3.676875
19893.,3.66
19894.,3.6706250000
19895.,3.6853125
19896.,3.6265625
19897.,3.629375
19898.,3.6365625
19899.,3.6428125000
19900.,3.6471875000
19901.,3.6662500000
19902.,3.646875
19903.,3.64625
19904.,3.6503125
19905.,3.6528125
19906.,3.6359375000
19907.,3.631875
19908.,3.66875
19909.,3.615
19910.,3.618125
19911.,3.63125
19912.,3.6196875
19913.,3.6509375
19914.,3.6515625000
19915.,3.6346875
19916.,3.6437500000
19917.,3.6440625
19918.,3.63625
19919.,3.6437500000
19920.,3.65375
19921.,3.66125
19922.,3.6628125000
19923.,3.6393750000
19924.,3.631875
19925.,3.66125
19926.,3.6328125
19927.,3.62875
19928.,3.6640625
19929.,3.6728125
19930.,3.6453125
19931.,3.665625
19932.,3.64
19933.,3.67
19934.,3.6506250000
19935.,3.67625
19936.,3.675625
19937.,3.69375
19938.,3.6678125
19939.,3.6665625
19940.,3.6678125
19941.,3.665625
19942.,3.6503125
19943.,3.676875
19944.,3.6721875
19945.,3.685
19946.,3.663125
19947.,3.685625
19948.,3.685
19949.,3.6590625
19950.,3.6653125
19951.,3.6696875
19952.,3.6603125
19953.,3.6496875
19954.,3.67375
19955.,3.6875
19956.,3.68
19957.,3.6603125
19958.,3.6659375
19959.,3.63875
19960.,3.646875
19961.,3.6725
19962.,3.6625
19963.,3.65375
19964.,3.6671875000
19965.,3.6453125
19966.,3.6593750000
19967.,3.6625
19968.,3.6593750000
19969.,3.6896875000
19970.,3.6309375
19971.,3.6659375
19972.,3.6534375
19973.,3.6459375
19974.,3.64125
19975.,3.6665625
19976.,3.6440625
19977.,3.6559375000
19978.,3.64
19979.,3.6553125
19980.,3.67375
19981.,3.64125
19982.,3.658125
19983.,3.6571875
19984.,3.64
19985.,3.640625
19986.,3.658125
19987.,3.6375
19988.,3.6759375
19989.,3.6490625
19990.,3.638125
19991.,3.6506250000
19992.,3.6525
19993.,3.6784375000
19994.,3.6490625
19995.,3.66875
19996.,3.6859375
19997.,3.6659375
19998.,3.656875
19999.,3.6350000000
20000.,3.6496875
20001.,3.6609375
20002.,3.6818750000
20003.,3.65625
20004.,3.6496875
20005.,3.67875
20006.,3.6734375
20007.,3.6546875
20008.,3.656875
20009.,3.685
20010.,3.6603125
20011.,3.6815625
20012.,3.67
20013.,3.683125
20014.,3.680625
20015.,3.6734375
20016.,3.665625
20017.,3.6703125
20018.,3.6590625
20019.,3.6521875
20020.,3.6734375
20021.,3.69625
20022.,3.6521875
20023.,3.65625
20024.,3.663125
20025.,3.6715625000
20026.,3.669375
20027.,3.6596875
20028.,3.6640625
20029.,3.6534375
20030.,3.64125
20031.,3.6675
20032.,3.6178125
20033.,3.6321875
20034.,3.6506250000
20035.,3.6750000000
20036.,3.6590625
20037.,3.6709375
20038.,3.645625
20039.,3.663125
20040.,3.661875
20041.,3.6390625
20042.,3.6653125
20043.,3.6596875
20044.,3.658125
20045.,3.6709375
20046.,3.660625
20047.,3.6721875
20048.,3.6896875000
20049.,3.6628125000
20050.,3.6475
20051.,3.684375
20052.,3.665
20053.,3.668125
20054.,3.6796875
20055.,3.6459375
20056.,3.6646875
20057.,3.65625
20058.,3.660625
20059.,3.673125
20060.,3.6371875
20061.,3.6465625
20062.,3.6628125000
20063.,3.649375
20064.,3.6646875
20065.,3.6509375
20066.,3.6409375
20067.,3.644375
20068.,3.6428125000
20069.,3.645625
20070.,3.6671875000
20071.,3.606875
20072.,3.6415625
20073.,3.6490625
20074.,3.6409375
20075.,3.6359375000
20076.,3.6528125
20077.,3.631875
20078.,3.64625
20079.,3.6353125
20080.,3.636875
20081.,3.65125
20082.,3.6328125
20083.,3.64
20084.,3.6165625
20085.,3.5959375000
20086.,3.6409375
20087.,3.66
20088.,3.6440625
20089.,3.630625
20090.,3.664375
20091.,3.6409375
20092.,3.6384375
20093.,3.63125
20094.,3.623125
20095.,3.631875
20096.,3.634375
20097.,3.636875
20098.,3.6346875
20099.,3.6390625
20100.,3.6528125
20101.,3.6603125
20102.,3.6140625
20103.,3.6225
20104.,3.6353125
20105.,3.641875
20106.,3.6393750000
20107.,3.6190625
20108.,3.6534375
20109.,3.6278125
20110.,3.65125
20111.,3.6253125
20112.,3.665625
20113.,3.653125
20114.,3.644375
20115.,3.6428125000
20116.,3.665
20117.,3.64625
20118.,3.6253125
20119.,3.6690625
20120.,3.6515625000
20121.,3.6506250000
20122.,3.606875
20123.,3.6471875000
20124.,3.643125
20125.,3.6846875
20126.,3.67375
20127.,3.62
20128.,3.65125
20129.,3.67375
20130.,3.636875
20131.,3.6590625
20132.,3.6678125
20133.,3.703125
20134.,3.64875
20135.,3.666875
20136.,3.6550000000
20137.,3.6446875
20138.,3.65375
20139.,3.6637500000
20140.,3.6615625
20141.,3.64125
20142.,3.6571875
20143.,3.6771875
20144.,3.6184375
20145.,3.6596875
20146.,3.6409375
20147.,3.6525
20148.,3.67125
20149.,3.6521875
20150.,3.6821875
20151.,3.6715625000
20152.,3.6828125000
20153.,3.669375
20154.,3.666875
20155.,3.6728125
20156.,3.6759375
20157.,3.643125
20158.,3.6815625
20159.,3.6671875000
20160.,3.653125
20161.,3.644375
20162.,3.6671875000
20163.,3.663125
20164.,3.6603125
20165.,3.6628125000
20166.,3.70875
20167.,3.684375
20168.,3.6553125
20169.,3.67125
20170.,3.6675
20171.,3.6784375000
20172.,3.6853125
20173.,3.67125
20174.,3.646875
20175.,3.69125
20176.,3.6865625
20177.,3.6603125
20178.,3.660625
20179.,3.6593750000
20180.,3.6350000000
20181.,3.6765625
20182.,3.6862500000
20183.,3.6703125
20184.,3.666875
20185.,3.6453125
20186.,3.631875
20187.,3.6525
20188.,3.661875
20189.,3.67
20190.,3.65625
20191.,3.6350000000
20192.,3.64875
20193.,3.6815625
20194.,3.6265625
20195.,3.6153125
20196.,3.6706250000
20197.,3.6503125
20198.,3.6396875
20199.,3.6221875
20200.,3.651875
20201.,3.6521875
20202.,3.646875
20203.,3.6425
20204.,3.640625
20205.,3.6421875
20206.,3.63875
20207.,3.65375
20208.,3.644375
20209.,3.6575
20210.,3.651875
20211.,3.64125
20212.,3.649375
20213.,3.651875
20214.,3.6403125000
20215.,3.631875
20216.,3.641875
20217.,3.6678125
20218.,3.668125
20219.,3.6625
20220.,3.6403125000
20221.,3.6471875000
20222.,3.6678125
20223.,3.6340625
20224.,3.6428125000
20225.,3.660625
20226.,3.6615625
20227.,3.669375
20228.,3.6503125
20229.,3.6553125
20230.,3.6528125
20231.,3.66875
20232.,3.6434375
20233.,3.6550000000
20234.,3.6653125
20235.,3.661875
20236.,3.64
20237.,3.6440625
20238.,3.6253125
20239.,3.65
20240.,3.66875
20241.,3.613125
20242.,3.6396875
20243.,3.644375
20244.,3.6421875
20245.,3.618125
20246.,3.6184375
20247.,3.63125
20248.,3.6559375000
20249.,3.6440625
20250.,3.646875
20251.,3.6284375
20252.,3.62
20253.,3.640625
20254.,3.61125
20255.,3.6140625
20256.,3.6481250000
20257.,3.6425
20258.,3.64875
20259.,3.638125
20260.,3.63875
20261.,3.6525
20262.,3.6421875
20263.,3.6403125000
20264.,3.61625
20265.,3.6625
20266.,3.613125
20267.,3.643125
20268.,3.6340625
20269.,3.6203125000
20270.,3.605
20271.,3.6225
20272.,3.6265625
20273.,3.6384375
20274.,3.6278125
20275.,3.630625
20276.,3.6321875
20277.,3.660625
20278.,3.6221875
20279.,3.61875
20280.,3.645
20281.,3.660625
20282.,3.64125
20283.,3.630625
20284.,3.6571875
20285.,3.651875
20286.,3.6678125
20287.,3.6590625
20288.,3.660625
20289.,3.6709375
20290.,3.6584375000
20291.,3.634375
20292.,3.6434375
20293.,3.6540625
20294.,3.660625
20295.,3.6478125
20296.,3.6446875
20297.,3.6546875
20298.,3.6275
20299.,3.638125
20300.,3.6393750000
20301.,3.6425
20302.,3.663125
20303.,3.62875
20304.,3.6375
20305.,3.6628125000
20306.,3.6571875
20307.,3.6471875000
20308.,3.6184375
20309.,3.6296875
20310.,3.626875
20311.,3.680625
20312.,3.646875
20313.,3.6225
20314.,3.635625
20315.,3.6528125
20316.,3.6125000000
20317.,3.6528125
20318.,3.683125
20319.,3.6646875
20320.,3.6403125000
20321.,3.6237500000
20322.,3.6703125
20323.,3.6578125
20324.,3.6603125
20325.,3.635625
20326.,3.64
20327.,3.6925
20328.,3.669375
20329.,3.67125
20330.,3.654375
20331.,3.676875
20332.,3.631875
20333.,3.65125
20334.,3.661875
20335.,3.6725
20336.,3.6696875
20337.,3.6578125
20338.,3.6818750000
20339.,3.6925
20340.,3.6975000000
20341.,3.7071875
20342.,3.669375
20343.,3.664375
20344.,3.6659375
20345.,3.6475
20346.,3.6803125
20347.,3.67
20348.,3.6950000000
20349.,3.6759375
20350.,3.6818750000
20351.,3.68875
20352.,3.67125
20353.,3.6728125
20354.,3.6621875
20355.,3.656875
20356.,3.69
20357.,3.68375
20358.,3.6821875
20359.,3.6628125000
20360.,3.668125
20361.,3.6628125000
20362.,3.689375
20363.,3.6540625
20364.,3.6665625
20365.,3.665
20366.,3.6575
20367.,3.664375
20368.,3.6425
20369.,3.6628125000
20370.,3.658125
20371.,3.6803125
20372.,3.6540625
20373.,3.6393750000
20374.,3.6490625
20375.,3.63125
20376.,3.6259375
20377.,3.6325000000
20378.,3.64875
20379.,3.65375
20380.,3.638125
20381.,3.634375
20382.,3.6281250000
20383.,3.6575
20384.,3.653125
20385.,3.6393750000
20386.,3.6515625000
20387.,3.68875
20388.,3.6578125
20389.,3.6640625
20390.,3.64875
20391.,3.6475
20392.,3.6553125
20393.,3.6740625000
20394.,3.67125
20395.,3.691875
20396.,3.686875
20397.,3.6528125
20398.,3.654375
20399.,3.671875
20400.,3.6709375
20401.,3.6690625
20402.,3.668125
20403.,3.6637500000
20404.,3.666875
20405.,3.66875
20406.,3.665625
20407.,3.673125
20408.,3.6609375
20409.,3.6871875000
20410.,3.6615625
20411.,3.684375
20412.,3.665
20413.,3.67625
20414.,3.6540625
20415.,3.6506250000
20416.,3.67125
20417.,3.68375
20418.,3.683125
20419.,3.6593750000
20420.,3.6615625
20421.,3.67875
20422.,3.66875
20423.,3.678125
20424.,3.6721875
20425.,3.689375
20426.,3.64
20427.,3.6603125
20428.,3.6696875
20429.,3.6506250000
20430.,3.64
20431.,3.631875
20432.,3.6603125
20433.,3.65125
20434.,3.6509375
20435.,3.64125
20436.,3.6575
20437.,3.65625
20438.,3.6378125
20439.,3.66
20440.,3.6281250000
20441.,3.6328125
20442.,3.6484375
20443.,3.630625
20444.,3.64
20445.,3.6478125
20446.,3.64625
20447.,3.64875
20448.,3.65375
20449.,3.6506250000
20450.,3.6559375000
20451.,3.6634375
20452.,3.6671875000
20453.,3.6662500000
20454.,3.62125
20455.,3.6675
20456.,3.643125
20457.,3.644375
20458.,3.67
20459.,3.6678125
20460.,3.6793750000
20461.,3.65125
20462.,3.65875
20463.,3.6662500000
20464.,3.6640625
20465.,3.6609375
20466.,3.6784375000
20467.,3.676875
20468.,3.6746875
20469.,3.680625
20470.,3.6528125
20471.,3.6640625
20472.,3.6834375
20473.,3.6809375
20474.,3.6662500000
20475.,3.7246875
20476.,3.67875
20477.,3.6906250000
20478.,3.6615625
20479.,3.704375
20480.,3.6915625
20481.,3.6896875000
20482.,3.708125
20483.,3.7090625
20484.,3.6965625
20485.,3.6809375
20486.,3.678125
20487.,3.6775
20488.,3.6740625000
20489.,3.6578125
20490.,3.6503125
20491.,3.6725
20492.,3.67
20493.,3.686875
20494.,3.6909375
20495.,3.7053125000
20496.,3.68
20497.,3.6846875
20498.,3.6821875
20499.,3.67875
20500.,3.6906250000
20501.,3.6753125
20502.,3.6834375
20503.,3.6809375
20504.,3.7015625
20505.,3.7003125
20506.,3.6906250000
20507.,3.6803125
20508.,3.6906250000
20509.,3.6784375000
20510.,3.704375
20511.,3.6775
20512.,3.7125
20513.,3.6996875
20514.,3.703125
20515.,3.7065625
20516.,3.694375
20517.,3.7062500000
20518.,3.735
20519.,3.7275
20520.,3.699375
20521.,3.6871875000
20522.,3.7390625
20523.,3.705625
20524.,3.6946875
20525.,3.705
20526.,3.7075
20527.,3.7159375
20528.,3.7321875
20529.,3.7128125
20530.,3.7384375
20531.,3.720625
20532.,3.7190625
20533.,3.7040625
20534.,3.6959375
20535.,3.726875
20536.,3.7046875
20537.,3.691875
20538.,3.715625
20539.,3.6990625
20540.,3.6909375
20541.,3.67125
20542.,3.6821875
20543.,3.7003125
20544.,3.7009375
20545.,3.7034375
20546.,3.714375
20547.,3.6928125
20548.,3.6865625
20549.,3.6818750000
20550.,3.6653125
20551.,3.6721875
20552.,3.7153125
20553.,3.69875
20554.,3.686875
20555.,3.6396875
20556.,3.685
20557.,3.6828125000
20558.,3.700625
20559.,3.685625
20560.,3.67
20561.,3.6828125000
20562.,3.6753125
20563.,3.6915625
20564.,3.69
20565.,3.675625
20566.,3.6909375
20567.,3.6950000000
20568.,3.6778125
20569.,3.6965625
20570.,3.695625
20571.,3.688125
20572.,3.6703125
20573.,3.686875
20574.,3.68375
20575.,3.6546875
20576.,3.676875
20577.,3.6728125
20578.,3.685625
20579.,3.6662500000
20580.,3.669375
20581.,3.64875
20582.,3.6509375
20583.,3.68125
20584.,3.674375
20585.,3.67375
20586.,3.6896875000
20587.,3.686875
20588.,3.6896875000
20589.,3.6728125
20590.,3.68125
20591.,3.689375
20592.,3.678125
20593.,3.675625
20594.,3.686875
20595.,3.6765625
20596.,3.6725
20597.,3.68125
20598.,3.655625
20599.,3.6696875
20600.,3.669375
20601.,3.6484375
20602.,3.6815625
20603.,3.6740625000
20604.,3.6815625
20605.,3.6678125
20606.,3.67625
20607.,3.65
20608.,3.6571875
20609.,3.666875
20610.,3.65875
20611.,3.65875
20612.,3.6690625
20613.,3.67625
20614.,3.6778125
20615.,3.6475
20616.,3.694375
20617.,3.6896875000
20618.,3.6675
20619.,3.6865625
20620.,3.6653125
20621.,3.684375
20622.,3.6803125
20623.,3.663125
20624.,3.696875
20625.,3.7015625
20626.,3.6809375
20627.,3.656875
20628.,3.6765625
20629.,3.705
20630.,3.7218750000
20631.,3.6862500000
20632.,3.6790625
20633.,3.664375
20634.,3.703125
20635.,3.6853125
20636.,3.70125
20637.,3.68125
20638.,3.698125
20639.,3.674375
20640.,3.6515625000
20641.,3.6703125
20642.,3.654375
20643.,3.700625
20644.,3.6228125
20645.,3.6846875
20646.,3.6515625000
20647.,3.6809375
20648.,3.664375
20649.,3.668125
20650.,3.6609375
20651.,3.693125
20652.,3.6803125
20653.,3.6859375
20654.,3.6653125
20655.,3.6815625
20656.,3.6775
20657.,3.6478125
20658.,3.69375
20659.,3.6906250000
20660.,3.6659375
20661.,3.6628125000
20662.,3.666875
20663.,3.685
20664.,3.6690625
20665.,3.664375
20666.,3.6715625000
20667.,3.6665625
20668.,3.6625
20669.,3.6603125
20670.,3.6662500000
20671.,3.6815625
20672.,3.6628125000
20673.,3.6703125
20674.,3.660625
20675.,3.67
20676.,3.6484375
20677.,3.67375
20678.,3.6684375
20679.,3.6528125
20680.,3.6640625
20681.,3.66875
20682.,3.65
20683.,3.6440625
20684.,3.6696875
20685.,3.6578125
20686.,3.663125
20687.,3.6653125
20688.,3.641875
20689.,3.6675
20690.,3.6609375
20691.,3.6359375000
20692.,3.668125
20693.,3.6696875
20694.,3.6671875000
20695.,3.6940625000
20696.,3.6628125000
20697.,3.6653125
20698.,3.6775
20699.,3.6662500000
20700.,3.683125
20701.,3.665625
20702.,3.6593750000
20703.,3.673125
20704.,3.6784375000
20705.,3.6793750000
20706.,3.6640625
20707.,3.6662500000
20708.,3.6653125
20709.,3.66875
20710.,3.67125
20711.,3.6775
20712.,3.65625
20713.,3.6471875000
20714.,3.671875
20715.,3.664375
20716.,3.663125
20717.,3.6509375
20718.,3.65625
20719.,3.638125
20720.,3.656875
20721.,3.645625
20722.,3.673125
20723.,3.6578125
20724.,3.661875
20725.,3.6421875
20726.,3.645625
20727.,3.6550000000
20728.,3.64875
20729.,3.6684375
20730.,3.6665625
20731.,3.6584375000
20732.,3.6637500000
20733.,3.654375
20734.,3.7065625
20735.,3.680625
20736.,3.65875
20737.,3.6671875000
20738.,3.675625
20739.,3.6509375
20740.,3.6721875
20741.,3.65625
20742.,3.6709375
20743.,3.66125
20744.,3.6715625000
20745.,3.6765625
20746.,3.6625
20747.,3.63125
20748.,3.6503125
20749.,3.6734375
20750.,3.6675
20751.,3.6453125
20752.,3.699375
20753.,3.649375
20754.,3.6703125
20755.,3.6559375000
20756.,3.6796875
20757.,3.67125
20758.,3.6309375
20759.,3.649375
20760.,3.6653125
20761.,3.6490625
20762.,3.6584375000
20763.,3.636875
20764.,3.656875
20765.,3.664375
20766.,3.6609375
20767.,3.646875
20768.,3.6459375
20769.,3.6334375
20770.,3.64875
20771.,3.6393750000
20772.,3.6725
20773.,3.6593750000
20774.,3.6496875
20775.,3.6534375
20776.,3.671875
20777.,3.6734375
20778.,3.65875
20779.,3.645
20780.,3.6550000000
20781.,3.62625
20782.,3.6396875
20783.,3.6053125
20784.,3.624375
20785.,3.623125
20786.,3.6584375000
20787.,3.6384375
20788.,3.6328125
20789.,3.6165625
20790.,3.6012500000
20791.,3.630625
20792.,3.6053125
20793.,3.6090625000
20794.,3.6328125
20795.,3.6325000000
20796.,3.6259375
20797.,3.5971875
20798.,3.6475
20799.,3.5915625
20800.,3.606875
20801.,3.625
20802.,3.6396875
20803.,3.6584375000
20804.,3.6234375
20805.,3.6140625
20806.,3.6284375
20807.,3.62
20808.,3.6350000000
20809.,3.6350000000
20810.,3.63875
20811.,3.6534375
20812.,3.656875
20813.,3.6134375
20814.,3.6375
20815.,3.6359375000
20816.,3.6637500000
20817.,3.64125
20818.,3.6371875
20819.,3.6525
20820.,3.6459375
20821.,3.6415625
20822.,3.640625
20823.,3.6403125000
20824.,3.636875
20825.,3.64875
20826.,3.6125000000
20827.,3.6578125
20828.,3.6571875
20829.,3.65125
20830.,3.6453125
20831.,3.641875
20832.,3.6706250000
20833.,3.6378125
20834.,3.645625
20835.,3.663125
20836.,3.631875
20837.,3.6471875000
20838.,3.6734375
20839.,3.63625
20840.,3.6725
20841.,3.6728125
20842.,3.6793750000
20843.,3.6534375
20844.,3.6709375
20845.,3.649375
20846.,3.6646875
20847.,3.6553125
20848.,3.675625
20849.,3.6821875
20850.,3.668125
20851.,3.6415625
20852.,3.696875
20853.,3.65375
20854.,3.6818750000
20855.,3.6628125000
20856.,3.6459375
20857.,3.6750000000
20858.,3.6706250000
20859.,3.6859375
20860.,3.6446875
20861.,3.65375
20862.,3.6665625
20863.,3.6521875
20864.,3.6521875
20865.,3.6625
20866.,3.6346875
20867.,3.655625
20868.,3.6828125000
20869.,3.655625
20870.,3.6646875
20871.,3.6793750000
20872.,3.665625
20873.,3.6490625
20874.,3.6690625
20875.,3.68125
20876.,3.664375
20877.,3.6559375000
20878.,3.6575
20879.,3.6828125000
20880.,3.6671875000
20881.,3.6640625
20882.,3.67125
20883.,3.685
20884.,3.7075
20885.,3.665625
20886.,3.6834375
20887.,3.6815625
20888.,3.6603125
20889.,3.6746875
20890.,3.6928125
20891.,3.668125
20892.,3.696875
20893.,3.655625
20894.,3.6540625
20895.,3.6818750000
20896.,3.6534375
20897.,3.6765625
20898.,3.6550000000
20899.,3.6609375
20900.,3.691875
20901.,3.67125
20902.,3.6596875
20903.,3.6859375
20904.,3.6575
20905.,3.6878125
20906.,3.6784375000
20907.,3.661875
20908.,3.6784375000
20909.,3.685625
20910.,3.67375
20911.,3.67375
20912.,3.6828125000
20913.,3.6834375
20914.,3.660625
20915.,3.6596875
20916.,3.669375
20917.,3.6793750000
20918.,3.6575
20919.,3.6496875
20920.,3.67125
20921.,3.7059375
20922.,3.69625
20923.,3.6846875
20924.,3.6728125
20925.,3.6793750000
20926.,3.6818750000
20927.,3.65375
20928.,3.6675
20929.,3.6896875000
20930.,3.6818750000
20931.,3.6793750000
20932.,3.669375
20933.,3.6725
20934.,3.7153125
20935.,3.6671875000
20936.,3.6621875
20937.,3.6540625
20938.,3.676875
20939.,3.6753125
20940.,3.69
20941.,3.6640625
20942.,3.6678125
20943.,3.6662500000
20944.,3.6571875
20945.,3.668125
20946.,3.6840625
20947.,3.67
20948.,3.67125
20949.,3.6596875
20950.,3.65125
20951.,3.660625
20952.,3.6615625
20953.,3.6496875
20954.,3.64875
20955.,3.6628125000
20956.,3.609375
20957.,3.6528125
20958.,3.65
20959.,3.6346875
20960.,3.63375
20961.,3.63125
20962.,3.631875
20963.,3.66125
20964.,3.6521875
20965.,3.6425
20966.,3.65875
20967.,3.6571875
20968.,3.6471875000
20969.,3.63
20970.,3.6390625
20971.,3.6140625
20972.,3.6378125
20973.,3.6165625
20974.,3.6350000000
20975.,3.63125
20976.,3.644375
20977.,3.64125
20978.,3.6359375000
20979.,3.63375
20980.,3.6481250000
20981.,3.663125
20982.,3.6553125
20983.,3.6428125000
20984.,3.6421875
20985.,3.6496875
20986.,3.653125
20987.,3.6565625
20988.,3.6393750000
20989.,3.665625
20990.,3.6396875
20991.,3.6421875
20992.,3.6171875
20993.,3.6525
20994.,3.669375
20995.,3.6446875
20996.,3.6350000000
20997.,3.6637500000
20998.,3.6465625
20999.,3.65875
21000.,3.6615625
21001.,3.6653125
21002.,3.65375
21003.,3.654375
21004.,3.6846875
21005.,3.6609375
21006.,3.656875
21007.,3.6575
21008.,3.6590625
21009.,3.68375
21010.,3.6778125
21011.,3.6796875
21012.,3.67125
21013.,3.6906250000
21014.,3.6559375000
21015.,3.66
21016.,3.6771875
21017.,3.644375
21018.,3.6778125
21019.,3.676875
21020.,3.645625
21021.,3.655625
21022.,3.6453125
21023.,3.638125
21024.,3.6403125000
21025.,3.6509375
21026.,3.6662500000
21027.,3.6746875
21028.,3.6509375
21029.,3.654375
21030.,3.6628125000
21031.,3.66125
21032.,3.6746875
21033.,3.6784375000
21034.,3.664375
21035.,3.691875
21036.,3.68
21037.,3.661875
21038.,3.6521875
21039.,3.6790625
21040.,3.67625
21041.,3.6884375
21042.,3.6590625
21043.,3.6425
21044.,3.689375
21045.,3.661875
21046.,3.6540625
21047.,3.64875
21048.,3.6878125
21049.,3.6965625
21050.,3.6871875000
21051.,3.704375
21052.,3.6734375
21053.,3.6628125000
21054.,3.68375
21055.,3.668125
21056.,3.6653125
21057.,3.668125
21058.,3.6659375
21059.,3.668125
21060.,3.6790625
21061.,3.6875
21062.,3.6678125
21063.,3.6703125
21064.,3.66125
21065.,3.68875
21066.,3.6634375
21067.,3.6546875
21068.,3.67125
21069.,3.6896875000
21070.,3.7025
21071.,3.68875
21072.,3.6834375
21073.,3.645
21074.,3.678125
21075.,3.6465625
21076.,3.669375
21077.,3.7062500000
21078.,3.6578125
21079.,3.66
21080.,3.6684375
21081.,3.6784375000
21082.,3.644375
21083.,3.65125
21084.,3.6721875
21085.,3.6596875
21086.,3.668125
21087.,3.6678125
21088.,3.6584375000
21089.,3.6965625
21090.,3.669375
21091.,3.64
21092.,3.6546875
21093.,3.65
21094.,3.6696875
21095.,3.6740625000
21096.,3.67875
21097.,3.656875
21098.,3.6481250000
21099.,3.66
21100.,3.6603125
21101.,3.6659375
21102.,3.660625
21103.,3.6625
21104.,3.6478125
21105.,3.634375
21106.,3.6709375
21107.,3.6296875
21108.,3.6690625
21109.,3.6565625
21110.,3.6675
21111.,3.6440625
21112.,3.6625
21113.,3.645
21114.,3.65875
21115.,3.655625
21116.,3.654375
21117.,3.65875
21118.,3.6571875
21119.,3.6665625
21120.,3.6653125
21121.,3.7053125000
21122.,3.66875
21123.,3.660625
21124.,3.6621875
21125.,3.6740625000
21126.,3.64625
21127.,3.63625
21128.,3.6646875
21129.,3.6290625
21130.,3.6637500000
21131.,3.674375
21132.,3.65125
21133.,3.6475
21134.,3.6481250000
21135.,3.654375
21136.,3.6475
21137.,3.6509375
21138.,3.666875
21139.,3.62
21140.,3.6275
21141.,3.6534375
21142.,3.6378125
21143.,3.6496875
21144.,3.6662500000
21145.,3.6281250000
21146.,3.646875
21147.,3.6446875
21148.,3.6546875
21149.,3.6615625
21150.,3.65
21151.,3.6662500000
21152.,3.66125
21153.,3.6509375
21154.,3.680625
21155.,3.6821875
21156.,3.6690625
21157.,3.6706250000
21158.,3.6696875
21159.,3.6725
21160.,3.6478125
21161.,3.6625
21162.,3.66125
21163.,3.655625
21164.,3.6628125000
21165.,3.6515625000
21166.,3.6378125
21167.,3.6550000000
21168.,3.663125
21169.,3.6690625
21170.,3.655625
21171.,3.663125
21172.,3.66875
21173.,3.665625
21174.,3.6653125
21175.,3.64
21176.,3.6640625
21177.,3.6634375
21178.,3.6428125000
21179.,3.6521875
21180.,3.6528125
21181.,3.6484375
21182.,3.6409375
21183.,3.6559375000
21184.,3.6550000000
21185.,3.6296875
21186.,3.6540625
21187.,3.6665625
21188.,3.6384375
21189.,3.6378125
21190.,3.6603125
21191.,3.6790625
21192.,3.6662500000
21193.,3.6728125
21194.,3.6825
21195.,3.6421875
21196.,3.6625
21197.,3.6578125
21198.,3.644375
21199.,3.6378125
21200.,3.6565625
21201.,3.65375
21202.,3.6290625
21203.,3.6259375
21204.,3.641875
21205.,3.6534375
21206.,3.6678125
21207.,3.654375
21208.,3.6553125
21209.,3.6634375
21210.,3.645625
21211.,3.6662500000
21212.,3.67375
21213.,3.6409375
21214.,3.65625
21215.,3.6546875
21216.,3.67625
21217.,3.6809375
21218.,3.69
21219.,3.646875
21220.,3.673125
21221.,3.6690625
21222.,3.6715625000
21223.,3.6753125
21224.,3.6696875
21225.,3.6615625
21226.,3.66875
21227.,3.6765625
21228.,3.6578125
21229.,3.666875
21230.,3.6628125000
21231.,3.6640625
21232.,3.6615625
21233.,3.666875
21234.,3.6796875
21235.,3.65
21236.,3.6621875
21237.,3.678125
21238.,3.6825
21239.,3.6653125
21240.,3.6478125
21241.,3.6503125
21242.,3.65625
21243.,3.6750000000
21244.,3.65625
21245.,3.654375
21246.,3.6628125000
21247.,3.6625
21248.,3.6646875
21249.,3.6571875
21250.,3.6484375
21251.,3.6775
21252.,3.6325000000
21253.,3.6715625000
21254.,3.66125
21255.,3.7040625
21256.,3.6862500000
21257.,3.6871875000
21258.,3.675625
21259.,3.6637500000
21260.,3.6728125
21261.,3.6984375000
21262.,3.6828125000
21263.,3.6721875
21264.,3.6725
21265.,3.6471875000
21266.,3.6662500000
21267.,3.6481250000
21268.,3.6921875
21269.,3.6765625
21270.,3.6506250000
21271.,3.6834375
21272.,3.6746875
21273.,3.6637500000
21274.,3.66875
21275.,3.6328125
21276.,3.6553125
21277.,3.665625
21278.,3.6503125
21279.,3.6625
21280.,3.685
21281.,3.6696875
21282.,3.6525
21283.,3.6759375
21284.,3.65875
21285.,3.660625
21286.,3.6465625
21287.,3.6421875
21288.,3.6409375
21289.,3.6703125
21290.,3.665
21291.,3.6334375
21292.,3.6506250000
21293.,3.6550000000
21294.,3.6862500000
21295.,3.641875
21296.,3.6550000000
21297.,3.6437500000
21298.,3.6653125
21299.,3.6662500000
21300.,3.6434375
21301.,3.656875
21302.,3.70125
21303.,3.6525
21304.,3.674375
21305.,3.653125
21306.,3.6828125000
21307.,3.6515625000
21308.,3.665
21309.,3.6215625
21310.,3.6640625
21311.,3.6478125
21312.,3.660625
21313.,3.6550000000
21314.,3.644375
21315.,3.635625
21316.,3.66875
21317.,3.6503125
21318.,3.654375
21319.,3.658125
21320.,3.668125
21321.,3.6290625
21322.,3.61875
21323.,3.6434375
21324.,3.6396875
21325.,3.6528125
21326.,3.6384375
21327.,3.6637500000
21328.,3.676875
21329.,3.6593750000
21330.,3.6490625
21331.,3.6281250000
21332.,3.6465625
21333.,3.6578125
21334.,3.6621875
21335.,3.6703125
21336.,3.6634375
21337.,3.686875
21338.,3.6803125
21339.,3.6859375
21340.,3.673125
21341.,3.6790625
21342.,3.6734375
21343.,3.658125
21344.,3.6515625000
21345.,3.654375
21346.,3.6596875
21347.,3.6862500000
21348.,3.6425
21349.,3.6384375
21350.,3.6425
21351.,3.65375
21352.,3.6790625
21353.,3.6506250000
21354.,3.663125
21355.,3.64875
21356.,3.66125
21357.,3.6281250000
21358.,3.67125
21359.,3.6865625
21360.,3.6521875
21361.,3.6578125
21362.,3.6603125
21363.,3.705
21364.,3.67375
21365.,3.654375
21366.,3.6437500000
21367.,3.64625
21368.,3.6521875
21369.,3.6540625
21370.,3.6521875
21371.,3.63125
21372.,3.67
21373.,3.661875
21374.,3.6371875
21375.,3.65625
21376.,3.6475
21377.,3.6534375
21378.,3.6403125000
21379.,3.6165625
21380.,3.67
21381.,3.624375
21382.,3.6859375
21383.,3.664375
21384.,3.6550000000
21385.,3.6662500000
21386.,3.6178125
21387.,3.641875
21388.,3.6484375
21389.,3.6709375
21390.,3.6553125
21391.,3.6240625
21392.,3.64625
21393.,3.6646875
21394.,3.6428125000
21395.,3.6515625000
21396.,3.645625
21397.,3.6784375000
21398.,3.6453125
21399.,3.6778125
21400.,3.63625
21401.,3.6793750000
21402.,3.6525
21403.,3.62125
21404.,3.6434375
21405.,3.6771875
21406.,3.6521875
21407.,3.6640625
21408.,3.6637500000
21409.,3.660625
21410.,3.671875
21411.,3.656875
21412.,3.6846875
21413.,3.6740625000
21414.,3.6590625
21415.,3.6459375
21416.,3.6665625
21417.,3.6603125
21418.,3.651875
21419.,3.641875
21420.,3.6634375
21421.,3.6446875
21422.,3.6471875000
21423.,3.646875
21424.,3.6750000000
21425.,3.6378125
21426.,3.6603125
21427.,3.6296875
21428.,3.6481250000
21429.,3.6540625
21430.,3.6609375
21431.,3.65625
21432.,3.6334375
21433.,3.6328125
21434.,3.6484375
21435.,3.656875
21436.,3.6265625
21437.,3.624375
21438.,3.65875
21439.,3.665625
21440.,3.62875
21441.,3.643125
21442.,3.64875
21443.,3.65375
21444.,3.6403125000
21445.,3.6478125
21446.,3.64625
21447.,3.6284375
21448.,3.6509375
21449.,3.65125
21450.,3.655625
21451.,3.6825
21452.,3.6596875
21453.,3.6550000000
21454.,3.654375
21455.,3.6840625
21456.,3.6915625
21457.,3.6696875
21458.,3.6515625000
21459.,3.6965625
21460.,3.675625
21461.,3.6565625
21462.,3.6759375
21463.,3.6715625000
21464.,3.67875
21465.,3.656875
21466.,3.6662500000
21467.,3.7
21468.,3.6584375000
21469.,3.66
21470.,3.6578125
21471.,3.6525
21472.,3.6746875
21473.,3.6415625
21474.,3.6593750000
21475.,3.6334375
21476.,3.65375
21477.,3.6353125
21478.,3.6540625
21479.,3.6509375
21480.,3.64875
21481.,3.6428125000
21482.,3.6453125
21483.,3.6237500000
21484.,3.6390625
21485.,3.6453125
21486.,3.6478125
21487.,3.6628125000
21488.,3.6281250000
21489.,3.6603125
21490.,3.6628125000
21491.,3.6565625
21492.,3.6540625
21493.,3.6706250000
21494.,3.6465625
21495.,3.62
21496.,3.6350000000
21497.,3.644375
21498.,3.6415625
21499.,3.6409375
21500.,3.644375
21501.,3.6521875
21502.,3.68375
21503.,3.6409375
21504.,3.6509375
21505.,3.6465625
21506.,3.6728125
21507.,3.6609375
21508.,3.65375
21509.,3.6481250000
21510.,3.6578125
21511.,3.6578125
21512.,3.660625
21513.,3.673125
21514.,3.669375
21515.,3.67625
21516.,3.656875
21517.,3.6715625000
21518.,3.666875
21519.,3.6915625
21520.,3.6725
21521.,3.689375
21522.,3.669375
21523.,3.6621875
21524.,3.67
21525.,3.6578125
21526.,3.6784375000
21527.,3.6684375
21528.,3.68
21529.,3.65875
21530.,3.63375
21531.,3.6706250000
21532.,3.6696875
21533.,3.6793750000
21534.,3.6815625
21535.,3.6953125
21536.,3.69
21537.,3.6709375
21538.,3.6425
21539.,3.6615625
21540.,3.6690625
21541.,3.7025
21542.,3.6640625
21543.,3.6840625
21544.,3.675625
21545.,3.7075
21546.,3.685625
21547.,3.6665625
21548.,3.7053125000
21549.,3.7096875000
21550.,3.703125
21551.,3.6728125
21552.,3.700625
21553.,3.680625
21554.,3.6871875000
21555.,3.6793750000
21556.,3.688125
21557.,3.6771875
21558.,3.666875
21559.,3.669375
21560.,3.7075
21561.,3.675625
21562.,3.708125
21563.,3.6634375
21564.,3.6950000000
21565.,3.6784375000
21566.,3.685625
21567.,3.665625
21568.,3.658125
21569.,3.6834375
21570.,3.6796875
21571.,3.676875
21572.,3.67625
21573.,3.668125
21574.,3.6953125
21575.,3.6796875
21576.,3.6875
21577.,3.693125
21578.,3.666875
21579.,3.688125
21580.,3.6775
21581.,3.6484375
21582.,3.6659375
21583.,3.6759375
21584.,3.6706250000
21585.,3.68
21586.,3.6609375
21587.,3.6721875
21588.,3.6684375
21589.,3.6525
21590.,3.680625
21591.,3.653125
21592.,3.6706250000
21593.,3.6671875000
21594.,3.6625
21595.,3.6446875
21596.,3.64
21597.,3.643125
21598.,3.6515625000
21599.,3.6784375000
21600.,3.6596875
21601.,3.653125
21602.,3.6446875
21603.,3.6559375000
21604.,3.6793750000
21605.,3.655625
21606.,3.65
21607.,3.6475
21608.,3.644375
21609.,3.644375
21610.,3.6521875
21611.,3.6671875000
21612.,3.6396875
21613.,3.64125
21614.,3.641875
21615.,3.675625
21616.,3.67625
21617.,3.6559375000
21618.,3.6296875
21619.,3.6409375
21620.,3.65375
21621.,3.6184375
21622.,3.6209375
21623.,3.6334375
21624.,3.640625
21625.,3.6528125
21626.,3.65625
21627.,3.6550000000
21628.,3.655625
21629.,3.6453125
21630.,3.654375
21631.,3.6481250000
21632.,3.6465625
21633.,3.6575
21634.,3.6390625
21635.,3.6309375
21636.,3.6378125
21637.,3.6281250000
21638.,3.6484375
21639.,3.626875
21640.,3.61625
21641.,3.640625
21642.,3.634375
21643.,3.609375
21644.,3.6384375
21645.,3.6506250000
21646.,3.625625
21647.,3.6134375
21648.,3.6259375
21649.,3.6321875
21650.,3.6350000000
21651.,3.6565625
21652.,3.6471875000
21653.,3.6453125
21654.,3.63375
21655.,3.65875
21656.,3.638125
21657.,3.6521875
21658.,3.631875
21659.,3.618125
21660.,3.6578125
21661.,3.6168750000
21662.,3.6109375
21663.,3.6481250000
21664.,3.6390625
21665.,3.6259375
21666.,3.6237500000
21667.,3.62125
21668.,3.625625
21669.,3.6071875
21670.,3.6203125000
21671.,3.625625
21672.,3.6134375
21673.,3.621875
21674.,3.6065625
21675.,3.610625
21676.,3.6393750000
21677.,3.6140625
21678.,3.613125
21679.,3.67375
21680.,3.6409375
21681.,3.6321875
21682.,3.605
21683.,3.6437500000
21684.,3.62
21685.,3.638125
21686.,3.6428125000
21687.,3.6465625
21688.,3.63125
21689.,3.6475
21690.,3.6325000000
21691.,3.64625
21692.,3.633125
21693.,3.645
21694.,3.6353125
21695.,3.6178125
21696.,3.6353125
21697.,3.664375
21698.,3.643125
21699.,3.6390625
21700.,3.646875
21701.,3.6559375000
21702.,3.6275
21703.,3.61875
21704.,3.6171875
21705.,3.6525
21706.,3.6375
21707.,3.6509375
21708.,3.6506250000
21709.,3.626875
21710.,3.661875
21711.,3.64125
21712.,3.634375
21713.,3.6559375000
21714.,3.6350000000
21715.,3.6203125000
21716.,3.6146875
21717.,3.633125
21718.,3.6403125000
21719.,3.6715625000
21720.,3.6365625
21721.,3.6353125
21722.,3.66
21723.,3.6421875
21724.,3.633125
21725.,3.6593750000
21726.,3.63625
21727.,3.6359375000
21728.,3.6706250000
21729.,3.6609375
21730.,3.651875
21731.,3.645625
21732.,3.6550000000
21733.,3.64625
21734.,3.6715625000
21735.,3.6496875
21736.,3.63625
21737.,3.640625
21738.,3.645625
21739.,3.6475
21740.,3.6284375
21741.,3.6659375
21742.,3.65
21743.,3.6603125
21744.,3.6365625
21745.,3.6515625000
21746.,3.656875
21747.,3.6515625000
21748.,3.64875
21749.,3.661875
21750.,3.6571875
21751.,3.6634375
21752.,3.6593750000
21753.,3.66
21754.,3.68375
21755.,3.7
21756.,3.6796875
21757.,3.653125
21758.,3.6840625
21759.,3.6596875
21760.,3.669375
21761.,3.6593750000
21762.,3.6590625
21763.,3.669375
21764.,3.6759375
21765.,3.655625
21766.,3.6634375
21767.,3.640625
21768.,3.6440625
21769.,3.6571875
21770.,3.6353125
21771.,3.6515625000
21772.,3.64125
21773.,3.6559375000
21774.,3.6403125000
21775.,3.668125
21776.,3.6593750000
21777.,3.6696875
21778.,3.64625
21779.,3.630625
21780.,3.6862500000
21781.,3.6578125
21782.,3.6550000000
21783.,3.6437500000
21784.,3.66
21785.,3.6559375000
21786.,3.669375
21787.,3.656875
21788.,3.6846875
21789.,3.6675
21790.,3.6790625
21791.,3.641875
21792.,3.6634375
21793.,3.646875
21794.,3.658125
21795.,3.646875
21796.,3.644375
21797.,3.6421875
21798.,3.6390625
21799.,3.6528125
21800.,3.6328125
21801.,3.6662500000
21802.,3.65625
21803.,3.654375
21804.,3.63625
21805.,3.645625
21806.,3.6675
21807.,3.6334375
21808.,3.631875
21809.,3.6428125000
21810.,3.6571875
21811.,3.651875
21812.,3.623125
21813.,3.6559375000
21814.,3.655625
21815.,3.6603125
21816.,3.6540625
21817.,3.6671875000
21818.,3.6378125
21819.,3.64625
21820.,3.643125
21821.,3.62625
21822.,3.6540625
21823.,3.676875
21824.,3.65
21825.,3.643125
21826.,3.664375
21827.,3.6875
21828.,3.6778125
21829.,3.6534375
21830.,3.6525
21831.,3.6875
21832.,3.655625
21833.,3.6225
21834.,3.6481250000
21835.,3.6325000000
21836.,3.6503125
21837.,3.60875
21838.,3.623125
21839.,3.645
21840.,3.6203125000
21841.,3.6425
21842.,3.6334375
21843.,3.6393750000
21844.,3.6596875
21845.,3.636875
21846.,3.63375
21847.,3.6646875
21848.,3.674375
21849.,3.6709375
21850.,3.6478125
21851.,3.6559375000
21852.,3.6903125
21853.,3.6540625
21854.,3.6503125
21855.,3.649375
21856.,3.6646875
21857.,3.6796875
21858.,3.65375
21859.,3.6750000000
21860.,3.6550000000
21861.,3.6440625
21862.,3.63625
21863.,3.653125
21864.,3.6734375
21865.,3.6553125
21866.,3.6346875
21867.,3.624375
21868.,3.6475
21869.,3.6775
21870.,3.6346875
21871.,3.665
21872.,3.6728125
21873.,3.651875
21874.,3.6534375
21875.,3.6365625
21876.,3.6775
21877.,3.6725
21878.,3.6565625
21879.,3.668125
21880.,3.67125
21881.,3.6515625000
21882.,3.693125
21883.,3.6350000000
21884.,3.6706250000
21885.,3.663125
21886.,3.6862500000
21887.,3.661875
21888.,3.669375
21889.,3.6946875
21890.,3.7084375
21891.,3.6753125
21892.,3.660625
21893.,3.676875
21894.,3.66
21895.,3.6746875
21896.,3.685
21897.,3.6859375
21898.,3.6721875
21899.,3.65875
21900.,3.66125
21901.,3.6653125
21902.,3.6825
21903.,3.6875
21904.,3.6859375
21905.,3.6584375000
21906.,3.6696875
21907.,3.6959375
21908.,3.6528125
21909.,3.67375
21910.,3.6871875000
21911.,3.674375
21912.,3.6534375
21913.,3.6475
21914.,3.6553125
21915.,3.6840625
21916.,3.6759375
21917.,3.6596875
21918.,3.6940625000
21919.,3.656875
21920.,3.683125
21921.,3.6521875
21922.,3.6790625
21923.,3.661875
21924.,3.7046875
21925.,3.6865625
21926.,3.6734375
21927.,3.6940625000
21928.,3.685625
21929.,3.686875
21930.,3.6734375
21931.,3.6846875
21932.,3.6996875
21933.,3.6940625000
21934.,3.6978125
21935.,3.6609375
21936.,3.6759375
21937.,3.7159375
21938.,3.671875
21939.,3.6637500000
21940.,3.6640625
21941.,3.6778125
21942.,3.6628125000
21943.,3.6540625
21944.,3.68
21945.,3.6803125
21946.,3.6659375
21947.,3.654375
21948.,3.6765625
21949.,3.7025
21950.,3.6590625
21951.,3.6440625
21952.,3.6484375
21953.,3.64625
21954.,3.6659375
21955.,3.668125
21956.,3.6403125000
21957.,3.6437500000
21958.,3.6740625000
21959.,3.651875
21960.,3.646875
21961.,3.6659375
21962.,3.673125
21963.,3.67
21964.,3.6759375
21965.,3.6515625000
21966.,3.654375
21967.,3.6646875
21968.,3.6590625
21969.,3.6565625
21970.,3.6790625
21971.,3.6478125
21972.,3.6478125
21973.,3.6240625
21974.,3.6506250000
21975.,3.646875
21976.,3.645625
21977.,3.6440625
21978.,3.653125
21979.,3.6621875
21980.,3.631875
21981.,3.6696875
21982.,3.65875
21983.,3.66125
21984.,3.6778125
21985.,3.6353125
21986.,3.6475
21987.,3.6625
21988.,3.6696875
21989.,3.6237500000
21990.,3.6503125
21991.,3.6481250000
21992.,3.665625
21993.,3.6637500000
21994.,3.6434375
21995.,3.660625
21996.,3.67
21997.,3.655625
21998.,3.6662500000
21999.,3.6565625
22000.,3.68375
22001.,3.6553125
22002.,3.6709375
22003.,3.656875
22004.,3.685625
22005.,3.641875
22006.,3.6809375
22007.,3.66125
22008.,3.6621875
22009.,3.6640625
22010.,3.6228125
22011.,3.64875
22012.,3.6775
22013.,3.649375
22014.,3.649375
22015.,3.654375
22016.,3.665
22017.,3.685
22018.,3.6728125
22019.,3.6706250000
22020.,3.655625
22021.,3.6815625
22022.,3.6765625
22023.,3.6593750000
22024.,3.6409375
22025.,3.676875
22026.,3.654375
22027.,3.6750000000
22028.,3.6481250000
22029.,3.6662500000
22030.,3.6471875000
22031.,3.65125
22032.,3.653125
22033.,3.665625
22034.,3.6559375000
22035.,3.68125
22036.,3.68125
22037.,3.6984375000
22038.,3.68375
22039.,3.6821875
22040.,3.6715625000
22041.,3.68875
22042.,3.6934375
22043.,3.6793750000
22044.,3.6765625
22045.,3.6921875
22046.,3.6721875
22047.,3.6790625
22048.,3.6715625000
22049.,3.6915625
22050.,3.649375
22051.,3.67
22052.,3.69125
22053.,3.6659375
22054.,3.668125
22055.,3.7003125
22056.,3.6796875
22057.,3.6706250000
22058.,3.6875
22059.,3.71375
22060.,3.683125
22061.,3.6765625
22062.,3.6871875000
22063.,3.711875
22064.,3.6778125
22065.,3.693125
22066.,3.6953125
22067.,3.7071875
22068.,3.696875
22069.,3.64625
22070.,3.6628125000
22071.,3.6559375000
22072.,3.6925
22073.,3.674375
22074.,3.6803125
22075.,3.7059375
22076.,3.6959375
22077.,3.6865625
22078.,3.6796875
22079.,3.6934375
22080.,3.67875
22081.,3.6921875
22082.,3.6540625
22083.,3.6846875
22084.,3.6871875000
22085.,3.6853125
22086.,3.669375
22087.,3.658125
22088.,3.695625
22089.,3.6759375
22090.,3.6628125000
22091.,3.6665625
22092.,3.678125
22093.,3.6946875
22094.,3.6903125
22095.,3.7121875
22096.,3.7253125000
22097.,3.695625
22098.,3.7062500000
22099.,3.7018750000
22100.,3.715625
22101.,3.6940625000
22102.,3.6921875
22103.,3.6753125
22104.,3.6803125
22105.,3.715625
22106.,3.6853125
22107.,3.6671875000
22108.,3.699375
22109.,3.69375
22110.,3.6753125
22111.,3.6871875000
22112.,3.718125
22113.,3.7025
22114.,3.715
22115.,3.674375
22116.,3.7018750000
22117.,3.6765625
22118.,3.6975000000
22119.,3.6921875
22120.,3.6734375
22121.,3.7
22122.,3.6890625
22123.,3.6859375
22124.,3.674375
22125.,3.664375
22126.,3.688125
22127.,3.683125
22128.,3.6609375
22129.,3.68125
22130.,3.675625
22131.,3.6759375
22132.,3.6709375
22133.,3.7
22134.,3.6734375
22135.,3.6840625
22136.,3.6393750000
22137.,3.6784375000
22138.,3.6818750000
22139.,3.6996875
22140.,3.6818750000
22141.,3.67125
22142.,3.6659375
22143.,3.6965625
22144.,3.6728125
22145.,3.65
22146.,3.67625
22147.,3.6690625
22148.,3.6593750000
22149.,3.6525
22150.,3.698125
22151.,3.6746875
22152.,3.7096875000
22153.,3.663125
22154.,3.6496875
22155.,3.7053125000
22156.,3.669375
22157.,3.69625
22158.,3.7203125
22159.,3.7096875000
22160.,3.6596875
22161.,3.6990625
22162.,3.673125
22163.,3.66125
22164.,3.6784375000
22165.,3.68375
22166.,3.6796875
22167.,3.6818750000
22168.,3.6825
22169.,3.6703125
22170.,3.6965625
22171.,3.6821875
22172.,3.6878125
22173.,3.69625
22174.,3.70375
22175.,3.68
22176.,3.7021875
22177.,3.705
22178.,3.6703125
22179.,3.6940625000
22180.,3.6753125
22181.,3.7078125
22182.,3.7053125000
22183.,3.665
22184.,3.688125
22185.,3.6675
22186.,3.6793750000
22187.,3.6346875
22188.,3.6728125
22189.,3.6653125
22190.,3.633125
22191.,3.6665625
22192.,3.66125
22193.,3.6375
22194.,3.6593750000
22195.,3.6346875
22196.,3.6584375000
22197.,3.6634375
22198.,3.666875
22199.,3.6503125
22200.,3.64875
22201.,3.68
22202.,3.6896875000
22203.,3.6818750000
22204.,3.665
22205.,3.671875
22206.,3.694375
22207.,3.69625
22208.,3.6675
22209.,3.669375
22210.,3.6834375
22211.,3.6484375
22212.,3.6793750000
22213.,3.663125
22214.,3.6659375
22215.,3.66
22216.,3.65375
22217.,3.661875
22218.,3.66875
22219.,3.67125
22220.,3.669375
22221.,3.65375
22222.,3.71125
22223.,3.663125
22224.,3.6728125
22225.,3.6765625
22226.,3.6828125000
22227.,3.69375
22228.,3.694375
22229.,3.6584375000
22230.,3.676875
22231.,3.6546875
22232.,3.685
22233.,3.685625
22234.,3.6928125
22235.,3.7009375
22236.,3.704375
22237.,3.7053125000
22238.,3.676875
22239.,3.6509375
22240.,3.7053125000
22241.,3.689375
22242.,3.6593750000
22243.,3.6753125
22244.,3.6793750000
22245.,3.67375
22246.,3.6834375
22247.,3.6796875
22248.,3.71125
22249.,3.6925
22250.,3.684375
22251.,3.676875
22252.,3.6862500000
22253.,3.7065625
22254.,3.6809375
22255.,3.688125
22256.,3.695625
22257.,3.7034375
22258.,3.6790625
22259.,3.696875
22260.,3.6796875
22261.,3.693125
22262.,3.7075
22263.,3.6765625
22264.,3.6862500000
22265.,3.6996875
22266.,3.71125
22267.,3.6803125
22268.,3.6871875000
22269.,3.68
22270.,3.67875
22271.,3.685
22272.,3.6753125
22273.,3.705625
22274.,3.6940625000
22275.,3.716875
22276.,3.6906250000
22277.,3.7121875
22278.,3.7146875
22279.,3.691875
22280.,3.69125
22281.,3.6928125
22282.,3.6934375
22283.,3.6953125
22284.,3.6818750000
22285.,3.7065625
22286.,3.6990625
22287.,3.7046875
22288.,3.7115625
22289.,3.6925
22290.,3.6878125
22291.,3.688125
22292.,3.7
22293.,3.6878125
22294.,3.684375
22295.,3.698125
22296.,3.6928125
22297.,3.6740625000
22298.,3.67875
22299.,3.695625
22300.,3.6784375000
22301.,3.6771875
22302.,3.669375
22303.,3.6846875
22304.,3.7009375
22305.,3.67125
22306.,3.7
22307.,3.671875
22308.,3.6721875
22309.,3.689375
22310.,3.6625
22311.,3.6715625000
22312.,3.6871875000
22313.,3.680625
22314.,3.6609375
22315.,3.6640625
22316.,3.678125
22317.,3.6615625
22318.,3.668125
22319.,3.66
22320.,3.6590625
22321.,3.665625
22322.,3.6809375
22323.,3.6640625
22324.,3.6775
22325.,3.683125
22326.,3.68125
22327.,3.6821875
22328.,3.669375
22329.,3.665
22330.,3.68
22331.,3.6896875000
22332.,3.6475
22333.,3.6790625
22334.,3.6740625000
22335.,3.6678125
22336.,3.6637500000
22337.,3.663125
22338.,3.68375
22339.,3.6750000000
22340.,3.6459375
22341.,3.685
22342.,3.658125
22343.,3.6528125
22344.,3.668125
22345.,3.665
22346.,3.666875
22347.,3.6750000000
22348.,3.6540625
22349.,3.645625
22350.,3.686875
22351.,3.668125
22352.,3.654375
22353.,3.6706250000
22354.,3.6793750000
22355.,3.6834375
22356.,3.6665625
22357.,3.69125
22358.,3.675625
22359.,3.6603125
22360.,3.6825
22361.,3.665
22362.,3.676875
22363.,3.6915625
22364.,3.6403125000
22365.,3.6459375
22366.,3.6246875000
22367.,3.6621875
22368.,3.6875
22369.,3.6646875
22370.,3.665625
22371.,3.67625
22372.,3.6740625000
22373.,3.6853125
22374.,3.6890625
22375.,3.6696875
22376.,3.7228125
22377.,3.6750000000
22378.,3.6875
22379.,3.66875
22380.,3.685625
22381.,3.68125
22382.,3.6906250000
22383.,3.680625
22384.,3.660625
22385.,3.6706250000
22386.,3.6959375
22387.,3.6796875
22388.,3.6884375
22389.,3.6809375
22390.,3.6875
22391.,3.6746875
22392.,3.67875
22393.,3.7071875
22394.,3.66
22395.,3.6709375
22396.,3.6746875
22397.,3.678125
22398.,3.6884375
22399.,3.6646875
22400.,3.6637500000
22401.,3.6778125
22402.,3.7071875
22403.,3.700625
22404.,3.6696875
22405.,3.6734375
22406.,3.6759375
22407.,3.6784375000
22408.,3.6809375
22409.,3.678125
22410.,3.6990625
22411.,3.6796875
22412.,3.6862500000
22413.,3.6809375
22414.,3.675625
22415.,3.69375
22416.,3.67375
22417.,3.6775
22418.,3.68125
22419.,3.6906250000
22420.,3.683125
22421.,3.68375
22422.,3.714375
22423.,3.7115625
22424.,3.6890625
22425.,3.685
22426.,3.7062500000
22427.,3.6790625
22428.,3.686875
22429.,3.65
22430.,3.6706250000
22431.,3.6634375
22432.,3.6671875000
22433.,3.6521875
22434.,3.699375
22435.,3.66125
22436.,3.69625
22437.,3.686875
22438.,3.6734375
22439.,3.6865625
22440.,3.700625
22441.,3.7125
22442.,3.6818750000
22443.,3.6896875000
22444.,3.665625
22445.,3.6903125
22446.,3.695625
22447.,3.69625
22448.,3.696875
22449.,3.6959375
22450.,3.703125
22451.,3.7190625
22452.,3.6978125
22453.,3.7221875
22454.,3.72
22455.,3.6884375
22456.,3.69625
22457.,3.6975000000
22458.,3.6975000000
22459.,3.7046875
22460.,3.7209375000
22461.,3.6859375
22462.,3.7190625
22463.,3.694375
22464.,3.7028125000
22465.,3.673125
22466.,3.708125
22467.,3.6862500000
22468.,3.6906250000
22469.,3.695625
22470.,3.7018750000
22471.,3.6765625
22472.,3.694375
22473.,3.6978125
22474.,3.6965625
22475.,3.7084375
22476.,3.67125
22477.,3.6940625000
22478.,3.7046875
22479.,3.705625
22480.,3.7021875
22481.,3.7225
22482.,3.700625
22483.,3.7040625
22484.,3.6628125000
22485.,3.6878125
22486.,3.6846875
22487.,3.689375
22488.,3.6740625000
22489.,3.6853125
22490.,3.6890625
22491.,3.6771875
22492.,3.6659375
22493.,3.68125
22494.,3.70125
22495.,3.6875
22496.,3.683125
22497.,3.6890625
22498.,3.6706250000
22499.,3.6871875000
22500.,3.696875
22501.,3.6746875
22502.,3.685625
22503.,3.6815625
22504.,3.70375
22505.,3.696875
22506.,3.6846875
22507.,3.6671875000
22508.,3.680625
22509.,3.6818750000
22510.,3.685
22511.,3.6793750000
22512.,3.6696875
22513.,3.6759375
22514.,3.6853125
22515.,3.6715625000
22516.,3.6553125
22517.,3.6728125
22518.,3.7046875
22519.,3.6575
22520.,3.684375
22521.,3.6665625
22522.,3.6728125
22523.,3.6815625
22524.,3.6996875
22525.,3.696875
22526.,3.7046875
22527.,3.685
22528.,3.6875
22529.,3.705
22530.,3.6796875
22531.,3.68
22532.,3.70125
22533.,3.684375
22534.,3.685
22535.,3.6803125
22536.,3.665625
22537.,3.6771875
22538.,3.6634375
22539.,3.6740625000
22540.,3.6425
22541.,3.6609375
22542.,3.673125
22543.,3.661875
22544.,3.658125
22545.,3.669375
22546.,3.6903125
22547.,3.6446875
22548.,3.6521875
22549.,3.65125
22550.,3.6525
22551.,3.6578125
22552.,3.6453125
22553.,3.6478125
22554.,3.6821875
22555.,3.649375
22556.,3.6625
22557.,3.66875
22558.,3.691875
22559.,3.6796875
22560.,3.6953125
22561.,3.6796875
22562.,3.6740625000
22563.,3.675625
22564.,3.67
22565.,3.664375
22566.,3.6825
22567.,3.6759375
22568.,3.6675
22569.,3.6925
22570.,3.68125
22571.,3.6740625000
22572.,3.6715625000
22573.,3.691875
22574.,3.698125
22575.,3.6978125
22576.,3.689375
22577.,3.656875
22578.,3.6853125
22579.,3.68375
22580.,3.7015625
22581.,3.693125
22582.,3.7109375
22583.,3.675625
22584.,3.6784375000
22585.,3.6621875
22586.,3.673125
22587.,3.6706250000
22588.,3.71375
22589.,3.68875
22590.,3.6675
22591.,3.6709375
22592.,3.654375
22593.,3.6703125
22594.,3.665
22595.,3.6965625
22596.,3.6753125
22597.,3.6821875
22598.,3.6834375
22599.,3.68875
22600.,3.6953125
22601.,3.6634375
22602.,3.6825
22603.,3.6578125
22604.,3.689375
22605.,3.68875
22606.,3.6846875
22607.,3.6790625
22608.,3.66125
22609.,3.6775
22610.,3.6721875
22611.,3.6728125
22612.,3.6715625000
22613.,3.68
22614.,3.69625
22615.,3.6640625
22616.,3.6628125000
22617.,3.695625
22618.,3.72125
22619.,3.6990625
22620.,3.68375
22621.,3.6871875000
22622.,3.6884375
22623.,3.7003125
22624.,3.6818750000
22625.,3.7287500000
22626.,3.685
22627.,3.695625
22628.,3.6709375
22629.,3.6884375
22630.,3.6978125
22631.,3.6925
22632.,3.6925
22633.,3.6878125
22634.,3.70125
22635.,3.7278125
22636.,3.69625
22637.,3.6750000000
22638.,3.67875
22639.,3.6815625
22640.,3.7059375
22641.,3.695625
22642.,3.68125
22643.,3.7159375
22644.,3.6996875
22645.,3.6784375000
22646.,3.6965625
22647.,3.6909375
22648.,3.7065625
22649.,3.6828125000
22650.,3.676875
22651.,3.6953125
22652.,3.6796875
22653.,3.688125
22654.,3.698125
22655.,3.68
22656.,3.715
22657.,3.7265625
22658.,3.70375
22659.,3.6934375
22660.,3.685625
22661.,3.69375
22662.,3.6903125
22663.,3.71
22664.,3.70375
22665.,3.7046875
22666.,3.71125
22667.,3.715625
22668.,3.7228125
22669.,3.6984375000
22670.,3.678125
22671.,3.6784375000
22672.,3.7071875
22673.,3.7046875
22674.,3.67375
22675.,3.6750000000
22676.,3.6734375
22677.,3.70125
22678.,3.6871875000
22679.,3.678125
22680.,3.6990625
22681.,3.6759375
22682.,3.6759375
22683.,3.6778125
22684.,3.68125
22685.,3.6778125
22686.,3.704375
22687.,3.6653125
22688.,3.6784375000
22689.,3.69
22690.,3.6740625000
22691.,3.6715625000
22692.,3.673125
22693.,3.69625
22694.,3.700625
22695.,3.6771875
22696.,3.67875
22697.,3.6859375
22698.,3.6825
22699.,3.6903125
22700.,3.6637500000
22701.,3.688125
22702.,3.6953125
22703.,3.7065625
22704.,3.6662500000
22705.,3.6593750000
22706.,3.668125
22707.,3.6818750000
22708.,3.6628125000
22709.,3.67625
22710.,3.689375
22711.,3.678125
22712.,3.66125
22713.,3.6653125
22714.,3.6596875
22715.,3.65375
22716.,3.65625
22717.,3.6753125
22718.,3.65125
22719.,3.6828125000
22720.,3.68125
22721.,3.68375
22722.,3.6625
22723.,3.7109375
22724.,3.6862500000
22725.,3.664375
22726.,3.665
22727.,3.665
22728.,3.6540625
22729.,3.663125
22730.,3.6540625
22731.,3.6596875
22732.,3.6709375
22733.,3.658125
22734.,3.6478125
22735.,3.664375
22736.,3.6484375
22737.,3.66875
22738.,3.6596875
22739.,3.6446875
22740.,3.665625
22741.,3.6709375
22742.,3.6471875000
22743.,3.6696875
22744.,3.6750000000
22745.,3.66875
22746.,3.67125
22747.,3.68125
22748.,3.699375
22749.,3.6759375
22750.,3.6775
22751.,3.663125
22752.,3.6684375
22753.,3.6821875
22754.,3.6828125000
22755.,3.669375
22756.,3.6778125
22757.,3.67625
22758.,3.6590625
22759.,3.67875
22760.,3.6725
22761.,3.6653125
22762.,3.661875
22763.,3.67125
22764.,3.65875
22765.,3.698125
22766.,3.668125
22767.,3.675625
22768.,3.6571875
22769.,3.6790625
22770.,3.6809375
22771.,3.6653125
22772.,3.665
22773.,3.685
22774.,3.678125
22775.,3.6634375
22776.,3.671875
22777.,3.641875
22778.,3.6884375
22779.,3.680625
22780.,3.6662500000
22781.,3.646875
22782.,3.6634375
22783.,3.6678125
22784.,3.6340625
22785.,3.6506250000
22786.,3.6593750000
22787.,3.6571875
22788.,3.633125
22789.,3.664375
22790.,3.6875
22791.,3.698125
22792.,3.6506250000
22793.,3.673125
22794.,3.6906250000
22795.,3.6725
22796.,3.666875
22797.,3.69125
22798.,3.689375
22799.,3.709375
22800.,3.69625
22801.,3.6846875
22802.,3.6915625
22803.,3.69
22804.,3.7
22805.,3.7015625
22806.,3.689375
22807.,3.7009375
22808.,3.683125
22809.,3.6815625
22810.,3.689375
22811.,3.6996875
22812.,3.7221875
22813.,3.705
22814.,3.70375
22815.,3.7021875
22816.,3.7103125
22817.,3.7131250000
22818.,3.703125
22819.,3.6906250000
22820.,3.7190625
22821.,3.711875
22822.,3.6765625
22823.,3.7
22824.,3.6984375000
22825.,3.705625
22826.,3.69125
22827.,3.7196875
22828.,3.72125
22829.,3.699375
22830.,3.7225
22831.,3.699375
22832.,3.664375
22833.,3.6940625000
22834.,3.694375
22835.,3.6996875
22836.,3.6915625
22837.,3.686875
22838.,3.6940625000
22839.,3.6725
22840.,3.686875
22841.,3.7075
22842.,3.6878125
22843.,3.67875
22844.,3.686875
22845.,3.6771875
22846.,3.714375
22847.,3.6975000000
22848.,3.66
22849.,3.6859375
22850.,3.6921875
22851.,3.6709375
22852.,3.6818750000
22853.,3.666875
22854.,3.6865625
22855.,3.6703125
22856.,3.691875
22857.,3.676875
22858.,3.6896875000
22859.,3.6909375
22860.,3.708125
22861.,3.68125
22862.,3.68375
22863.,3.688125
22864.,3.6975000000
22865.,3.678125
22866.,3.7225
22867.,3.67375
22868.,3.704375
22869.,3.68
22870.,3.6818750000
22871.,3.7115625
22872.,3.6853125
22873.,3.71125
22874.,3.6878125
22875.,3.6859375
22876.,3.676875
22877.,3.674375
22878.,3.68875
22879.,3.6915625
22880.,3.6759375
22881.,3.6896875000
22882.,3.671875
22883.,3.6928125
22884.,3.6793750000
22885.,3.6990625
22886.,3.6703125
22887.,3.6653125
22888.,3.6675
22889.,3.6621875
22890.,3.6509375
22891.,3.65625
22892.,3.6690625
22893.,3.6840625
22894.,3.67875
22895.,3.6471875000
22896.,3.65125
22897.,3.6825
22898.,3.695625
22899.,3.6862500000
22900.,3.6540625
22901.,3.6790625
22902.,3.6703125
22903.,3.680625
22904.,3.7096875000
22905.,3.6725
22906.,3.6740625000
22907.,3.684375
22908.,3.671875
22909.,3.675625
22910.,3.70125
22911.,3.6765625
22912.,3.6796875
22913.,3.6603125
22914.,3.69625
22915.,3.6878125
22916.,3.689375
22917.,3.6853125
22918.,3.7003125
22919.,3.6990625
22920.,3.6671875000
22921.,3.6953125
22922.,3.7125
22923.,3.708125
22924.,3.718125
22925.,3.675625
22926.,3.708125
22927.,3.7178125
22928.,3.7015625
22929.,3.6940625000
22930.,3.69875
22931.,3.7146875
22932.,3.734375
22933.,3.7106250000
22934.,3.6865625
22935.,3.738125
22936.,3.70125
22937.,3.7378125
22938.,3.7084375
22939.,3.7018750000
22940.,3.729375
22941.,3.7375000000
22942.,3.7062500000
22943.,3.7071875
22944.,3.73375
22945.,3.724375
22946.,3.708125
22947.,3.7384375
22948.,3.7340625000
22949.,3.7334375
22950.,3.7284375
22951.,3.7153125
22952.,3.718125
22953.,3.738125
22954.,3.736875
22955.,3.7334375
22956.,3.6965625
22957.,3.6990625
22958.,3.7371875
22959.,3.6978125
22960.,3.71875
22961.,3.7234375
22962.,3.728125
22963.,3.72125
22964.,3.725625
22965.,3.7303125
22966.,3.73875
22967.,3.723125
22968.,3.71625
22969.,3.7078125
22970.,3.7371875
22971.,3.725625
22972.,3.716875
22973.,3.7028125000
22974.,3.706875
22975.,3.69875
22976.,3.705625
22977.,3.6890625
22978.,3.7284375
22979.,3.7571875
22980.,3.7221875
22981.,3.7209375000
22982.,3.726875
22983.,3.69125
22984.,3.7103125
22985.,3.67125
22986.,3.678125
22987.,3.6996875
22988.,3.685625
22989.,3.7096875000
22990.,3.684375
22991.,3.6971875
22992.,3.704375
22993.,3.7025
22994.,3.6896875000
22995.,3.7025
22996.,3.720625
22997.,3.6821875
22998.,3.6871875000
22999.,3.684375
23000.,3.6775
23001.,3.6818750000
23002.,3.6771875
23003.,3.685
23004.,3.6803125
23005.,3.6965625
23006.,3.698125
23007.,3.671875
23008.,3.6746875
23009.,3.69875
23010.,3.6915625
23011.,3.6540625
23012.,3.6625
23013.,3.683125
23014.,3.6921875
23015.,3.6859375
23016.,3.6740625000
23017.,3.6775
23018.,3.6871875000
23019.,3.651875
23020.,3.6728125
23021.,3.685
23022.,3.69125
23023.,3.6725
23024.,3.6865625
23025.,3.6818750000
23026.,3.7115625
23027.,3.6706250000
23028.,3.671875
23029.,3.664375
23030.,3.69375
23031.,3.66
23032.,3.668125
23033.,3.6778125
23034.,3.6990625
23035.,3.6790625
23036.,3.6890625
23037.,3.6990625
23038.,3.6659375
23039.,3.685
23040.,3.6506250000
23041.,3.6796875
23042.,3.6821875
23043.,3.685
23044.,3.6784375000
23045.,3.6721875
23046.,3.691875
23047.,3.6753125
23048.,3.666875
23049.,3.6906250000
23050.,3.6746875
23051.,3.6784375000
23052.,3.6553125
23053.,3.6796875
23054.,3.6859375
23055.,3.6662500000
23056.,3.66875
23057.,3.678125
23058.,3.665625
23059.,3.6890625
23060.,3.671875
23061.,3.6634375
23062.,3.6890625
23063.,3.6634375
23064.,3.6853125
23065.,3.6675
23066.,3.6728125
23067.,3.6506250000
23068.,3.6590625
23069.,3.634375
23070.,3.6621875
23071.,3.6875
23072.,3.6803125
23073.,3.6640625
23074.,3.6565625
23075.,3.6765625
23076.,3.6790625
23077.,3.658125
23078.,3.6637500000
23079.,3.6928125
23080.,3.6521875
23081.,3.6746875
23082.,3.6690625
23083.,3.61875
23084.,3.633125
23085.,3.66875
23086.,3.7078125
23087.,3.685
23088.,3.6728125
23089.,3.6584375000
23090.,3.6890625
23091.,3.6625
23092.,3.6775
23093.,3.6578125
23094.,3.67125
23095.,3.6871875000
23096.,3.715
23097.,3.6984375000
23098.,3.6803125
23099.,3.7125
23100.,3.718125
23101.,3.7062500000
23102.,3.7259375
23103.,3.6921875
23104.,3.700625
23105.,3.6965625
23106.,3.72125
23107.,3.7321875
23108.,3.7165625
23109.,3.7225
23110.,3.7090625
23111.,3.680625
23112.,3.6828125000
23113.,3.6809375
23114.,3.725625
23115.,3.725
23116.,3.703125
23117.,3.7262500000
23118.,3.69875
23119.,3.6915625
23120.,3.7215625
23121.,3.7146875
23122.,3.700625
23123.,3.6871875000
23124.,3.6878125
23125.,3.7271875
23126.,3.7046875
23127.,3.7265625
23128.,3.7275
23129.,3.725
23130.,3.7221875
23131.,3.6975000000
23132.,3.720625
23133.,3.7284375
23134.,3.69875
23135.,3.7296875000
23136.,3.7025
23137.,3.73375
23138.,3.7018750000
23139.,3.7096875000
23140.,3.719375
23141.,3.728125
23142.,3.724375
23143.,3.6753125
23144.,3.69
23145.,3.706875
23146.,3.7065625
23147.,3.700625
23148.,3.7106250000
23149.,3.735625
23150.,3.7303125
23151.,3.7103125
23152.,3.7221875
23153.,3.7334375
23154.,3.7140625000
23155.,3.69125
23156.,3.69875
23157.,3.7475
23158.,3.73
23159.,3.704375
23160.,3.7221875
23161.,3.71625
23162.,3.718125
23163.,3.72125
23164.,3.7315625
23165.,3.7078125
23166.,3.7546875
23167.,3.709375
23168.,3.70125
23169.,3.735625
23170.,3.735
23171.,3.7315625
23172.,3.729375
23173.,3.7109375
23174.,3.716875
23175.,3.75875
23176.,3.7175000000
23177.,3.723125
23178.,3.7203125
23179.,3.73
23180.,3.7565625000
23181.,3.73125
23182.,3.716875
23183.,3.729375
23184.,3.7484375
23185.,3.7246875
23186.,3.708125
23187.,3.7175000000
23188.,3.7525
23189.,3.68375
23190.,3.7003125
23191.,3.7184375000
23192.,3.72
23193.,3.70375
23194.,3.706875
23195.,3.7131250000
23196.,3.725625
23197.,3.718125
23198.,3.6875
23199.,3.7065625
23200.,3.706875
23201.,3.7287500000
23202.,3.7003125
23203.,3.7321875
23204.,3.729375
23205.,3.718125
23206.,3.7190625
23207.,3.70375
23208.,3.711875
23209.,3.7228125
23210.,3.7218750000
23211.,3.7131250000
23212.,3.71375
23213.,3.6996875
23214.,3.7240625
23215.,3.694375
23216.,3.7071875
23217.,3.693125
23218.,3.7171875
23219.,3.6940625000
23220.,3.7015625
23221.,3.6990625
23222.,3.7106250000
23223.,3.6996875
23224.,3.7134375
23225.,3.7053125000
23226.,3.6921875
23227.,3.694375
23228.,3.6625
23229.,3.7028125000
23230.,3.6906250000
23231.,3.7046875
23232.,3.6853125
23233.,3.705
23234.,3.6809375
23235.,3.7015625
23236.,3.71
23237.,3.6975000000
23238.,3.6940625000
23239.,3.68
23240.,3.6865625
23241.,3.6971875
23242.,3.7034375
23243.,3.6965625
23244.,3.6890625
23245.,3.6906250000
23246.,3.7040625
23247.,3.7215625
23248.,3.6790625
23249.,3.7025
23250.,3.7140625000
23251.,3.7034375
23252.,3.6703125
23253.,3.6715625000
23254.,3.6503125
23255.,3.661875
23256.,3.6565625
23257.,3.6684375
23258.,3.6715625000
23259.,3.6625
23260.,3.68375
23261.,3.658125
23262.,3.6840625
23263.,3.6815625
23264.,3.700625
23265.,3.6753125
23266.,3.6978125
23267.,3.686875
23268.,3.6940625000
23269.,3.6706250000
23270.,3.689375
23271.,3.6753125
23272.,3.6959375
23273.,3.6615625
23274.,3.6909375
23275.,3.68
23276.,3.7115625
23277.,3.6753125
23278.,3.6871875000
23279.,3.66875
23280.,3.6996875
23281.,3.7034375
23282.,3.6750000000
23283.,3.660625
23284.,3.6953125
23285.,3.6625
23286.,3.6625
23287.,3.675625
23288.,3.6934375
23289.,3.67875
23290.,3.6975000000
23291.,3.6740625000
23292.,3.6903125
23293.,3.680625
23294.,3.673125
23295.,3.6765625
23296.,3.676875
23297.,3.665625
23298.,3.675625
23299.,3.7009375
23300.,3.685625
23301.,3.6996875
23302.,3.660625
23303.,3.6818750000
23304.,3.6771875
23305.,3.7225
23306.,3.686875
23307.,3.6778125
23308.,3.6928125
23309.,3.686875
23310.,3.6821875
23311.,3.6809375
23312.,3.67625
23313.,3.6809375
23314.,3.68
23315.,3.6765625
23316.,3.6965625
23317.,3.66
23318.,3.6765625
23319.,3.69125
23320.,3.646875
23321.,3.6721875
23322.,3.6684375
23323.,3.68375
23324.,3.6634375
23325.,3.65625
23326.,3.6653125
23327.,3.6796875
23328.,3.6662500000
23329.,3.6878125
23330.,3.6903125
23331.,3.7009375
23332.,3.6959375
23333.,3.6890625
23334.,3.70875
23335.,3.688125
23336.,3.6971875
23337.,3.7096875000
23338.,3.7221875
23339.,3.7171875
23340.,3.7146875
23341.,3.698125
23342.,3.7018750000
23343.,3.72125
23344.,3.6871875000
23345.,3.6984375000
23346.,3.6815625
23347.,3.6793750000
23348.,3.74375
23349.,3.715
23350.,3.7003125
23351.,3.7128125
23352.,3.7284375
23353.,3.71375
23354.,3.693125
23355.,3.6821875
23356.,3.7125
23357.,3.7003125
23358.,3.7021875
23359.,3.72125
23360.,3.6903125
23361.,3.6971875
23362.,3.6990625
23363.,3.706875
23364.,3.69375
23365.,3.69375
23366.,3.699375
23367.,3.69875
23368.,3.6878125
23369.,3.6728125
23370.,3.71875
23371.,3.735625
23372.,3.6821875
23373.,3.6765625
23374.,3.7059375
23375.,3.6825
23376.,3.7025
23377.,3.6862500000
23378.,3.691875
23379.,3.6896875000
23380.,3.704375
23381.,3.669375
23382.,3.714375
23383.,3.7053125000
23384.,3.6834375
23385.,3.6903125
23386.,3.6921875
23387.,3.7109375
23388.,3.7215625
23389.,3.689375
23390.,3.69
23391.,3.69875
23392.,3.7140625000
23393.,3.6975000000
23394.,3.715
23395.,3.6878125
23396.,3.69875
23397.,3.7028125000
23398.,3.67875
23399.,3.6825
23400.,3.7121875
23401.,3.70375
23402.,3.7040625
23403.,3.6828125000
23404.,3.6890625
23405.,3.6906250000
23406.,3.6690625
23407.,3.688125
23408.,3.6815625
23409.,3.7053125000
23410.,3.703125
23411.,3.689375
23412.,3.6815625
23413.,3.7065625
23414.,3.6721875
23415.,3.6696875
23416.,3.6746875
23417.,3.6634375
23418.,3.6721875
23419.,3.683125
23420.,3.6593750000
23421.,3.6759375
23422.,3.6834375
23423.,3.66
23424.,3.686875
23425.,3.68
23426.,3.68375
23427.,3.696875
23428.,3.680625
23429.,3.65625
23430.,3.68875
23431.,3.6640625
23432.,3.63
23433.,3.64125
23434.,3.698125
23435.,3.67125
23436.,3.655625
23437.,3.6593750000
23438.,3.6903125
23439.,3.6896875000
23440.,3.6928125
23441.,3.6759375
23442.,3.6784375000
23443.,3.6821875
23444.,3.6821875
23445.,3.673125
23446.,3.676875
23447.,3.660625
23448.,3.694375
23449.,3.674375
23450.,3.69625
23451.,3.71375
23452.,3.6925
23453.,3.6971875
23454.,3.6903125
23455.,3.698125
23456.,3.724375
23457.,3.700625
23458.,3.6934375
23459.,3.69125
23460.,3.7046875
23461.,3.6978125
23462.,3.7065625
23463.,3.7234375
23464.,3.7128125
23465.,3.7178125
23466.,3.6725
23467.,3.71125
23468.,3.6975000000
23469.,3.7131250000
23470.,3.67875
23471.,3.680625
23472.,3.6734375
23473.,3.6615625
23474.,3.676875
23475.,3.6903125
23476.,3.6934375
23477.,3.700625
23478.,3.6796875
23479.,3.6940625000
23480.,3.696875
23481.,3.6990625
23482.,3.7215625
23483.,3.6965625
23484.,3.67625
23485.,3.7040625
23486.,3.704375
23487.,3.6796875
23488.,3.6809375
23489.,3.6784375000
23490.,3.663125
23491.,3.6796875
23492.,3.6703125
23493.,3.6728125
23494.,3.6953125
23495.,3.686875
23496.,3.685625
23497.,3.64625
23498.,3.6634375
23499.,3.6790625
23500.,3.6793750000
23501.,3.6765625
23502.,3.669375
23503.,3.6862500000
23504.,3.665625
23505.,3.7146875
23506.,3.688125
23507.,3.68
23508.,3.6903125
23509.,3.6790625
23510.,3.6934375
23511.,3.68375
23512.,3.686875
23513.,3.6659375
23514.,3.683125
23515.,3.6953125
23516.,3.69875
23517.,3.6740625000
23518.,3.706875
23519.,3.68
23520.,3.6875
23521.,3.676875
23522.,3.6984375000
23523.,3.69
23524.,3.6637500000
23525.,3.68125
23526.,3.678125
23527.,3.69875
23528.,3.673125
23529.,3.7028125000
23530.,3.7040625
23531.,3.703125
23532.,3.7390625
23533.,3.7175000000
23534.,3.704375
23535.,3.6975000000
23536.,3.69625
23537.,3.6865625
23538.,3.6940625000
23539.,3.6984375000
23540.,3.7071875
23541.,3.6753125
23542.,3.6853125
23543.,3.6871875000
23544.,3.696875
23545.,3.7134375
23546.,3.684375
23547.,3.6818750000
23548.,3.676875
23549.,3.696875
23550.,3.678125
23551.,3.683125
23552.,3.6778125
23553.,3.6921875
23554.,3.68375
23555.,3.693125
23556.,3.7065625
23557.,3.7146875
23558.,3.6971875
23559.,3.6853125
23560.,3.68
23561.,3.688125
23562.,3.71125
23563.,3.6853125
23564.,3.70375
23565.,3.6834375
23566.,3.6940625000
23567.,3.6825
23568.,3.6753125
23569.,3.683125
23570.,3.6840625
23571.,3.6475
23572.,3.6721875
23573.,3.6684375
23574.,3.6640625
23575.,3.663125
23576.,3.699375
23577.,3.6875
23578.,3.7078125
23579.,3.6796875
23580.,3.6662500000
23581.,3.684375
23582.,3.694375
23583.,3.685
23584.,3.6690625
23585.,3.7084375
23586.,3.6784375000
23587.,3.6625
23588.,3.67625
23589.,3.67875
23590.,3.6675
23591.,3.6865625
23592.,3.6521875
23593.,3.6565625
23594.,3.668125
23595.,3.6571875
23596.,3.6603125
23597.,3.6803125
23598.,3.6662500000
23599.,3.668125
23600.,3.675625
23601.,3.65625
23602.,3.68
23603.,3.6818750000
23604.,3.6571875
23605.,3.65125
23606.,3.709375
23607.,3.6709375
23608.,3.67875
23609.,3.6596875
23610.,3.6840625
23611.,3.6965625
23612.,3.685625
23613.,3.6946875
23614.,3.6975000000
23615.,3.6896875000
23616.,3.705
23617.,3.6775
23618.,3.68
23619.,3.6740625000
23620.,3.70125
23621.,3.6625
23622.,3.6771875
23623.,3.68875
23624.,3.689375
23625.,3.6871875000
23626.,3.6818750000
23627.,3.699375
23628.,3.6984375000
23629.,3.700625
23630.,3.6865625
23631.,3.68
23632.,3.68125
23633.,3.704375
23634.,3.704375
23635.,3.6940625000
23636.,3.68
23637.,3.6715625000
23638.,3.71125
23639.,3.6875
23640.,3.6706250000
23641.,3.68125
23642.,3.6671875000
23643.,3.6846875
23644.,3.68125
23645.,3.6740625000
23646.,3.68375
23647.,3.693125
23648.,3.6662500000
23649.,3.68
23650.,3.7106250000
23651.,3.6984375000
23652.,3.700625
23653.,3.7053125000
23654.,3.6775
23655.,3.7078125
23656.,3.696875
23657.,3.6865625
23658.,3.7284375
23659.,3.7075
23660.,3.7040625
23661.,3.68375
23662.,3.6975000000
23663.,3.6965625
23664.,3.7096875000
23665.,3.7040625
23666.,3.6865625
23667.,3.688125
23668.,3.6862500000
23669.,3.6753125
23670.,3.6771875
23671.,3.698125
23672.,3.69875
23673.,3.696875
23674.,3.73
23675.,3.7003125
23676.,3.6978125
23677.,3.7287500000
23678.,3.6906250000
23679.,3.700625
23680.,3.71125
23681.,3.7203125
23682.,3.71
23683.,3.7153125
23684.,3.7221875
23685.,3.7234375
23686.,3.716875
23687.,3.7287500000
23688.,3.72125
23689.,3.7203125
23690.,3.698125
23691.,3.73125
23692.,3.7025
23693.,3.7359375
23694.,3.7053125000
23695.,3.7284375
23696.,3.7025
23697.,3.7165625
23698.,3.7009375
23699.,3.6865625
23700.,3.7075
23701.,3.7328125
23702.,3.718125
23703.,3.716875
23704.,3.7003125
23705.,3.7325
23706.,3.700625
23707.,3.703125
23708.,3.6815625
23709.,3.6721875
23710.,3.6834375
23711.,3.6928125
23712.,3.6628125000
23713.,3.6803125
23714.,3.6706250000
23715.,3.6640625
23716.,3.6825
23717.,3.663125
23718.,3.668125
23719.,3.695625
23720.,3.7125
23721.,3.7040625
23722.,3.71625
23723.,3.7059375
23724.,3.695625
23725.,3.7125
23726.,3.6953125
23727.,3.689375
23728.,3.7165625
23729.,3.673125
23730.,3.688125
23731.,3.7178125
23732.,3.7018750000
23733.,3.6753125
23734.,3.71
23735.,3.7046875
23736.,3.7175000000
23737.,3.6746875
23738.,3.6965625
23739.,3.6959375
23740.,3.7078125
23741.,3.7040625
23742.,3.7309375
23743.,3.7178125
23744.,3.7465625
23745.,3.730625
23746.,3.71
23747.,3.6909375
23748.,3.7125
23749.,3.71375
23750.,3.704375
23751.,3.7018750000
23752.,3.7315625
23753.,3.7396875
23754.,3.705625
23755.,3.706875
23756.,3.6778125
23757.,3.7062500000
23758.,3.69875
23759.,3.716875
23760.,3.6875
23761.,3.7159375
23762.,3.723125
23763.,3.718125
23764.,3.6778125
23765.,3.7178125
23766.,3.714375
23767.,3.69875
23768.,3.669375
23769.,3.686875
23770.,3.6775
23771.,3.6690625
23772.,3.6875
23773.,3.6865625
23774.,3.695625
23775.,3.73875
23776.,3.7084375
23777.,3.71375
23778.,3.72
23779.,3.7103125
23780.,3.689375
23781.,3.69625
23782.,3.7053125000
23783.,3.698125
23784.,3.719375
23785.,3.7059375
23786.,3.7262500000
23787.,3.7115625
23788.,3.70375
23789.,3.7246875
23790.,3.691875
23791.,3.7146875
23792.,3.7378125
23793.,3.6950000000
23794.,3.714375
23795.,3.6984375000
23796.,3.7009375
23797.,3.695625
23798.,3.7128125
23799.,3.70875
23800.,3.72375
23801.,3.7221875
23802.,3.6990625
23803.,3.6828125000
23804.,3.7221875
23805.,3.7396875
23806.,3.7171875
23807.,3.7215625
23808.,3.751875
23809.,3.6953125
23810.,3.7071875
23811.,3.7346875
23812.,3.7009375
23813.,3.7196875
23814.,3.723125
23815.,3.714375
23816.,3.7103125
23817.,3.71
23818.,3.7109375
23819.,3.7140625000
23820.,3.73125
23821.,3.7265625
23822.,3.735
23823.,3.73625
23824.,3.73625
23825.,3.7171875
23826.,3.7531250000
23827.,3.71875
23828.,3.725625
23829.,3.7059375
23830.,3.745
23831.,3.7271875
23832.,3.71625
23833.,3.7090625
23834.,3.7290625
23835.,3.714375
23836.,3.6853125
23837.,3.691875
23838.,3.7078125
23839.,3.7040625
23840.,3.7315625
23841.,3.7115625
23842.,3.7215625
23843.,3.74
23844.,3.7165625
23845.,3.7165625
23846.,3.7228125
23847.,3.7159375
23848.,3.7287500000
23849.,3.7131250000
23850.,3.7175000000
23851.,3.7475
23852.,3.7296875000
23853.,3.7259375
23854.,3.73375
23855.,3.7671875
23856.,3.7146875
23857.,3.718125
23858.,3.7290625
23859.,3.7240625
23860.,3.7415625
23861.,3.7425
23862.,3.7331250000
23863.,3.7459375
23864.,3.7234375
23865.,3.7215625
23866.,3.70375
23867.,3.7325
23868.,3.7403125
23869.,3.7265625
23870.,3.7315625
23871.,3.689375
23872.,3.7262500000
23873.,3.7109375
23874.,3.696875
23875.,3.693125
23876.,3.7009375
23877.,3.674375
23878.,3.7103125
23879.,3.7028125000
23880.,3.6709375
23881.,3.6906250000
23882.,3.695625
23883.,3.688125
23884.,3.6809375
23885.,3.6784375000
23886.,3.685
23887.,3.6906250000
23888.,3.700625
23889.,3.6990625
23890.,3.7071875
23891.,3.7075
23892.,3.7040625
23893.,3.688125
23894.,3.69625
23895.,3.6871875000
23896.,3.6662500000
23897.,3.730625
23898.,3.7071875
23899.,3.716875
23900.,3.7059375
23901.,3.71875
23902.,3.730625
23903.,3.71875
23904.,3.700625
23905.,3.7065625
23906.,3.70375
23907.,3.7131250000
23908.,3.70875
23909.,3.7259375
23910.,3.72375
23911.,3.7103125
23912.,3.7131250000
23913.,3.6990625
23914.,3.69
23915.,3.705625
23916.,3.685625
23917.,3.694375
23918.,3.705625
23919.,3.698125
23920.,3.71875
23921.,3.680625
23922.,3.720625
23923.,3.7171875
23924.,3.688125
23925.,3.71625
23926.,3.719375
23927.,3.6984375000
23928.,3.718125
23929.,3.7359375
23930.,3.7287500000
23931.,3.7128125
23932.,3.69875
23933.,3.68
23934.,3.69625
23935.,3.715
23936.,3.70875
23937.,3.6978125
23938.,3.705
23939.,3.6784375000
23940.,3.71625
23941.,3.6859375
23942.,3.680625
23943.,3.6925
23944.,3.7078125
23945.,3.678125
23946.,3.6734375
23947.,3.6709375
23948.,3.7146875
23949.,3.6990625
23950.,3.6853125
23951.,3.68375
23952.,3.69
23953.,3.6771875
23954.,3.65875
23955.,3.6471875000
23956.,3.704375
23957.,3.67375
23958.,3.6540625
23959.,3.69125
23960.,3.693125
23961.,3.71625
23962.,3.6859375
23963.,3.7
23964.,3.6746875
23965.,3.7209375000
23966.,3.7071875
23967.,3.71125
23968.,3.7065625
23969.,3.7218750000
23970.,3.711875
23971.,3.7065625
23972.,3.7040625
23973.,3.7090625
23974.,3.6875
23975.,3.69
23976.,3.706875
23977.,3.69375
23978.,3.714375
23979.,3.7106250000
23980.,3.704375
23981.,3.735
23982.,3.715625
23983.,3.7134375
23984.,3.709375
23985.,3.7090625
23986.,3.704375
23987.,3.72
23988.,3.7065625
23989.,3.7025
23990.,3.705
23991.,3.705
23992.,3.7034375
23993.,3.715
23994.,3.7025
23995.,3.72125
23996.,3.7428125
23997.,3.6853125
23998.,3.74625
23999.,3.716875
24000.,3.6859375
24001.,3.6750000000
24002.,3.68125
24003.,3.69875
24004.,3.6965625
24005.,3.6971875
24006.,3.6875
24007.,3.7040625
24008.,3.7159375
24009.,3.7265625
24010.,3.691875
24011.,3.7053125000
24012.,3.7115625
24013.,3.72125
24014.,3.7021875
24015.,3.69375
24016.,3.704375
24017.,3.7196875
24018.,3.6996875
24019.,3.6771875
24020.,3.685625
24021.,3.69875
24022.,3.7078125
24023.,3.715625
24024.,3.695625
24025.,3.7009375
24026.,3.7259375
24027.,3.705625
24028.,3.705
24029.,3.735625
24030.,3.735625
24031.,3.71125
24032.,3.7146875
24033.,3.7321875
24034.,3.7271875
24035.,3.726875
24036.,3.7209375000
24037.,3.7003125
24038.,3.73375
24039.,3.7309375
24040.,3.711875
24041.,3.7340625000
24042.,3.7340625000
24043.,3.746875
24044.,3.7265625
24045.,3.7315625
24046.,3.728125
24047.,3.7534375
24048.,3.7275
24049.,3.7218750000
24050.,3.7590625
24051.,3.7359375
24052.,3.6921875
24053.,3.7331250000
24054.,3.7334375
24055.,3.7315625
24056.,3.7653125000
24057.,3.718125
24058.,3.7171875
24059.,3.7240625
24060.,3.7125
24061.,3.6862500000
24062.,3.7103125
24063.,3.7034375
24064.,3.6950000000
24065.,3.6978125
24066.,3.7003125
24067.,3.6840625
24068.,3.6928125
24069.,3.6946875
24070.,3.6825
24071.,3.7028125000
24072.,3.7096875000
24073.,3.7375000000
24074.,3.7021875
24075.,3.693125
24076.,3.7315625
24077.,3.6946875
24078.,3.6818750000
24079.,3.6950000000
24080.,3.7146875
24081.,3.7046875
24082.,3.69125
24083.,3.676875
24084.,3.7065625
24085.,3.7331250000
24086.,3.69125
24087.,3.6915625
24088.,3.705
24089.,3.7071875
24090.,3.69
24091.,3.7140625000
24092.,3.6950000000
24093.,3.6821875
24094.,3.696875
24095.,3.7078125
24096.,3.6865625
24097.,3.6815625
24098.,3.700625
24099.,3.700625
24100.,3.6884375
24101.,3.708125
24102.,3.6784375000
24103.,3.6790625
24104.,3.6909375
24105.,3.69375
24106.,3.69
24107.,3.6896875000
24108.,3.6640625
24109.,3.6903125
24110.,3.664375
24111.,3.6815625
24112.,3.6793750000
24113.,3.704375
24114.,3.6934375
24115.,3.6796875
24116.,3.6528125
24117.,3.6946875
24118.,3.6862500000
24119.,3.6821875
24120.,3.70125
24121.,3.7040625
24122.,3.69125
24123.,3.6793750000
24124.,3.676875
24125.,3.6859375
24126.,3.6965625
24127.,3.694375
24128.,3.70375
24129.,3.6846875
24130.,3.6715625000
24131.,3.668125
24132.,3.698125
24133.,3.6759375
24134.,3.674375
24135.,3.6778125
24136.,3.6871875000
24137.,3.67125
24138.,3.6928125
24139.,3.6846875
24140.,3.703125
24141.,3.6821875
24142.,3.6865625
24143.,3.67875
24144.,3.69375
24145.,3.6915625
24146.,3.686875
24147.,3.7046875
24148.,3.7171875
24149.,3.689375
24150.,3.6771875
24151.,3.68875
24152.,3.6903125
24153.,3.7046875
24154.,3.6746875
24155.,3.7109375
24156.,3.6946875
24157.,3.7131250000
24158.,3.6878125
24159.,3.6784375000
24160.,3.666875
24161.,3.7065625
24162.,3.6803125
24163.,3.6903125
24164.,3.6884375
24165.,3.700625
24166.,3.7034375
24167.,3.70875
24168.,3.7084375
24169.,3.7003125
24170.,3.7265625
24171.,3.70875
24172.,3.69375
24173.,3.6878125
24174.,3.691875
24175.,3.693125
24176.,3.6906250000
24177.,3.6878125
24178.,3.7131250000
24179.,3.7096875000
24180.,3.7178125
24181.,3.7015625
24182.,3.69
24183.,3.6809375
24184.,3.696875
24185.,3.696875
24186.,3.698125
24187.,3.675625
24188.,3.6940625000
24189.,3.6809375
24190.,3.705
24191.,3.69
24192.,3.6509375
24193.,3.6765625
24194.,3.67875
24195.,3.6690625
24196.,3.689375
24197.,3.676875
24198.,3.7075
24199.,3.709375
24200.,3.70125
24201.,3.6840625
24202.,3.6796875
24203.,3.7262500000
24204.,3.7009375
24205.,3.6975000000
24206.,3.7146875
24207.,3.719375
24208.,3.72
24209.,3.6990625
24210.,3.69125
24211.,3.6934375
24212.,3.68875
24213.,3.7334375
24214.,3.6953125
24215.,3.6978125
24216.,3.7209375000
24217.,3.685
24218.,3.6809375
24219.,3.6906250000
24220.,3.6840625
24221.,3.6759375
24222.,3.7090625
24223.,3.6818750000
24224.,3.6862500000
24225.,3.7028125000
24226.,3.7259375
24227.,3.706875
24228.,3.6965625
24229.,3.6862500000
24230.,3.6984375000
24231.,3.6775
24232.,3.6818750000
24233.,3.723125
24234.,3.6625
24235.,3.6971875
24236.,3.6978125
24237.,3.685625
24238.,3.6803125
24239.,3.6859375
24240.,3.6965625
24241.,3.6953125
24242.,3.693125
24243.,3.6965625
24244.,3.6753125
24245.,3.7075
24246.,3.7040625
24247.,3.725625
24248.,3.6871875000
24249.,3.6734375
24250.,3.7096875000
24251.,3.6896875000
24252.,3.67
24253.,3.6950000000
24254.,3.7075
24255.,3.6959375
24256.,3.68
24257.,3.6784375000
24258.,3.7
24259.,3.7028125000
24260.,3.7106250000
24261.,3.6906250000
24262.,3.6921875
24263.,3.685
24264.,3.7109375
24265.,3.6778125
24266.,3.6578125
24267.,3.6915625
24268.,3.6946875
24269.,3.6815625
24270.,3.7018750000
24271.,3.6746875
24272.,3.675625
24273.,3.6721875
24274.,3.674375
24275.,3.6840625
24276.,3.6853125
24277.,3.674375
24278.,3.68125
24279.,3.663125
24280.,3.663125
24281.,3.6928125
24282.,3.6759375
24283.,3.6909375
24284.,3.6950000000
24285.,3.6675
24286.,3.6846875
24287.,3.67
24288.,3.6975000000
24289.,3.6753125
24290.,3.6740625000
24291.,3.69375
24292.,3.700625
24293.,3.703125
24294.,3.7096875000
24295.,3.676875
24296.,3.6584375000
24297.,3.6928125
24298.,3.68
24299.,3.6703125
24300.,3.66
24301.,3.6853125
24302.,3.6728125
24303.,3.6725
24304.,3.6925
24305.,3.6753125
24306.,3.6753125
24307.,3.6503125
24308.,3.626875
24309.,3.6459375
24310.,3.6628125000
24311.,3.6703125
24312.,3.663125
24313.,3.671875
24314.,3.6525
24315.,3.6684375
24316.,3.685
24317.,3.688125
24318.,3.669375
24319.,3.6721875
24320.,3.688125
24321.,3.6753125
24322.,3.689375
24323.,3.6865625
24324.,3.6778125
24325.,3.6753125
24326.,3.6684375
24327.,3.665
24328.,3.67
24329.,3.7025
24330.,3.6953125
24331.,3.689375
24332.,3.6778125
24333.,3.685625
24334.,3.7003125
24335.,3.6884375
24336.,3.7003125
24337.,3.6984375000
24338.,3.6721875
24339.,3.676875
24340.,3.7046875
24341.,3.698125
24342.,3.67
24343.,3.68
24344.,3.6503125
24345.,3.6615625
24346.,3.6690625
24347.,3.6825
24348.,3.6759375
24349.,3.6771875
24350.,3.6725
24351.,3.6678125
24352.,3.6946875
24353.,3.6746875
24354.,3.6625
24355.,3.68
24356.,3.694375
24357.,3.658125
24358.,3.6825
24359.,3.69
24360.,3.6818750000
24361.,3.669375
24362.,3.69
24363.,3.6465625
24364.,3.6690625
24365.,3.6575
24366.,3.6990625
24367.,3.694375
24368.,3.6634375
24369.,3.6846875
24370.,3.688125
24371.,3.661875
24372.,3.6706250000
24373.,3.66125
24374.,3.6546875
24375.,3.685
24376.,3.7062500000
24377.,3.7009375
24378.,3.646875
24379.,3.7009375
24380.,3.6940625000
24381.,3.6625
24382.,3.6653125
24383.,3.7215625
24384.,3.691875
24385.,3.6909375
24386.,3.71625
24387.,3.7215625
24388.,3.72
24389.,3.718125
24390.,3.714375
24391.,3.683125
24392.,3.71
24393.,3.6909375
24394.,3.6818750000
24395.,3.7128125
24396.,3.685625
24397.,3.683125
24398.,3.694375
24399.,3.70375
24400.,3.7071875
24401.,3.6765625
24402.,3.6828125000
24403.,3.6784375000
24404.,3.674375
24405.,3.674375
24406.,3.675625
24407.,3.6896875000
24408.,3.7003125
24409.,3.6818750000
24410.,3.6940625000
24411.,3.7171875
24412.,3.714375
24413.,3.688125
24414.,3.688125
24415.,3.7
24416.,3.70875
24417.,3.699375
24418.,3.6750000000
24419.,3.67625
24420.,3.6915625
24421.,3.67
24422.,3.6896875000
24423.,3.678125
24424.,3.6925
24425.,3.6821875
24426.,3.70375
24427.,3.6878125
24428.,3.685625
24429.,3.6678125
24430.,3.68875
24431.,3.661875
24432.,3.656875
24433.,3.6940625000
24434.,3.694375
24435.,3.698125
24436.,3.709375
24437.,3.6775
24438.,3.675625
24439.,3.699375
24440.,3.664375
24441.,3.6928125
24442.,3.7178125
24443.,3.7253125000
24444.,3.6809375
24445.,3.7
24446.,3.71625
24447.,3.705
24448.,3.7034375
24449.,3.6909375
24450.,3.7
24451.,3.686875
24452.,3.7059375
24453.,3.6665625
24454.,3.68125
24455.,3.6896875000
24456.,3.7303125
24457.,3.69375
24458.,3.6790625
24459.,3.705
24460.,3.71375
24461.,3.708125
24462.,3.68875
24463.,3.6959375
24464.,3.69375
24465.,3.7025
24466.,3.6675
24467.,3.6862500000
24468.,3.7053125000
24469.,3.655625
24470.,3.6703125
24471.,3.685625
24472.,3.6671875000
24473.,3.6896875000
24474.,3.6609375
24475.,3.6778125
24476.,3.6846875
24477.,3.704375
24478.,3.6771875
24479.,3.6934375
24480.,3.67625
24481.,3.6521875
24482.,3.6621875
24483.,3.69625
24484.,3.706875
24485.,3.6846875
24486.,3.685
24487.,3.6890625
24488.,3.69625
24489.,3.724375
24490.,3.7
24491.,3.7009375
24492.,3.686875
24493.,3.7018750000
24494.,3.6975000000
24495.,3.6778125
24496.,3.6946875
24497.,3.6706250000
24498.,3.6859375
24499.,3.665
24500.,3.6796875
24501.,3.720625
24502.,3.68875
24503.,3.7128125
24504.,3.69875
24505.,3.685
24506.,3.6846875
24507.,3.6925
24508.,3.703125
24509.,3.666875
24510.,3.691875
24511.,3.7106250000
24512.,3.6793750000
24513.,3.7053125000
24514.,3.7018750000
24515.,3.7165625
24516.,3.6906250000
24517.,3.714375
24518.,3.7078125
24519.,3.7321875
24520.,3.7259375
24521.,3.7134375
24522.,3.6965625
24523.,3.7134375
24524.,3.71
24525.,3.71375
24526.,3.71375
24527.,3.7315625
24528.,3.719375
24529.,3.7025
24530.,3.7278125
24531.,3.7515625
24532.,3.7271875
24533.,3.7071875
24534.,3.703125
24535.,3.7196875
24536.,3.725625
24537.,3.711875
24538.,3.703125
24539.,3.6775
24540.,3.716875
24541.,3.7090625
24542.,3.7025
24543.,3.72125
24544.,3.7103125
24545.,3.673125
24546.,3.696875
24547.,3.736875
24548.,3.6846875
24549.,3.723125
24550.,3.72125
24551.,3.7028125000
24552.,3.696875
24553.,3.7015625
24554.,3.68375
24555.,3.704375
24556.,3.6990625
24557.,3.7275
24558.,3.704375
24559.,3.7090625
24560.,3.71875
24561.,3.695625
24562.,3.7078125
24563.,3.693125
24564.,3.7396875
24565.,3.7053125000
24566.,3.72
24567.,3.6978125
24568.,3.7178125
24569.,3.7096875000
24570.,3.72375
24571.,3.683125
24572.,3.7218750000
24573.,3.7109375
24574.,3.7090625
24575.,3.6928125
24576.,3.735625
24577.,3.7096875000
24578.,3.7078125
24579.,3.693125
24580.,3.6934375
24581.,3.7053125000
24582.,3.6746875
24583.,3.6865625
24584.,3.676875
24585.,3.6915625
24586.,3.6790625
24587.,3.69
24588.,3.6840625
24589.,3.6925
24590.,3.6984375000
24591.,3.68375
24592.,3.6790625
24593.,3.6896875000
24594.,3.6753125
24595.,3.68375
24596.,3.6421875
24597.,3.6746875
24598.,3.6640625
24599.,3.6821875
24600.,3.675625
24601.,3.67125
24602.,3.6734375
24603.,3.6703125
24604.,3.6746875
24605.,3.6634375
24606.,3.673125
24607.,3.6990625
24608.,3.6546875
24609.,3.646875
24610.,3.6353125
24611.,3.6584375000
24612.,3.6659375
24613.,3.6646875
24614.,3.6603125
24615.,3.641875
24616.,3.6640625
24617.,3.6584375000
24618.,3.6815625
24619.,3.67375
24620.,3.6775
24621.,3.6646875
24622.,3.65
24623.,3.6984375000
24624.,3.6821875
24625.,3.66875
24626.,3.6662500000
24627.,3.6862500000
24628.,3.6946875
24629.,3.6878125
24630.,3.68
24631.,3.6746875
24632.,3.67125
24633.,3.6821875
24634.,3.7025
24635.,3.6818750000
24636.,3.6890625
24637.,3.67375
24638.,3.6903125
24639.,3.6706250000
24640.,3.6859375
24641.,3.683125
24642.,3.6750000000
24643.,3.6515625000
24644.,3.665625
24645.,3.668125
24646.,3.6590625
24647.,3.646875
24648.,3.6481250000
24649.,3.635625
24650.,3.6634375
24651.,3.6625
24652.,3.6753125
24653.,3.6671875000
24654.,3.6678125
24655.,3.640625
24656.,3.6571875
24657.,3.654375
24658.,3.64
24659.,3.663125
24660.,3.631875
24661.,3.675625
24662.,3.63875
24663.,3.6840625
24664.,3.64875
24665.,3.66875
24666.,3.6662500000
24667.,3.653125
24668.,3.6690625
24669.,3.6475
24670.,3.6728125
24671.,3.6550000000
24672.,3.654375
24673.,3.686875
24674.,3.6906250000
24675.,3.6534375
24676.,3.6793750000
24677.,3.6925
24678.,3.6740625000
24679.,3.6790625
24680.,3.6709375
24681.,3.678125
24682.,3.6815625
24683.,3.7015625
24684.,3.6875
24685.,3.7065625
24686.,3.6859375
24687.,3.6915625
24688.,3.715625
24689.,3.7065625
24690.,3.69
24691.,3.69625
24692.,3.684375
24693.,3.664375
24694.,3.695625
24695.,3.6771875
24696.,3.66125
24697.,3.6875
24698.,3.69125
24699.,3.7018750000
24700.,3.669375
24701.,3.694375
24702.,3.6875
24703.,3.7018750000
24704.,3.6878125
24705.,3.6928125
24706.,3.655625
24707.,3.6603125
24708.,3.68375
24709.,3.683125
24710.,3.6725
24711.,3.6628125000
24712.,3.69625
24713.,3.689375
24714.,3.680625
24715.,3.686875
24716.,3.64875
24717.,3.6725
24718.,3.705
24719.,3.6953125
24720.,3.68375
24721.,3.6859375
24722.,3.6853125
24723.,3.6950000000
24724.,3.6828125000
24725.,3.6784375000
24726.,3.684375
24727.,3.7084375
24728.,3.7028125000
24729.,3.6906250000
24730.,3.69875
24731.,3.728125
24732.,3.7103125
24733.,3.7353125
24734.,3.724375
24735.,3.71125
24736.,3.714375
24737.,3.7059375
24738.,3.7034375
24739.,3.708125
24740.,3.716875
24741.,3.7225
24742.,3.723125
24743.,3.7321875
24744.,3.7084375
24745.,3.75125
24746.,3.731875
24747.,3.7303125
24748.,3.726875
24749.,3.7443750000
24750.,3.725
24751.,3.7287500000
24752.,3.7125
24753.,3.7034375
24754.,3.693125
24755.,3.705
24756.,3.7103125
24757.,3.7028125000
24758.,3.7225
24759.,3.6818750000
24760.,3.7040625
24761.,3.6975000000
24762.,3.698125
24763.,3.6950000000
24764.,3.6834375
24765.,3.6990625
24766.,3.678125
24767.,3.7171875
24768.,3.6971875
24769.,3.6875
24770.,3.6715625000
24771.,3.676875
24772.,3.715
24773.,3.6821875
24774.,3.7065625
24775.,3.6878125
24776.,3.689375
24777.,3.7009375
24778.,3.7234375
24779.,3.698125
24780.,3.7128125
24781.,3.703125
24782.,3.671875
24783.,3.684375
24784.,3.68125
24785.,3.6890625
24786.,3.6940625000
24787.,3.71875
24788.,3.7196875
24789.,3.7
24790.,3.6734375
24791.,3.6903125
24792.,3.6784375000
24793.,3.6753125
24794.,3.6934375
24795.,3.683125
24796.,3.686875
24797.,3.6990625
24798.,3.7015625
24799.,3.658125
24800.,3.67875
24801.,3.67875
24802.,3.68125
24803.,3.685
24804.,3.6834375
24805.,3.680625
24806.,3.6846875
24807.,3.6740625000
24808.,3.674375
24809.,3.6915625
24810.,3.6846875
24811.,3.699375
24812.,3.7121875
24813.,3.6865625
24814.,3.68375
24815.,3.6696875
24816.,3.695625
24817.,3.6746875
24818.,3.65375
24819.,3.669375
24820.,3.6496875
24821.,3.6640625
24822.,3.6921875
24823.,3.6653125
24824.,3.6706250000
24825.,3.6862500000
24826.,3.6728125
24827.,3.66125
24828.,3.651875
24829.,3.6628125000
24830.,3.6593750000
24831.,3.675625
24832.,3.674375
24833.,3.69125
24834.,3.6553125
24835.,3.6593750000
24836.,3.678125
24837.,3.6759375
24838.,3.665
24839.,3.6809375
24840.,3.6803125
24841.,3.6950000000
24842.,3.666875
24843.,3.6818750000
24844.,3.673125
24845.,3.6965625
24846.,3.703125
24847.,3.6740625000
24848.,3.6890625
24849.,3.6903125
24850.,3.671875
24851.,3.6753125
24852.,3.6603125
24853.,3.6553125
24854.,3.685625
24855.,3.6662500000
24856.,3.67
24857.,3.6590625
24858.,3.69625
24859.,3.7059375
24860.,3.6634375
24861.,3.6978125
24862.,3.6696875
24863.,3.6615625
24864.,3.67
24865.,3.6862500000
24866.,3.673125
24867.,3.6765625
24868.,3.6921875
24869.,3.6603125
24870.,3.6696875
24871.,3.6896875000
24872.,3.7009375
24873.,3.7053125000
24874.,3.664375
24875.,3.664375
24876.,3.66875
24877.,3.6584375000
24878.,3.68125
24879.,3.6771875
24880.,3.6559375000
24881.,3.6734375
24882.,3.6678125
24883.,3.6840625
24884.,3.715625
24885.,3.69
24886.,3.67875
24887.,3.7146875
24888.,3.705625
24889.,3.7171875
24890.,3.7125
24891.,3.689375
24892.,3.6778125
24893.,3.7046875
24894.,3.6950000000
24895.,3.6862500000
24896.,3.7278125
24897.,3.7171875
24898.,3.694375
24899.,3.6750000000
24900.,3.6796875
24901.,3.7140625000
24902.,3.715625
24903.,3.6821875
24904.,3.67
24905.,3.68
24906.,3.7128125
24907.,3.6862500000
24908.,3.67875
24909.,3.7225
24910.,3.70375
24911.,3.6846875
24912.,3.6940625000
24913.,3.703125
24914.,3.6859375
24915.,3.7046875
24916.,3.7053125000
24917.,3.7053125000
24918.,3.7065625
24919.,3.7140625000
24920.,3.7
24921.,3.7209375000
24922.,3.720625
24923.,3.7090625
24924.,3.7034375
24925.,3.6928125
24926.,3.71125
24927.,3.708125
24928.,3.6803125
24929.,3.7109375
24930.,3.7153125
24931.,3.7075
24932.,3.7140625000
24933.,3.6953125
24934.,3.7018750000
24935.,3.69375
24936.,3.7175000000
24937.,3.7125
24938.,3.6784375000
24939.,3.678125
24940.,3.6846875
24941.,3.68125
24942.,3.6946875
24943.,3.6753125
24944.,3.6990625
24945.,3.6965625
24946.,3.69375
24947.,3.6996875
24948.,3.71625
24949.,3.7128125
24950.,3.709375
24951.,3.6946875
24952.,3.689375
24953.,3.6862500000
24954.,3.6965625
24955.,3.719375
24956.,3.704375
24957.,3.7178125
24958.,3.70375
24959.,3.703125
24960.,3.656875
24961.,3.700625
24962.,3.6915625
24963.,3.699375
24964.,3.6728125
24965.,3.68875
24966.,3.68375
24967.,3.6834375
24968.,3.68875
24969.,3.693125
24970.,3.7021875
24971.,3.7062500000
24972.,3.70125
24973.,3.6706250000
24974.,3.6915625
24975.,3.69875
24976.,3.6734375
24977.,3.68125
24978.,3.691875
24979.,3.68875
24980.,3.6721875
24981.,3.6959375
24982.,3.654375
24983.,3.6534375
24984.,3.688125
24985.,3.6440625
24986.,3.6603125
24987.,3.678125
24988.,3.6703125
24989.,3.6793750000
24990.,3.6728125
24991.,3.6365625
24992.,3.6793750000
24993.,3.685
24994.,3.6903125
24995.,3.6903125
24996.,3.6759375
24997.,3.663125
24998.,3.6621875
24999.,3.67875
25000.,3.6640625
25001.,3.6796875
25002.,3.6496875
25003.,3.6696875
25004.,3.6840625
25005.,3.6803125
25006.,3.6621875
25007.,3.6996875
25008.,3.6818750000
25009.,3.6521875
25010.,3.6425
25011.,3.6640625
25012.,3.64875
25013.,3.6721875
25014.,3.671875
25015.,3.6765625
25016.,3.67
25017.,3.67875
25018.,3.665625
25019.,3.6628125000
25020.,3.69125
25021.,3.715625
25022.,3.69125
25023.,3.6725
25024.,3.6818750000
25025.,3.665625
25026.,3.6975000000
25027.,3.678125
25028.,3.6603125
25029.,3.6765625
25030.,3.6615625
25031.,3.6978125
25032.,3.6609375
25033.,3.6984375000
25034.,3.6818750000
25035.,3.674375
25036.,3.6909375
25037.,3.67625
25038.,3.6671875000
25039.,3.6771875
25040.,3.664375
25041.,3.6559375000
25042.,3.6971875
25043.,3.7003125
25044.,3.6950000000
25045.,3.6790625
25046.,3.6959375
25047.,3.7040625
25048.,3.6959375
25049.,3.6875
25050.,3.70375
25051.,3.683125
25052.,3.7021875
25053.,3.69125
25054.,3.673125
25055.,3.7096875000
25056.,3.6909375
25057.,3.685
25058.,3.67625
25059.,3.6975000000
25060.,3.703125
25061.,3.6825
25062.,3.664375
25063.,3.6890625
25064.,3.6875
25065.,3.6775
25066.,3.6750000000
25067.,3.6946875
25068.,3.6965625
25069.,3.693125
25070.,3.6862500000
25071.,3.6928125
25072.,3.6821875
25073.,3.67625
25074.,3.6915625
25075.,3.67375
25076.,3.6834375
25077.,3.6978125
25078.,3.6753125
25079.,3.67
25080.,3.7003125
25081.,3.6978125
25082.,3.6915625
25083.,3.678125
25084.,3.700625
25085.,3.7018750000
25086.,3.69625
25087.,3.7134375
25088.,3.719375
25089.,3.7078125
25090.,3.69875
25091.,3.6759375
25092.,3.689375
25093.,3.696875
25094.,3.6734375
25095.,3.67125
25096.,3.673125
25097.,3.71
25098.,3.69875
25099.,3.6978125
25100.,3.6818750000
25101.,3.6703125
25102.,3.6971875
25103.,3.7075
25104.,3.6784375000
25105.,3.6840625
25106.,3.6784375000
25107.,3.6934375
25108.,3.6862500000
25109.,3.6734375
25110.,3.65625
25111.,3.6834375
25112.,3.7003125
25113.,3.685625
25114.,3.67125
25115.,3.7115625
25116.,3.676875
25117.,3.6715625000
25118.,3.6603125
25119.,3.67
25120.,3.688125
25121.,3.674375
25122.,3.6815625
25123.,3.708125
25124.,3.6934375
25125.,3.6709375
25126.,3.6662500000
25127.,3.694375
25128.,3.6903125
25129.,3.705
25130.,3.6565625
25131.,3.6934375
25132.,3.6818750000
25133.,3.68375
25134.,3.6775
25135.,3.6865625
25136.,3.6946875
25137.,3.7071875
25138.,3.6890625
25139.,3.6925
25140.,3.69375
25141.,3.7109375
25142.,3.6953125
25143.,3.68375
25144.,3.674375
25145.,3.6862500000
25146.,3.685
25147.,3.6946875
25148.,3.6928125
25149.,3.695625
25150.,3.6865625
25151.,3.684375
25152.,3.6875
25153.,3.6865625
25154.,3.6896875000
25155.,3.6765625
25156.,3.6625
25157.,3.66
25158.,3.6884375
25159.,3.664375
25160.,3.6553125
25161.,3.69625
25162.,3.6678125
25163.,3.6728125
25164.,3.6637500000
25165.,3.6637500000
25166.,3.656875
25167.,3.6862500000
25168.,3.6734375
25169.,3.6721875
25170.,3.6596875
25171.,3.663125
25172.,3.673125
25173.,3.6690625
25174.,3.6625
25175.,3.6765625
25176.,3.664375
25177.,3.6665625
25178.,3.649375
25179.,3.6815625
25180.,3.66875
25181.,3.671875
25182.,3.6603125
25183.,3.6621875
25184.,3.6559375000
25185.,3.6640625
25186.,3.646875
25187.,3.6475
25188.,3.638125
25189.,3.6590625
25190.,3.6721875
25191.,3.6675
25192.,3.7003125
25193.,3.680625
25194.,3.6765625
25195.,3.6496875
25196.,3.6706250000
25197.,3.680625
25198.,3.6615625
25199.,3.6728125
25200.,3.6709375
25201.,3.676875
25202.,3.6928125
25203.,3.6696875
25204.,3.678125
25205.,3.68375
25206.,3.68875
25207.,3.6734375
25208.,3.6971875
25209.,3.680625
25210.,3.6565625
25211.,3.6859375
25212.,3.6840625
25213.,3.671875
25214.,3.665
25215.,3.695625
25216.,3.680625
25217.,3.658125
25218.,3.6853125
25219.,3.6575
25220.,3.6825
25221.,3.6734375
25222.,3.6584375000
25223.,3.66
25224.,3.6759375
25225.,3.6640625
25226.,3.685625
25227.,3.6909375
25228.,3.6675
25229.,3.6609375
25230.,3.6665625
25231.,3.67875
25232.,3.6909375
25233.,3.6528125
25234.,3.6840625
25235.,3.656875
25236.,3.6775
25237.,3.6637500000
25238.,3.6796875
25239.,3.671875
25240.,3.6834375
25241.,3.6634375
25242.,3.6975000000
25243.,3.6775
25244.,3.6965625
25245.,3.694375
25246.,3.683125
25247.,3.6778125
25248.,3.6796875
25249.,3.6818750000
25250.,3.6715625000
25251.,3.6903125
25252.,3.7115625
25253.,3.7103125
25254.,3.705
25255.,3.7003125
25256.,3.6790625
25257.,3.7
25258.,3.696875
25259.,3.7065625
25260.,3.69
25261.,3.6975000000
25262.,3.6803125
25263.,3.6984375000
25264.,3.674375
25265.,3.695625
25266.,3.6950000000
25267.,3.71625
25268.,3.68875
25269.,3.6628125000
25270.,3.6818750000
25271.,3.683125
25272.,3.6909375
25273.,3.6884375
25274.,3.6846875
25275.,3.69
25276.,3.671875
25277.,3.6796875
25278.,3.6815625
25279.,3.7025
25280.,3.6596875
25281.,3.6750000000
25282.,3.7021875
25283.,3.705
25284.,3.67125
25285.,3.691875
25286.,3.65875
25287.,3.669375
25288.,3.6653125
25289.,3.66125
25290.,3.67125
25291.,3.6896875000
25292.,3.7034375
25293.,3.6865625
25294.,3.680625
25295.,3.685625
25296.,3.7040625
25297.,3.6853125
25298.,3.6953125
25299.,3.7
25300.,3.6953125
25301.,3.70125
25302.,3.67625
25303.,3.6690625
25304.,3.694375
25305.,3.686875
25306.,3.6675
25307.,3.711875
25308.,3.6984375000
25309.,3.695625
25310.,3.6678125
25311.,3.6734375
25312.,3.663125
25313.,3.6978125
25314.,3.6953125
25315.,3.671875
25316.,3.6734375
25317.,3.6684375
25318.,3.6853125
25319.,3.674375
25320.,3.695625
25321.,3.6834375
25322.,3.69375
25323.,3.673125
25324.,3.671875
25325.,3.708125
25326.,3.686875
25327.,3.7003125
25328.,3.6853125
25329.,3.6775
25330.,3.693125
25331.,3.69625
25332.,3.67375
25333.,3.685625
25334.,3.688125
25335.,3.68
25336.,3.6653125
25337.,3.6878125
25338.,3.6950000000
25339.,3.6975000000
25340.,3.6778125
25341.,3.680625
25342.,3.6734375
25343.,3.6793750000
25344.,3.6809375
25345.,3.6659375
25346.,3.6978125
25347.,3.6778125
25348.,3.6471875000
25349.,3.651875
25350.,3.6875
25351.,3.6740625000
25352.,3.68375
25353.,3.6784375000
25354.,3.6678125
25355.,3.6915625
25356.,3.678125
25357.,3.688125
25358.,3.68
25359.,3.678125
25360.,3.663125
25361.,3.6821875
25362.,3.69375
25363.,3.6809375
25364.,3.69
25365.,3.6759375
25366.,3.6750000000
25367.,3.7018750000
25368.,3.6746875
25369.,3.6975000000
25370.,3.6971875
25371.,3.68
25372.,3.65625
25373.,3.6978125
25374.,3.6803125
25375.,3.6803125
25376.,3.6728125
25377.,3.6818750000
25378.,3.6840625
25379.,3.6828125000
25380.,3.6875
25381.,3.6715625000
25382.,3.6815625
25383.,3.666875
25384.,3.6825
25385.,3.6753125
25386.,3.6975000000
25387.,3.686875
25388.,3.6940625000
25389.,3.685625
25390.,3.6965625
25391.,3.6846875
25392.,3.6909375
25393.,3.6765625
25394.,3.67875
25395.,3.673125
25396.,3.6684375
25397.,3.6965625
25398.,3.7121875
25399.,3.6821875
25400.,3.6784375000
25401.,3.7
25402.,3.7125
25403.,3.6915625
25404.,3.6740625000
25405.,3.6596875
25406.,3.6865625
25407.,3.7062500000
25408.,3.6690625
25409.,3.6878125
25410.,3.676875
25411.,3.6825
25412.,3.6853125
25413.,3.6665625
25414.,3.6846875
25415.,3.6896875000
25416.,3.6750000000
25417.,3.699375
25418.,3.6765625
25419.,3.699375
25420.,3.6765625
25421.,3.6690625
25422.,3.70375
25423.,3.674375
25424.,3.69125
25425.,3.688125
25426.,3.6946875
25427.,3.66
25428.,3.6971875
25429.,3.6759375
25430.,3.67375
25431.,3.7106250000
25432.,3.71125
25433.,3.6890625
25434.,3.7090625
25435.,3.7071875
25436.,3.7053125000
25437.,3.6975000000
25438.,3.706875
25439.,3.7203125
25440.,3.7328125
25441.,3.7287500000
25442.,3.73125
25443.,3.7109375
25444.,3.7078125
25445.,3.7115625
25446.,3.6934375
25447.,3.70125
25448.,3.709375
25449.,3.70375
25450.,3.7018750000
25451.,3.704375
25452.,3.705
25453.,3.6975000000
25454.,3.685
25455.,3.6796875
25456.,3.7075
25457.,3.7125
25458.,3.7106250000
25459.,3.6865625
25460.,3.6818750000
25461.,3.7171875
25462.,3.6771875
25463.,3.688125
25464.,3.6828125000
25465.,3.6825
25466.,3.6759375
25467.,3.6675
25468.,3.6628125000
25469.,3.6796875
25470.,3.6671875000
25471.,3.703125
25472.,3.6765625
25473.,3.64875
25474.,3.676875
25475.,3.6615625
25476.,3.6565625
25477.,3.6696875
25478.,3.6878125
25479.,3.6740625000
25480.,3.6771875
25481.,3.67125
25482.,3.6778125
25483.,3.6984375000
25484.,3.6625
25485.,3.63
25486.,3.6640625
25487.,3.6890625
25488.,3.684375
25489.,3.6840625
25490.,3.675625
25491.,3.696875
25492.,3.683125
25493.,3.6596875
25494.,3.691875
25495.,3.6750000000
25496.,3.71375
25497.,3.655625
25498.,3.6815625
25499.,3.6665625
25500.,3.665
25501.,3.6525
25502.,3.6665625
25503.,3.6509375
25504.,3.6740625000
25505.,3.6690625
25506.,3.678125
25507.,3.6740625000
25508.,3.683125
25509.,3.6790625
25510.,3.664375
25511.,3.6803125
25512.,3.6796875
25513.,3.6753125
25514.,3.6553125
25515.,3.6637500000
25516.,3.6684375
25517.,3.6903125
25518.,3.6609375
25519.,3.6662500000
25520.,3.6690625
25521.,3.6803125
25522.,3.6584375000
25523.,3.643125
25524.,3.6546875
25525.,3.6615625
25526.,3.6346875
25527.,3.6496875
25528.,3.6371875
25529.,3.67125
25530.,3.6534375
25531.,3.65125
25532.,3.61875
25533.,3.664375
25534.,3.6565625
25535.,3.660625
25536.,3.6609375
25537.,3.65625
25538.,3.6584375000
25539.,3.65625
25540.,3.6690625
25541.,3.6550000000
25542.,3.6818750000
25543.,3.6584375000
25544.,3.6578125
25545.,3.6750000000
25546.,3.6903125
25547.,3.6653125
25548.,3.6759375
25549.,3.6896875000
25550.,3.7059375
25551.,3.661875
25552.,3.6609375
25553.,3.6871875000
25554.,3.691875
25555.,3.6846875
25556.,3.685625
25557.,3.65625
25558.,3.70375
25559.,3.6875
25560.,3.6721875
25561.,3.700625
25562.,3.7062500000
25563.,3.685625
25564.,3.6950000000
25565.,3.691875
25566.,3.684375
25567.,3.7209375000
25568.,3.69
25569.,3.676875
25570.,3.688125
25571.,3.6925
25572.,3.683125
25573.,3.6818750000
25574.,3.6965625
25575.,3.698125
25576.,3.7021875
25577.,3.6684375
25578.,3.6759375
25579.,3.7228125
25580.,3.685
25581.,3.6765625
25582.,3.699375
25583.,3.6828125000
25584.,3.6959375
25585.,3.6890625
25586.,3.678125
25587.,3.67625
25588.,3.69625
25589.,3.685
25590.,3.68
25591.,3.6778125
25592.,3.6818750000
25593.,3.7096875000
25594.,3.6875
25595.,3.700625
25596.,3.7109375
25597.,3.6853125
25598.,3.6834375
25599.,3.6990625
25600.,3.7078125
25601.,3.6771875
25602.,3.7028125000
25603.,3.68375
25604.,3.7134375
25605.,3.7403125
25606.,3.694375
25607.,3.685
25608.,3.6753125
25609.,3.711875
25610.,3.6953125
25611.,3.6809375
25612.,3.6915625
25613.,3.7140625000
25614.,3.7015625
25615.,3.6921875
25616.,3.71125
25617.,3.7018750000
25618.,3.7246875
25619.,3.7287500000
25620.,3.7215625
25621.,3.7084375
25622.,3.7128125
25623.,3.686875
25624.,3.7203125
25625.,3.7353125
25626.,3.6921875
25627.,3.730625
25628.,3.7271875
25629.,3.6921875
25630.,3.6925
25631.,3.663125
25632.,3.696875
25633.,3.6746875
25634.,3.6921875
25635.,3.69
25636.,3.6890625
25637.,3.70125
25638.,3.7103125
25639.,3.7059375
25640.,3.7009375
25641.,3.6865625
25642.,3.6853125
25643.,3.69625
25644.,3.7209375000
25645.,3.695625
25646.,3.68875
25647.,3.696875
25648.,3.709375
25649.,3.7159375
25650.,3.696875
25651.,3.7196875
25652.,3.7040625
25653.,3.716875
25654.,3.7059375
25655.,3.716875
25656.,3.715
25657.,3.6996875
25658.,3.7215625
25659.,3.7109375
25660.,3.7078125
25661.,3.72
25662.,3.7262500000
25663.,3.7171875
25664.,3.6990625
25665.,3.698125
25666.,3.698125
25667.,3.7125
25668.,3.688125
25669.,3.7078125
25670.,3.68125
25671.,3.7025
25672.,3.71625
25673.,3.7425
25674.,3.711875
25675.,3.71375
25676.,3.6840625
25677.,3.7025
25678.,3.6890625
25679.,3.6934375
25680.,3.7209375000
25681.,3.71
25682.,3.7103125
25683.,3.6971875
25684.,3.6653125
25685.,3.6784375000
25686.,3.69
25687.,3.6959375
25688.,3.685625
25689.,3.7115625
25690.,3.6909375
25691.,3.6975000000
25692.,3.6925
25693.,3.69125
25694.,3.6825
25695.,3.6796875
25696.,3.6550000000
25697.,3.6834375
25698.,3.6653125
25699.,3.6906250000
25700.,3.671875
25701.,3.6725
25702.,3.6593750000
25703.,3.6975000000
25704.,3.6646875
25705.,3.6950000000
25706.,3.6871875000
25707.,3.7046875
25708.,3.699375
25709.,3.7015625
25710.,3.67125
25711.,3.6978125
25712.,3.694375
25713.,3.675625
25714.,3.7115625
25715.,3.71875
25716.,3.6853125
25717.,3.6821875
25718.,3.6859375
25719.,3.6853125
25720.,3.69
25721.,3.6862500000
25722.,3.685
25723.,3.6903125
25724.,3.7071875
25725.,3.7106250000
25726.,3.709375
25727.,3.7125
25728.,3.720625
25729.,3.70875
25730.,3.7253125000
25731.,3.69875
25732.,3.6846875
25733.,3.718125
25734.,3.6915625
25735.,3.7071875
25736.,3.709375
25737.,3.72125
25738.,3.7262500000
25739.,3.6796875
25740.,3.6846875
25741.,3.70125
25742.,3.6884375
25743.,3.6840625
25744.,3.666875
25745.,3.7090625
25746.,3.6784375000
25747.,3.7025
25748.,3.70125
25749.,3.6971875
25750.,3.6971875
25751.,3.685625
25752.,3.718125
25753.,3.7025
25754.,3.7078125
25755.,3.6946875
25756.,3.7003125
25757.,3.718125
25758.,3.68875
25759.,3.6784375000
25760.,3.686875
25761.,3.6690625
25762.,3.6875
25763.,3.7175000000
25764.,3.7003125
25765.,3.6884375
25766.,3.6834375
25767.,3.680625
25768.,3.6765625
25769.,3.669375
25770.,3.69
25771.,3.6953125
25772.,3.7
25773.,3.700625
25774.,3.6890625
25775.,3.70375
25776.,3.7203125
25777.,3.6875
25778.,3.720625
25779.,3.6990625
25780.,3.7028125000
25781.,3.68125
25782.,3.6665625
25783.,3.686875
25784.,3.73875
25785.,3.7015625
25786.,3.7078125
25787.,3.7296875000
25788.,3.7262500000
25789.,3.7178125
25790.,3.7078125
25791.,3.736875
25792.,3.7040625
25793.,3.7
25794.,3.7265625
25795.,3.7009375
25796.,3.7396875
25797.,3.7328125
25798.,3.684375
25799.,3.6946875
25800.,3.69875
25801.,3.699375
25802.,3.7228125
25803.,3.7218750000
25804.,3.695625
25805.,3.716875
25806.,3.69125
25807.,3.69125
25808.,3.730625
25809.,3.6871875000
25810.,3.6878125
25811.,3.68375
25812.,3.7059375
25813.,3.704375
25814.,3.6875
25815.,3.6734375
25816.,3.71375
25817.,3.678125
25818.,3.70875
25819.,3.6971875
25820.,3.6653125
25821.,3.693125
25822.,3.72375
25823.,3.698125
25824.,3.6984375000
25825.,3.7053125000
25826.,3.7059375
25827.,3.689375
25828.,3.7034375
25829.,3.684375
25830.,3.6940625000
25831.,3.6796875
25832.,3.7034375
25833.,3.73875
25834.,3.7159375
25835.,3.7190625
25836.,3.7340625000
25837.,3.7075
25838.,3.7034375
25839.,3.719375
25840.,3.719375
25841.,3.7275
25842.,3.7262500000
25843.,3.706875
25844.,3.705625
25845.,3.723125
25846.,3.7434375
25847.,3.7234375
25848.,3.7071875
25849.,3.7109375
25850.,3.7040625
25851.,3.73875
25852.,3.7478125
25853.,3.7565625000
25854.,3.7218750000
25855.,3.731875
25856.,3.7275
25857.,3.7396875
25858.,3.728125
25859.,3.73125
25860.,3.7296875000
25861.,3.7340625000
25862.,3.7328125
25863.,3.7275
25864.,3.7596875
25865.,3.7331250000
25866.,3.73875
25867.,3.74125
25868.,3.73125
25869.,3.72125
25870.,3.716875
25871.,3.7228125
25872.,3.720625
25873.,3.7425
25874.,3.705625
25875.,3.6971875
25876.,3.7203125
25877.,3.720625
25878.,3.70125
25879.,3.6975000000
25880.,3.6840625
25881.,3.72
25882.,3.6984375000
25883.,3.6971875
25884.,3.715
25885.,3.6909375
25886.,3.706875
25887.,3.676875
25888.,3.668125
25889.,3.661875
25890.,3.695625
25891.,3.67875
25892.,3.6906250000
25893.,3.6721875
25894.,3.67
25895.,3.6862500000
25896.,3.676875
25897.,3.67875
25898.,3.686875
25899.,3.70125
25900.,3.7028125000
25901.,3.7271875
25902.,3.709375
25903.,3.7009375
25904.,3.68125
25905.,3.6721875
25906.,3.708125
25907.,3.6971875
25908.,3.6771875
25909.,3.696875
25910.,3.7140625000
25911.,3.7190625
25912.,3.6875
25913.,3.6818750000
25914.,3.7009375
25915.,3.6921875
25916.,3.6925
25917.,3.6721875
25918.,3.7190625
25919.,3.7071875
25920.,3.7025
25921.,3.6815625
25922.,3.6990625
25923.,3.67125
25924.,3.7025
25925.,3.6815625
25926.,3.6840625
25927.,3.7178125
25928.,3.715625
25929.,3.6959375
25930.,3.7284375
25931.,3.7065625
25932.,3.6940625000
25933.,3.6915625
25934.,3.7046875
25935.,3.7103125
25936.,3.6840625
25937.,3.69125
25938.,3.6803125
25939.,3.7009375
25940.,3.7034375
25941.,3.71875
25942.,3.725625
25943.,3.7262500000
25944.,3.7228125
25945.,3.71
25946.,3.7240625
25947.,3.7103125
25948.,3.7259375
25949.,3.7325
25950.,3.7209375000
25951.,3.729375
25952.,3.7125
25953.,3.7046875
25954.,3.7
25955.,3.704375
25956.,3.7315625
25957.,3.7275
25958.,3.715625
25959.,3.7225
25960.,3.715625
25961.,3.73375
25962.,3.72
25963.,3.7371875
25964.,3.7521875000
25965.,3.74125
25966.,3.738125
25967.,3.7240625
25968.,3.7075
25969.,3.7396875
25970.,3.7315625
25971.,3.7131250000
25972.,3.7218750000
25973.,3.7309375
25974.,3.7165625
25975.,3.708125
25976.,3.689375
25977.,3.749375
25978.,3.7471875
25979.,3.724375
25980.,3.71375
25981.,3.699375
25982.,3.7278125
25983.,3.7106250000
25984.,3.6959375
25985.,3.72
25986.,3.7178125
25987.,3.7403125
25988.,3.71125
25989.,3.6875
25990.,3.72125
25991.,3.7153125
25992.,3.684375
25993.,3.69875
25994.,3.7203125
25995.,3.724375
25996.,3.6925
25997.,3.7290625
25998.,3.7115625
25999.,3.723125
26000.,3.7190625
26001.,3.6978125
26002.,3.693125
26003.,3.73
26004.,3.7134375
26005.,3.716875
26006.,3.7325
26007.,3.731875
26008.,3.7109375
26009.,3.7240625
26010.,3.705
26011.,3.7371875
26012.,3.7153125
26013.,3.7125
26014.,3.716875
26015.,3.7415625
26016.,3.7275
26017.,3.7106250000
26018.,3.7018750000
26019.,3.699375
26020.,3.7240625
26021.,3.7062500000
26022.,3.7146875
26023.,3.719375
26024.,3.7315625
26025.,3.7125
26026.,3.6825
26027.,3.7278125
26028.,3.7115625
26029.,3.738125
26030.,3.735625
26031.,3.704375
26032.,3.7371875
26033.,3.7125
26034.,3.704375
26035.,3.6946875
26036.,3.7331250000
26037.,3.7090625
26038.,3.71125
26039.,3.7228125
26040.,3.7590625
26041.,3.7228125
26042.,3.726875
26043.,3.7106250000
26044.,3.7265625
26045.,3.693125
26046.,3.694375
26047.,3.704375
26048.,3.69375
26049.,3.7071875
26050.,3.6928125
26051.,3.6703125
26052.,3.6834375
26053.,3.6871875000
26054.,3.7090625
26055.,3.688125
26056.,3.69375
26057.,3.7215625
26058.,3.71375
26059.,3.695625
26060.,3.7028125000
26061.,3.70375
26062.,3.6809375
26063.,3.6890625
26064.,3.6784375000
26065.,3.715
26066.,3.698125
26067.,3.6784375000
26068.,3.7015625
26069.,3.7271875
26070.,3.7262500000
26071.,3.7203125
26072.,3.7378125
26073.,3.7175000000
26074.,3.714375
26075.,3.703125
26076.,3.73375
26077.,3.7425
26078.,3.7225
26079.,3.7084375
26080.,3.746875
26081.,3.7128125
26082.,3.7240625
26083.,3.74625
26084.,3.735
26085.,3.7640625
26086.,3.715625
26087.,3.7409375000
26088.,3.7615625
26089.,3.751875
26090.,3.7278125
26091.,3.71125
26092.,3.7443750000
26093.,3.73625
26094.,3.7321875
26095.,3.725625
26096.,3.7021875
26097.,3.74
26098.,3.7434375
26099.,3.7375000000
26100.,3.725
26101.,3.7146875
26102.,3.7003125
26103.,3.7096875000
26104.,3.7106250000
26105.,3.7225
26106.,3.7290625
26107.,3.7396875
26108.,3.7340625000
26109.,3.69375
26110.,3.71625
26111.,3.74625
26112.,3.7265625
26113.,3.7071875
26114.,3.746875
26115.,3.7184375000
26116.,3.7440625
26117.,3.726875
26118.,3.7390625
26119.,3.7190625
26120.,3.7321875
26121.,3.718125
26122.,3.7418750000
26123.,3.7059375
26124.,3.75
26125.,3.7303125
26126.,3.6996875
26127.,3.6871875000
26128.,3.725
26129.,3.7334375
26130.,3.699375
26131.,3.716875
26132.,3.7309375
26133.,3.7390625
26134.,3.7225
26135.,3.7034375
26136.,3.715625
26137.,3.765625
26138.,3.720625
26139.,3.7265625
26140.,3.745
26141.,3.729375
26142.,3.7265625
26143.,3.728125
26144.,3.7315625
26145.,3.7525
26146.,3.7196875
26147.,3.770625
26148.,3.7218750000
26149.,3.7696875
26150.,3.7334375
26151.,3.7228125
26152.,3.73625
26153.,3.7290625
26154.,3.7521875000
26155.,3.728125
26156.,3.7178125
26157.,3.735
26158.,3.7428125
26159.,3.716875
26160.,3.7325
26161.,3.7478125
26162.,3.749375
26163.,3.73875
26164.,3.7303125
26165.,3.726875
26166.,3.7146875
26167.,3.735625
26168.,3.7103125
26169.,3.7234375
26170.,3.74375
26171.,3.70375
26172.,3.7184375000
26173.,3.714375
26174.,3.7346875
26175.,3.7359375
26176.,3.7025
26177.,3.74125
26178.,3.7415625
26179.,3.7396875
26180.,3.72375
26181.,3.7334375
26182.,3.7446875
26183.,3.7415625
26184.,3.7384375
26185.,3.7303125
26186.,3.740625
26187.,3.7421875
26188.,3.7653125000
26189.,3.7371875
26190.,3.7353125
26191.,3.7246875
26192.,3.716875
26193.,3.71125
26194.,3.7015625
26195.,3.6865625
26196.,3.711875
26197.,3.7484375
26198.,3.714375
26199.,3.7331250000
26200.,3.7225
26201.,3.7384375
26202.,3.7262500000
26203.,3.7246875
26204.,3.716875
26205.,3.7359375
26206.,3.7209375000
26207.,3.7221875
26208.,3.7262500000
26209.,3.7171875
26210.,3.755625
26211.,3.7134375
26212.,3.714375
26213.,3.72375
26214.,3.725625
26215.,3.71375
26216.,3.7225
26217.,3.73125
26218.,3.7078125
26219.,3.7218750000
26220.,3.7378125
26221.,3.7203125
26222.,3.724375
26223.,3.71875
26224.,3.7034375
26225.,3.723125
26226.,3.7053125000
26227.,3.7090625
26228.,3.7025
26229.,3.719375
26230.,3.716875
26231.,3.7175000000
26232.,3.725625
26233.,3.6925
26234.,3.7109375
26235.,3.71
26236.,3.71
26237.,3.6959375
26238.,3.6840625
26239.,3.67875
26240.,3.680625
26241.,3.7084375
26242.,3.7103125
26243.,3.72125
26244.,3.74
26245.,3.6875
26246.,3.711875
26247.,3.74
26248.,3.729375
26249.,3.7059375
26250.,3.750625
26251.,3.729375
26252.,3.72125
26253.,3.7259375
26254.,3.7259375
26255.,3.7262500000
26256.,3.7096875000
26257.,3.758125
26258.,3.7121875
26259.,3.7140625000
26260.,3.7625
26261.,3.779375
26262.,3.7375000000
26263.,3.7459375
26264.,3.7271875
26265.,3.71375
26266.,3.7328125
26267.,3.731875
26268.,3.745
26269.,3.7234375
26270.,3.71875
26271.,3.7421875
26272.,3.714375
26273.,3.7553125
26274.,3.768125
26275.,3.7309375
26276.,3.7240625
26277.,3.7253125000
26278.,3.72125
26279.,3.7259375
26280.,3.703125
26281.,3.7218750000
26282.,3.723125
26283.,3.6959375
26284.,3.7262500000
26285.,3.7365625000
26286.,3.694375
26287.,3.7090625
26288.,3.7115625
26289.,3.71125
26290.,3.709375
26291.,3.715625
26292.,3.6971875
26293.,3.68875
26294.,3.7125
26295.,3.74625
26296.,3.705625
26297.,3.7159375
26298.,3.6965625
26299.,3.726875
26300.,3.73625
26301.,3.719375
26302.,3.7131250000
26303.,3.7303125
26304.,3.7134375
26305.,3.67
26306.,3.7046875
26307.,3.7084375
26308.,3.71625
26309.,3.6875
26310.,3.7628125
26311.,3.736875
26312.,3.7084375
26313.,3.7103125
26314.,3.7325
26315.,3.72
26316.,3.719375
26317.,3.6818750000
26318.,3.7028125000
26319.,3.711875
26320.,3.7025
26321.,3.716875
26322.,3.70125
26323.,3.715625
26324.,3.6978125
26325.,3.7134375
26326.,3.7018750000
26327.,3.6846875
26328.,3.69625
26329.,3.6928125
26330.,3.665625
26331.,3.6990625
26332.,3.6840625
26333.,3.7090625
26334.,3.6815625
26335.,3.686875
26336.,3.683125
26337.,3.6753125
26338.,3.6553125
26339.,3.6818750000
26340.,3.711875
26341.,3.6862500000
26342.,3.69625
26343.,3.671875
26344.,3.7059375
26345.,3.7228125
26346.,3.6840625
26347.,3.720625
26348.,3.7171875
26349.,3.71625
26350.,3.715
26351.,3.69375
26352.,3.699375
26353.,3.73125
26354.,3.6840625
26355.,3.6834375
26356.,3.7065625
26357.,3.703125
26358.,3.7253125000
26359.,3.72375
26360.,3.696875
26361.,3.6775
26362.,3.7
26363.,3.704375
26364.,3.7021875
26365.,3.67375
26366.,3.704375
26367.,3.6803125
26368.,3.6884375
26369.,3.6865625
26370.,3.6928125
26371.,3.7146875
26372.,3.6996875
26373.,3.6971875
26374.,3.7128125
26375.,3.718125
26376.,3.7125
26377.,3.683125
26378.,3.699375
26379.,3.6959375
26380.,3.6909375
26381.,3.7059375
26382.,3.7040625
26383.,3.7096875000
26384.,3.684375
26385.,3.6728125
26386.,3.676875
26387.,3.7065625
26388.,3.7203125
26389.,3.676875
26390.,3.71375
26391.,3.71
26392.,3.7
26393.,3.686875
26394.,3.6815625
26395.,3.70125
26396.,3.7334375
26397.,3.7115625
26398.,3.675625
26399.,3.6909375
26400.,3.6915625
26401.,3.7225
26402.,3.698125
26403.,3.6778125
26404.,3.7090625
26405.,3.6984375000
26406.,3.696875
26407.,3.6775
26408.,3.6906250000
26409.,3.6884375
26410.,3.6753125
26411.,3.664375
26412.,3.645625
26413.,3.67
26414.,3.6890625
26415.,3.6506250000
26416.,3.6571875
26417.,3.6818750000
26418.,3.67375
26419.,3.6750000000
26420.,3.6746875
26421.,3.6615625
26422.,3.6875
26423.,3.67875
26424.,3.66875
26425.,3.6840625
26426.,3.68125
26427.,3.65625
26428.,3.6609375
26429.,3.669375
26430.,3.6871875000
26431.,3.7
26432.,3.6853125
26433.,3.6915625
26434.,3.6965625
26435.,3.7062500000
26436.,3.6634375
26437.,3.6625
26438.,3.6884375
26439.,3.6884375
26440.,3.6796875
26441.,3.6540625
26442.,3.6750000000
26443.,3.6637500000
26444.,3.689375
26445.,3.65375
26446.,3.69
26447.,3.6865625
26448.,3.69375
26449.,3.6921875
26450.,3.6818750000
26451.,3.685625
26452.,3.709375
26453.,3.700625
26454.,3.700625
26455.,3.6953125
26456.,3.695625
26457.,3.684375
26458.,3.686875
26459.,3.668125
26460.,3.700625
26461.,3.7018750000
26462.,3.6975000000
26463.,3.6834375
26464.,3.7059375
26465.,3.7
26466.,3.68875
26467.,3.660625
26468.,3.6653125
26469.,3.6859375
26470.,3.668125
26471.,3.6859375
26472.,3.6740625000
26473.,3.705
26474.,3.696875
26475.,3.684375
26476.,3.6965625
26477.,3.6940625000
26478.,3.683125
26479.,3.6906250000
26480.,3.7046875
26481.,3.688125
26482.,3.699375
26483.,3.686875
26484.,3.66875
26485.,3.70125
26486.,3.6950000000
26487.,3.699375
26488.,3.7040625
26489.,3.6940625000
26490.,3.7115625
26491.,3.71
26492.,3.7103125
26493.,3.6875
26494.,3.6859375
26495.,3.6721875
26496.,3.683125
26497.,3.704375
26498.,3.67
26499.,3.6846875
26500.,3.680625
26501.,3.685625
26502.,3.676875
26503.,3.695625
26504.,3.706875
26505.,3.6984375000
26506.,3.6903125
26507.,3.7090625
26508.,3.7040625
26509.,3.6853125
26510.,3.6828125000
26511.,3.669375
26512.,3.6753125
26513.,3.6559375000
26514.,3.6750000000
26515.,3.6628125000
26516.,3.6625
26517.,3.6750000000
26518.,3.6765625
26519.,3.6609375
26520.,3.69875
26521.,3.6884375
26522.,3.66125
26523.,3.6684375
26524.,3.68375
26525.,3.691875
26526.,3.705625
26527.,3.6728125
26528.,3.664375
26529.,3.6840625
26530.,3.6771875
26531.,3.6703125
26532.,3.64625
26533.,3.6396875
26534.,3.660625
26535.,3.666875
26536.,3.6696875
26537.,3.658125
26538.,3.661875
26539.,3.680625
26540.,3.6871875000
26541.,3.67875
26542.,3.71375
26543.,3.6834375
26544.,3.676875
26545.,3.676875
26546.,3.68
26547.,3.7228125
26548.,3.6903125
26549.,3.6728125
26550.,3.6734375
26551.,3.6853125
26552.,3.683125
26553.,3.674375
26554.,3.6840625
26555.,3.653125
26556.,3.69375
26557.,3.68125
26558.,3.68125
26559.,3.68
26560.,3.699375
26561.,3.6534375
26562.,3.6665625
26563.,3.6740625000
26564.,3.6796875
26565.,3.6821875
26566.,3.698125
26567.,3.6740625000
26568.,3.6925
26569.,3.6862500000
26570.,3.6821875
26571.,3.6759375
26572.,3.7040625
26573.,3.698125
26574.,3.674375
26575.,3.65
26576.,3.6946875
26577.,3.6671875000
26578.,3.6559375000
26579.,3.6725
26580.,3.6528125
26581.,3.6975000000
26582.,3.6871875000
26583.,3.653125
26584.,3.714375
26585.,3.7065625
26586.,3.6846875
26587.,3.666875
26588.,3.6765625
26589.,3.6793750000
26590.,3.680625
26591.,3.676875
26592.,3.6884375
26593.,3.6834375
26594.,3.6934375
26595.,3.6996875
26596.,3.7075
26597.,3.6906250000
26598.,3.745
26599.,3.7371875
26600.,3.7115625
26601.,3.714375
26602.,3.715625
26603.,3.7053125000
26604.,3.7153125
26605.,3.7428125
26606.,3.7325
26607.,3.715625
26608.,3.71875
26609.,3.7225
26610.,3.7575000000
26611.,3.743125
26612.,3.7165625
26613.,3.7228125
26614.,3.7178125
26615.,3.7159375
26616.,3.7134375
26617.,3.7059375
26618.,3.7440625
26619.,3.7115625
26620.,3.7396875
26621.,3.746875
26622.,3.7084375
26623.,3.7290625
26624.,3.715
26625.,3.7275
26626.,3.725625
26627.,3.731875
26628.,3.74125
26629.,3.699375
26630.,3.6925
26631.,3.7046875
26632.,3.694375
26633.,3.7284375
26634.,3.698125
26635.,3.7271875
26636.,3.7175000000
26637.,3.7309375
26638.,3.7334375
26639.,3.7196875
26640.,3.73
26641.,3.7246875
26642.,3.7434375
26643.,3.7296875000
26644.,3.7496875000
26645.,3.746875
26646.,3.7159375
26647.,3.7578125
26648.,3.7259375
26649.,3.7521875000
26650.,3.7253125000
26651.,3.7440625
26652.,3.7290625
26653.,3.7415625
26654.,3.7428125
26655.,3.7290625
26656.,3.7271875
26657.,3.739375
26658.,3.7453125000
26659.,3.743125
26660.,3.754375
26661.,3.7584375
26662.,3.7328125
26663.,3.709375
26664.,3.730625
26665.,3.7315625
26666.,3.75125
26667.,3.7390625
26668.,3.7615625
26669.,3.7443750000
26670.,3.7446875
26671.,3.7271875
26672.,3.7203125
26673.,3.736875
26674.,3.75625
26675.,3.7600000000
26676.,3.7484375
26677.,3.7659375
26678.,3.7684375
26679.,3.7603125
26680.,3.7215625
26681.,3.77
26682.,3.771875
26683.,3.730625
26684.,3.73125
26685.,3.735625
26686.,3.7465625
26687.,3.756875
26688.,3.728125
26689.,3.7215625
26690.,3.749375
26691.,3.7315625
26692.,3.73375
26693.,3.6834375
26694.,3.7190625
26695.,3.7062500000
26696.,3.716875
26697.,3.745625
26698.,3.7028125000
26699.,3.6871875000
26700.,3.74125
26701.,3.7131250000
26702.,3.734375
26703.,3.7190625
26704.,3.7271875
26705.,3.686875
26706.,3.7062500000
26707.,3.7171875
26708.,3.7109375
26709.,3.705
26710.,3.6975000000
26711.,3.7146875
26712.,3.71375
26713.,3.75125
26714.,3.7159375
26715.,3.71625
26716.,3.6975000000
26717.,3.7009375
26718.,3.6965625
26719.,3.6934375
26720.,3.6953125
26721.,3.699375
26722.,3.70375
26723.,3.725
26724.,3.7096875000
26725.,3.7059375
26726.,3.7146875
26727.,3.680625
26728.,3.6950000000
26729.,3.705
26730.,3.69875
26731.,3.740625
26732.,3.7028125000
26733.,3.7153125
26734.,3.706875
26735.,3.7121875
26736.,3.69875
26737.,3.7496875000
26738.,3.7334375
26739.,3.67
26740.,3.7078125
26741.,3.6971875
26742.,3.7065625
26743.,3.704375
26744.,3.7215625
26745.,3.72
26746.,3.7103125
26747.,3.7171875
26748.,3.7265625
26749.,3.725
26750.,3.734375
26751.,3.7675
26752.,3.7490625
26753.,3.695625
26754.,3.7165625
26755.,3.730625
26756.,3.7178125
26757.,3.695625
26758.,3.7071875
26759.,3.6871875000
26760.,3.7287500000
26761.,3.680625
26762.,3.69875
26763.,3.6925
26764.,3.7106250000
26765.,3.7131250000
26766.,3.7003125
26767.,3.72125
26768.,3.73
26769.,3.7259375
26770.,3.7059375
26771.,3.700625
26772.,3.7262500000
26773.,3.7546875
26774.,3.7146875
26775.,3.7096875000
26776.,3.71
26777.,3.7234375
26778.,3.723125
26779.,3.730625
26780.,3.7196875
26781.,3.7271875
26782.,3.73125
26783.,3.745
26784.,3.726875
26785.,3.7175000000
26786.,3.7184375000
26787.,3.723125
26788.,3.735
26789.,3.76625
26790.,3.754375
26791.,3.725
26792.,3.7040625
26793.,3.7034375
26794.,3.7071875
26795.,3.735
26796.,3.704375
26797.,3.6959375
26798.,3.7659375
26799.,3.7453125000
26800.,3.685
26801.,3.6896875000
26802.,3.709375
26803.,3.7175000000
26804.,3.700625
26805.,3.6653125
26806.,3.7009375
26807.,3.7090625
26808.,3.6959375
26809.,3.7015625
26810.,3.7046875
26811.,3.7028125000
26812.,3.689375
26813.,3.6803125
26814.,3.6878125
26815.,3.6971875
26816.,3.7106250000
26817.,3.7065625
26818.,3.7103125
26819.,3.7184375000
26820.,3.6946875
26821.,3.696875
26822.,3.7059375
26823.,3.7265625
26824.,3.7165625
26825.,3.73125
26826.,3.7215625
26827.,3.7259375
26828.,3.694375
26829.,3.705
26830.,3.709375
26831.,3.7221875
26832.,3.7315625
26833.,3.7018750000
26834.,3.7021875
26835.,3.689375
26836.,3.689375
26837.,3.7218750000
26838.,3.72375
26839.,3.724375
26840.,3.7443750000
26841.,3.70875
26842.,3.700625
26843.,3.72125
26844.,3.7275
26845.,3.7328125
26846.,3.7021875
26847.,3.7490625
26848.,3.7265625
26849.,3.749375
26850.,3.740625
26851.,3.7418750000
26852.,3.756875
26853.,3.748125
26854.,3.745625
26855.,3.75375
26856.,3.7459375
26857.,3.7378125
26858.,3.725
26859.,3.735625
26860.,3.7334375
26861.,3.7284375
26862.,3.7153125
26863.,3.7271875
26864.,3.7215625
26865.,3.7034375
26866.,3.69375
26867.,3.7140625000
26868.,3.7475
26869.,3.7303125
26870.,3.7421875
26871.,3.7125
26872.,3.715
26873.,3.7190625
26874.,3.745
26875.,3.7131250000
26876.,3.6990625
26877.,3.69625
26878.,3.726875
26879.,3.7331250000
26880.,3.7271875
26881.,3.751875
26882.,3.7428125
26883.,3.7196875
26884.,3.7021875
26885.,3.715
26886.,3.72
26887.,3.7262500000
26888.,3.71375
26889.,3.7303125
26890.,3.7090625
26891.,3.7278125
26892.,3.725
26893.,3.72125
26894.,3.716875
26895.,3.7040625
26896.,3.7146875
26897.,3.6846875
26898.,3.7253125000
26899.,3.7246875
26900.,3.7059375
26901.,3.7165625
26902.,3.731875
26903.,3.7296875000
26904.,3.703125
26905.,3.6865625
26906.,3.7159375
26907.,3.70875
26908.,3.735
26909.,3.73
26910.,3.726875
26911.,3.7115625
26912.,3.7209375000
26913.,3.71625
26914.,3.7225
26915.,3.7275
26916.,3.724375
26917.,3.70125
26918.,3.7265625
26919.,3.7559375
26920.,3.7203125
26921.,3.725
26922.,3.7128125
26923.,3.731875
26924.,3.725625
26925.,3.6840625
26926.,3.7106250000
26927.,3.705
26928.,3.7121875
26929.,3.7078125
26930.,3.68375
26931.,3.7065625
26932.,3.6921875
26933.,3.704375
26934.,3.6859375
26935.,3.7090625
26936.,3.7131250000
26937.,3.7262500000
26938.,3.689375
26939.,3.689375
26940.,3.6990625
26941.,3.7184375000
26942.,3.7103125
26943.,3.719375
26944.,3.6853125
26945.,3.72
26946.,3.7018750000
26947.,3.7225
26948.,3.7165625
26949.,3.699375
26950.,3.709375
26951.,3.7175000000
26952.,3.70875
26953.,3.7196875
26954.,3.7290625
26955.,3.74125
26956.,3.708125
26957.,3.7428125
26958.,3.7331250000
26959.,3.7225
26960.,3.7128125
26961.,3.7334375
26962.,3.7140625000
26963.,3.71125
26964.,3.7484375
26965.,3.73125
26966.,3.7353125
26967.,3.7346875
26968.,3.7234375
26969.,3.7053125000
26970.,3.74125
26971.,3.7565625000
26972.,3.7103125
26973.,3.7509375
26974.,3.711875
26975.,3.7128125
26976.,3.7075
26977.,3.7434375
26978.,3.7325
26979.,3.71625
26980.,3.7209375000
26981.,3.73375
26982.,3.72125
26983.,3.7315625
26984.,3.7325
26985.,3.7403125
26986.,3.7315625
26987.,3.719375
26988.,3.719375
26989.,3.7315625
26990.,3.7121875
26991.,3.7103125
26992.,3.729375
26993.,3.71625
26994.,3.705
26995.,3.728125
26996.,3.7340625000
26997.,3.7465625
26998.,3.7375000000
26999.,3.7159375
27000.,3.7528125
27001.,3.7378125
27002.,3.761875
27003.,3.7440625
27004.,3.7334375
27005.,3.738125
27006.,3.7384375
27007.,3.7371875
27008.,3.7215625
27009.,3.74
27010.,3.728125
27011.,3.7325
27012.,3.7353125
27013.,3.709375
27014.,3.75875
27015.,3.7459375
27016.,3.776875
27017.,3.74625
27018.,3.7634375
27019.,3.74125
27020.,3.72125
27021.,3.738125
27022.,3.7600000000
27023.,3.750625
27024.,3.7346875
27025.,3.7771875
27026.,3.725625
27027.,3.745625
27028.,3.7440625
27029.,3.73375
27030.,3.7478125
27031.,3.759375
27032.,3.750625
27033.,3.746875
27034.,3.7384375
27035.,3.749375
27036.,3.75625
27037.,3.7509375
27038.,3.749375
27039.,3.780625
27040.,3.778125
27041.,3.7284375
27042.,3.745625
27043.,3.749375
27044.,3.750625
27045.,3.7418750000
27046.,3.7728125
27047.,3.7262500000
27048.,3.7453125000
27049.,3.7628125
27050.,3.7371875
27051.,3.7443750000
27052.,3.7515625
27053.,3.746875
27054.,3.7378125
27055.,3.7421875
27056.,3.7709375
27057.,3.7525
27058.,3.7475
27059.,3.7321875
27060.,3.7440625
27061.,3.7128125
27062.,3.73125
27063.,3.7359375
27064.,3.7478125
27065.,3.7471875
27066.,3.7328125
27067.,3.7287500000
27068.,3.7340625000
27069.,3.743125
27070.,3.7171875
27071.,3.735
27072.,3.7175000000
27073.,3.719375
27074.,3.7359375
27075.,3.7328125
27076.,3.74375
27077.,3.756875
27078.,3.7396875
27079.,3.7371875
27080.,3.77125
27081.,3.7328125
27082.,3.7296875000
27083.,3.735625
27084.,3.7331250000
27085.,3.754375
27086.,3.7528125
27087.,3.7303125
27088.,3.7678125000
27089.,3.7271875
27090.,3.7443750000
27091.,3.7375000000
27092.,3.711875
27093.,3.7106250000
27094.,3.7121875
27095.,3.709375
27096.,3.7234375
27097.,3.7228125
27098.,3.731875
27099.,3.7215625
27100.,3.6971875
27101.,3.7153125
27102.,3.7290625
27103.,3.704375
27104.,3.7015625
27105.,3.7275
27106.,3.71125
27107.,3.714375
27108.,3.71125
27109.,3.7296875000
27110.,3.73125
27111.,3.746875
27112.,3.729375
27113.,3.691875
27114.,3.7190625
27115.,3.7178125
27116.,3.705
27117.,3.6875
27118.,3.686875
27119.,3.699375
27120.,3.735625
27121.,3.7146875
27122.,3.7046875
27123.,3.74
27124.,3.72
27125.,3.703125
27126.,3.703125
27127.,3.7218750000
27128.,3.7165625
27129.,3.7053125000
27130.,3.73
27131.,3.6975000000
27132.,3.7106250000
27133.,3.7109375
27134.,3.6975000000
27135.,3.7153125
27136.,3.7062500000
27137.,3.7115625
27138.,3.746875
27139.,3.738125
27140.,3.734375
27141.,3.7075
27142.,3.7140625000
27143.,3.7284375
27144.,3.6971875
27145.,3.7287500000
27146.,3.7421875
27147.,3.6953125
27148.,3.7371875
27149.,3.715
27150.,3.7290625
27151.,3.7159375
27152.,3.7253125000
27153.,3.718125
27154.,3.7190625
27155.,3.7125
27156.,3.7575000000
27157.,3.7240625
27158.,3.71625
27159.,3.71625
27160.,3.718125
27161.,3.718125
27162.,3.75125
27163.,3.7159375
27164.,3.716875
27165.,3.7096875000
27166.,3.73125
27167.,3.715
27168.,3.743125
27169.,3.7225
27170.,3.7218750000
27171.,3.726875
27172.,3.7403125
27173.,3.705
27174.,3.7415625
27175.,3.7684375
27176.,3.745
27177.,3.71625
27178.,3.73625
27179.,3.739375
27180.,3.7325
27181.,3.72125
27182.,3.739375
27183.,3.7443750000
27184.,3.7415625
27185.,3.7218750000
27186.,3.7190625
27187.,3.755
27188.,3.7371875
27189.,3.731875
27190.,3.7643750000
27191.,3.7353125
27192.,3.754375
27193.,3.726875
27194.,3.72375
27195.,3.73
27196.,3.7521875000
27197.,3.73125
27198.,3.748125
27199.,3.71
27200.,3.72375
27201.,3.7721875000
27202.,3.7262500000
27203.,3.7275
27204.,3.7428125
27205.,3.73875
27206.,3.73
27207.,3.718125
27208.,3.709375
27209.,3.7328125
27210.,3.735
27211.,3.7625
27212.,3.7218750000
27213.,3.7278125
27214.,3.7203125
27215.,3.718125
27216.,3.7225
27217.,3.724375
27218.,3.74
27219.,3.7146875
27220.,3.725
27221.,3.7221875
27222.,3.7559375
27223.,3.7290625
27224.,3.7384375
27225.,3.7059375
27226.,3.7287500000
27227.,3.7303125
27228.,3.715625
27229.,3.7178125
27230.,3.71875
27231.,3.74375
27232.,3.7225
27233.,3.7131250000
27234.,3.7515625
27235.,3.7159375
27236.,3.715625
27237.,3.703125
27238.,3.7221875
27239.,3.7265625
27240.,3.725
27241.,3.7234375
27242.,3.6928125
27243.,3.714375
27244.,3.7121875
27245.,3.7209375000
27246.,3.726875
27247.,3.7084375
27248.,3.711875
27249.,3.6953125
27250.,3.69625
27251.,3.739375
27252.,3.688125
27253.,3.7265625
27254.,3.7259375
27255.,3.705
27256.,3.718125
27257.,3.7321875
27258.,3.718125
27259.,3.7328125
27260.,3.7434375
27261.,3.7440625
27262.,3.7528125
27263.,3.725625
27264.,3.7196875
27265.,3.699375
27266.,3.7090625
27267.,3.735625
27268.,3.7240625
27269.,3.720625
27270.,3.7331250000
27271.,3.7315625
27272.,3.7290625
27273.,3.71625
27274.,3.7203125
27275.,3.704375
27276.,3.7
27277.,3.668125
27278.,3.714375
27279.,3.6965625
27280.,3.6884375
27281.,3.7128125
27282.,3.70875
27283.,3.6946875
27284.,3.6915625
27285.,3.6950000000
27286.,3.711875
27287.,3.6909375
27288.,3.6950000000
27289.,3.661875
27290.,3.6821875
27291.,3.6734375
27292.,3.7084375
27293.,3.709375
27294.,3.69375
27295.,3.6828125000
27296.,3.6965625
27297.,3.6793750000
27298.,3.71125
27299.,3.7234375
27300.,3.7334375
27301.,3.719375
27302.,3.7278125
27303.,3.7015625
27304.,3.748125
27305.,3.72
27306.,3.7106250000
27307.,3.7278125
27308.,3.72125
27309.,3.748125
27310.,3.7190625
27311.,3.7303125
27312.,3.7259375
27313.,3.7484375
27314.,3.7287500000
27315.,3.6921875
27316.,3.7240625
27317.,3.68
27318.,3.7384375
27319.,3.7225
27320.,3.7259375
27321.,3.718125
27322.,3.6975000000
27323.,3.7390625
27324.,3.7378125
27325.,3.708125
27326.,3.7375000000
27327.,3.731875
27328.,3.73875
27329.,3.725
27330.,3.740625
27331.,3.7262500000
27332.,3.740625
27333.,3.75875
27334.,3.716875
27335.,3.71375
27336.,3.678125
27337.,3.7134375
27338.,3.7303125
27339.,3.718125
27340.,3.714375
27341.,3.7471875
27342.,3.7334375
27343.,3.735625
27344.,3.715
27345.,3.698125
27346.,3.7359375
27347.,3.7287500000
27348.,3.7434375
27349.,3.7115625
27350.,3.704375
27351.,3.749375
27352.,3.7103125
27353.,3.71
27354.,3.69375
27355.,3.7284375
27356.,3.73125
27357.,3.7340625000
27358.,3.7275
27359.,3.7203125
27360.,3.7262500000
27361.,3.7528125
27362.,3.705625
27363.,3.7046875
27364.,3.7721875000
27365.,3.720625
27366.,3.7453125000
27367.,3.72125
27368.,3.745
27369.,3.740625
27370.,3.7503125
27371.,3.726875
27372.,3.740625
27373.,3.7315625
27374.,3.7375000000
27375.,3.7487500000
27376.,3.7346875
27377.,3.7515625
27378.,3.7325
27379.,3.746875
27380.,3.7575000000
27381.,3.7621875
27382.,3.7140625000
27383.,3.7275
27384.,3.7178125
27385.,3.72375
27386.,3.704375
27387.,3.7253125000
27388.,3.7218750000
27389.,3.7078125
27390.,3.7271875
27391.,3.6915625
27392.,3.71375
27393.,3.7196875
27394.,3.719375
27395.,3.7125
27396.,3.705625
27397.,3.6953125
27398.,3.70875
27399.,3.7440625
27400.,3.7153125
27401.,3.714375
27402.,3.7390625
27403.,3.7390625
27404.,3.6984375000
27405.,3.7371875
27406.,3.7334375
27407.,3.755
27408.,3.7265625
27409.,3.7340625000
27410.,3.75875
27411.,3.7278125
27412.,3.7184375000
27413.,3.7128125
27414.,3.6990625
27415.,3.726875
27416.,3.7103125
27417.,3.71375
27418.,3.7234375
27419.,3.71
27420.,3.7234375
27421.,3.695625
27422.,3.7196875
27423.,3.7003125
27424.,3.7184375000
27425.,3.69875
27426.,3.711875
27427.,3.6975000000
27428.,3.7134375
27429.,3.6609375
27430.,3.6696875
27431.,3.6996875
27432.,3.7203125
27433.,3.705625
27434.,3.6934375
27435.,3.71125
27436.,3.71125
27437.,3.6906250000
27438.,3.694375
27439.,3.6925
27440.,3.71125
27441.,3.72375
27442.,3.7115625
27443.,3.6946875
27444.,3.740625
27445.,3.718125
27446.,3.7196875
27447.,3.7103125
27448.,3.7265625
27449.,3.7262500000
27450.,3.7021875
27451.,3.705
27452.,3.67625
27453.,3.6971875
27454.,3.669375
27455.,3.65125
27456.,3.6750000000
27457.,3.68
27458.,3.7071875
27459.,3.6928125
27460.,3.7159375
27461.,3.71625
27462.,3.688125
27463.,3.6862500000
27464.,3.70875
27465.,3.71
27466.,3.708125
27467.,3.7140625000
27468.,3.711875
27469.,3.7128125
27470.,3.720625
27471.,3.6809375
27472.,3.7115625
27473.,3.6706250000
27474.,3.7215625
27475.,3.7209375000
27476.,3.7484375
27477.,3.731875
27478.,3.7053125000
27479.,3.7225
27480.,3.725
27481.,3.7225
27482.,3.7128125
27483.,3.7184375000
27484.,3.675625
27485.,3.71625
27486.,3.7106250000
27487.,3.7103125
27488.,3.691875
27489.,3.7303125
27490.,3.7234375
27491.,3.7465625
27492.,3.7046875
27493.,3.7109375
27494.,3.716875
27495.,3.7062500000
27496.,3.729375
27497.,3.7046875
27498.,3.7271875
27499.,3.7296875000
27500.,3.7131250000
27501.,3.6890625
27502.,3.70125
27503.,3.7106250000
27504.,3.7321875
27505.,3.69875
27506.,3.7296875000
27507.,3.7340625000
27508.,3.73875
27509.,3.723125
27510.,3.7153125
27511.,3.7328125
27512.,3.73875
27513.,3.7353125
27514.,3.7503125
27515.,3.7271875
27516.,3.7309375
27517.,3.7071875
27518.,3.71875
27519.,3.69625
27520.,3.7471875
27521.,3.729375
27522.,3.731875
27523.,3.7140625000
27524.,3.7253125000
27525.,3.7190625
27526.,3.723125
27527.,3.7234375
27528.,3.73
27529.,3.73375
27530.,3.70875
27531.,3.708125
27532.,3.705625
27533.,3.69
27534.,3.7225
27535.,3.7146875
27536.,3.7046875
27537.,3.7075
27538.,3.7065625
27539.,3.7196875
27540.,3.7443750000
27541.,3.725
27542.,3.745625
27543.,3.7459375
27544.,3.7340625000
27545.,3.7315625
27546.,3.7646875
27547.,3.7415625
27548.,3.750625
27549.,3.7371875
27550.,3.730625
27551.,3.715625
27552.,3.7284375
27553.,3.7418750000
27554.,3.70875
27555.,3.7521875000
27556.,3.715625
27557.,3.7418750000
27558.,3.7253125000
27559.,3.696875
27560.,3.736875
27561.,3.7140625000
27562.,3.7665625
27563.,3.7596875
27564.,3.7359375
27565.,3.745
27566.,3.7603125
27567.,3.75
27568.,3.7346875
27569.,3.7053125000
27570.,3.748125
27571.,3.7521875000
27572.,3.761875
27573.,3.74625
27574.,3.736875
27575.,3.7453125000
27576.,3.7503125
27577.,3.769375
27578.,3.745
27579.,3.716875
27580.,3.7490625
27581.,3.72
27582.,3.7218750000
27583.,3.7515625
27584.,3.729375
27585.,3.7434375
27586.,3.7334375
27587.,3.7453125000
27588.,3.7487500000
27589.,3.7253125000
27590.,3.71375
27591.,3.7443750000
27592.,3.7409375000
27593.,3.7359375
27594.,3.7028125000
27595.,3.7440625
27596.,3.7290625
27597.,3.738125
27598.,3.729375
27599.,3.724375
27600.,3.7375000000
27601.,3.736875
27602.,3.7525
27603.,3.7225
27604.,3.7140625000
27605.,3.7325
27606.,3.734375
27607.,3.71125
27608.,3.716875
27609.,3.7471875
27610.,3.7421875
27611.,3.7409375000
27612.,3.7275
27613.,3.736875
27614.,3.725
27615.,3.7415625
27616.,3.7303125
27617.,3.76375
27618.,3.7503125
27619.,3.7503125
27620.,3.7278125
27621.,3.723125
27622.,3.754375
27623.,3.7218750000
27624.,3.7109375
27625.,3.7190625
27626.,3.7578125
27627.,3.7146875
27628.,3.7096875000
27629.,3.6996875
27630.,3.6878125
27631.,3.7125
27632.,3.71875
27633.,3.7009375
27634.,3.7131250000
27635.,3.6971875
27636.,3.7278125
27637.,3.686875
27638.,3.7028125000
27639.,3.728125
27640.,3.6990625
27641.,3.7215625
27642.,3.7131250000
27643.,3.7106250000
27644.,3.6965625
27645.,3.6909375
27646.,3.685
27647.,3.7259375
27648.,3.7159375
27649.,3.7184375000
27650.,3.720625
27651.,3.706875
27652.,3.7600000000
27653.,3.715625
27654.,3.7353125
27655.,3.7334375
27656.,3.7346875
27657.,3.7490625
27658.,3.718125
27659.,3.7225
27660.,3.74125
27661.,3.7443750000
27662.,3.715625
27663.,3.73625
27664.,3.7331250000
27665.,3.7262500000
27666.,3.7309375
27667.,3.6871875000
27668.,3.7131250000
27669.,3.7265625
27670.,3.715
27671.,3.7059375
27672.,3.7090625
27673.,3.7271875
27674.,3.708125
27675.,3.706875
27676.,3.7153125
27677.,3.7053125000
27678.,3.7596875
27679.,3.7134375
27680.,3.73875
27681.,3.7284375
27682.,3.7240625
27683.,3.7065625
27684.,3.706875
27685.,3.7331250000
27686.,3.7184375000
27687.,3.7278125
27688.,3.719375
27689.,3.7315625
27690.,3.7309375
27691.,3.7378125
27692.,3.7221875
27693.,3.7203125
27694.,3.72125
27695.,3.72125
27696.,3.7303125
27697.,3.7109375
27698.,3.725
27699.,3.7303125
27700.,3.7196875
27701.,3.6928125
27702.,3.71375
27703.,3.7246875
27704.,3.7390625
27705.,3.716875
27706.,3.7109375
27707.,3.7390625
27708.,3.728125
27709.,3.7296875000
27710.,3.7296875000
27711.,3.7140625000
27712.,3.71375
27713.,3.7062500000
27714.,3.7328125
27715.,3.7140625000
27716.,3.7309375
27717.,3.72
27718.,3.7278125
27719.,3.7296875000
27720.,3.736875
27721.,3.7140625000
27722.,3.726875
27723.,3.7321875
27724.,3.7325
27725.,3.734375
27726.,3.7009375
27727.,3.73
27728.,3.75125
27729.,3.758125
27730.,3.7396875
27731.,3.7334375
27732.,3.7521875000
27733.,3.749375
27734.,3.7265625
27735.,3.739375
27736.,3.7418750000
27737.,3.7790625
27738.,3.7325
27739.,3.759375
27740.,3.7487500000
27741.,3.746875
27742.,3.759375
27743.,3.731875
27744.,3.7153125
27745.,3.7509375
27746.,3.7321875
27747.,3.7309375
27748.,3.7409375000
27749.,3.74375
27750.,3.74
27751.,3.7309375
27752.,3.7240625
27753.,3.7459375
27754.,3.74625
27755.,3.7287500000
27756.,3.7478125
27757.,3.736875
27758.,3.72125
27759.,3.7253125000
27760.,3.724375
27761.,3.7225
27762.,3.7534375
27763.,3.725625
27764.,3.71625
27765.,3.7240625
27766.,3.7331250000
27767.,3.718125
27768.,3.74125
27769.,3.69875
27770.,3.7315625
27771.,3.74125
27772.,3.7265625
27773.,3.7309375
27774.,3.7096875000
27775.,3.7062500000
27776.,3.729375
27777.,3.7303125
27778.,3.7390625
27779.,3.7290625
27780.,3.7328125
27781.,3.7409375000
27782.,3.7425
27783.,3.708125
27784.,3.7515625
27785.,3.715
27786.,3.7234375
27787.,3.7434375
27788.,3.754375
27789.,3.7665625
27790.,3.735625
27791.,3.783125
27792.,3.735
27793.,3.7415625
27794.,3.75
27795.,3.715625
27796.,3.7084375
27797.,3.7353125
27798.,3.748125
27799.,3.7390625
27800.,3.7671875
27801.,3.7928125
27802.,3.7665625
27803.,3.761875
27804.,3.7418750000
27805.,3.7228125
27806.,3.7246875
27807.,3.7262500000
27808.,3.735625
27809.,3.70875
27810.,3.7115625
27811.,3.7234375
27812.,3.73
27813.,3.7409375000
27814.,3.7225
27815.,3.720625
27816.,3.74625
27817.,3.7390625
27818.,3.7471875
27819.,3.7425
27820.,3.6953125
27821.,3.7215625
27822.,3.715
27823.,3.7571875
27824.,3.7265625
27825.,3.7371875
27826.,3.71375
27827.,3.7584375
27828.,3.729375
27829.,3.71125
27830.,3.7525
27831.,3.75
27832.,3.7325
27833.,3.73625
27834.,3.716875
27835.,3.7443750000
27836.,3.7328125
27837.,3.7328125
27838.,3.7428125
27839.,3.749375
27840.,3.7625
27841.,3.76125
27842.,3.7515625
27843.,3.7440625
27844.,3.743125
27845.,3.72375
27846.,3.748125
27847.,3.745625
27848.,3.745
27849.,3.7303125
27850.,3.73
27851.,3.7103125
27852.,3.7415625
27853.,3.7284375
27854.,3.735625
27855.,3.73375
27856.,3.7443750000
27857.,3.748125
27858.,3.73875
27859.,3.7253125000
27860.,3.7225
27861.,3.731875
27862.,3.73375
27863.,3.739375
27864.,3.7287500000
27865.,3.743125
27866.,3.7418750000
27867.,3.7253125000
27868.,3.75625
27869.,3.7940625
27870.,3.7434375
27871.,3.7728125
27872.,3.7684375
27873.,3.7625
27874.,3.71625
27875.,3.7284375
27876.,3.7496875000
27877.,3.7546875
27878.,3.7390625
27879.,3.7103125
27880.,3.73625
27881.,3.7446875
27882.,3.75375
27883.,3.7353125
27884.,3.7378125
27885.,3.751875
27886.,3.7634375
27887.,3.73125
27888.,3.7425
27889.,3.7453125000
27890.,3.7709375
27891.,3.7375000000
27892.,3.7609375000
27893.,3.7321875
27894.,3.7759375
27895.,3.7578125
27896.,3.769375
27897.,3.7843750000
27898.,3.7721875000
27899.,3.799375
27900.,3.72125
27901.,3.745625
27902.,3.749375
27903.,3.759375
27904.,3.7218750000
27905.,3.730625
27906.,3.7584375
27907.,3.7756250000
27908.,3.766875
27909.,3.77125
27910.,3.758125
27911.,3.7634375
27912.,3.750625
27913.,3.728125
27914.,3.7575000000
27915.,3.7415625
27916.,3.7271875
27917.,3.7415625
27918.,3.7525
27919.,3.7687500000
27920.,3.7390625
27921.,3.7609375000
27922.,3.73875
27923.,3.739375
27924.,3.7571875
27925.,3.7259375
27926.,3.73375
27927.,3.746875
27928.,3.7375000000
27929.,3.7115625
27930.,3.6953125
27931.,3.7421875
27932.,3.7434375
27933.,3.7375000000
27934.,3.7121875
27935.,3.7415625
27936.,3.7175000000
27937.,3.7021875
27938.,3.7034375
27939.,3.736875
27940.,3.73875
27941.,3.75875
27942.,3.7359375
27943.,3.7284375
27944.,3.735625
27945.,3.724375
27946.,3.7309375
27947.,3.7571875
27948.,3.7353125
27949.,3.7259375
27950.,3.7490625
27951.,3.7153125
27952.,3.726875
27953.,3.740625
27954.,3.698125
27955.,3.7321875
27956.,3.7384375
27957.,3.7287500000
27958.,3.7275
27959.,3.73
27960.,3.7225
27961.,3.7434375
27962.,3.7321875
27963.,3.73125
27964.,3.7228125
27965.,3.7059375
27966.,3.730625
27967.,3.700625
27968.,3.7225
27969.,3.723125
27970.,3.715625
27971.,3.7365625000
27972.,3.715625
27973.,3.73875
27974.,3.7515625
27975.,3.73375
27976.,3.7353125
27977.,3.7284375
27978.,3.7278125
27979.,3.6765625
27980.,3.7025
27981.,3.6906250000
27982.,3.6984375000
27983.,3.7103125
27984.,3.7153125
27985.,3.736875
27986.,3.7253125000
27987.,3.729375
27988.,3.6909375
27989.,3.706875
27990.,3.6990625
27991.,3.7103125
27992.,3.6896875000
27993.,3.6803125
27994.,3.6765625
27995.,3.7271875
27996.,3.67375
27997.,3.704375
27998.,3.7078125
27999.,3.7196875
28000.,3.723125
28001.,3.6921875
28002.,3.7109375
28003.,3.7115625
28004.,3.698125
28005.,3.7209375000
28006.,3.7340625000
28007.,3.709375
28008.,3.71875
28009.,3.7246875
28010.,3.7062500000
28011.,3.6934375
28012.,3.7215625
28013.,3.7034375
28014.,3.7153125
28015.,3.6990625
28016.,3.71375
28017.,3.72
28018.,3.7109375
28019.,3.7240625
28020.,3.7225
28021.,3.72
28022.,3.7246875
28023.,3.7290625
28024.,3.7528125
28025.,3.719375
28026.,3.7331250000
28027.,3.7218750000
28028.,3.7284375
28029.,3.739375
28030.,3.7371875
28031.,3.71375
28032.,3.7262500000
28033.,3.72125
28034.,3.750625
28035.,3.7334375
28036.,3.74375
28037.,3.743125
28038.,3.7325
28039.,3.7262500000
28040.,3.7059375
28041.,3.719375
28042.,3.7375000000
28043.,3.7331250000
28044.,3.7418750000
28045.,3.7171875
28046.,3.7075
28047.,3.7653125000
28048.,3.7684375
28049.,3.719375
28050.,3.7375000000
28051.,3.7546875
28052.,3.7359375
28053.,3.6996875
28054.,3.7446875
28055.,3.74125
28056.,3.7109375
28057.,3.7175000000
28058.,3.7228125
28059.,3.740625
28060.,3.7565625000
28061.,3.7296875000
28062.,3.7471875
28063.,3.729375
28064.,3.731875
28065.,3.7315625
28066.,3.745625
28067.,3.7290625
28068.,3.7334375
28069.,3.7421875
28070.,3.7196875
28071.,3.761875
28072.,3.75625
28073.,3.7331250000
28074.,3.7600000000
28075.,3.7275
28076.,3.7503125
28077.,3.7675
28078.,3.755625
28079.,3.71875
28080.,3.7271875
28081.,3.739375
28082.,3.7525
28083.,3.738125
28084.,3.749375
28085.,3.7865625
28086.,3.771875
28087.,3.7378125
28088.,3.7503125
28089.,3.7346875
28090.,3.7509375
28091.,3.7253125000
28092.,3.7225
28093.,3.7396875
28094.,3.7396875
28095.,3.74375
28096.,3.7309375
28097.,3.765625
28098.,3.7346875
28099.,3.7225
28100.,3.735
28101.,3.7415625
28102.,3.7421875
28103.,3.7509375
28104.,3.74
28105.,3.7384375
28106.,3.7403125
28107.,3.73375
28108.,3.7365625000
28109.,3.7418750000
28110.,3.7325
28111.,3.738125
28112.,3.724375
28113.,3.726875
28114.,3.735625
28115.,3.7534375
28116.,3.7287500000
28117.,3.73
28118.,3.7521875000
28119.,3.7228125
28120.,3.7503125
28121.,3.755625
28122.,3.7487500000
28123.,3.7553125
28124.,3.7378125
28125.,3.750625
28126.,3.7490625
28127.,3.7165625
28128.,3.7340625000
28129.,3.755625
28130.,3.7334375
28131.,3.7600000000
28132.,3.7453125000
28133.,3.7321875
28134.,3.7215625
28135.,3.74375
28136.,3.7240625
28137.,3.715625
28138.,3.7146875
28139.,3.755
28140.,3.7596875
28141.,3.7125
28142.,3.704375
28143.,3.7265625
28144.,3.73125
28145.,3.7215625
28146.,3.7025
28147.,3.7271875
28148.,3.7378125
28149.,3.7196875
28150.,3.7565625000
28151.,3.719375
28152.,3.7434375
28153.,3.7565625000
28154.,3.7287500000
28155.,3.725
28156.,3.718125
28157.,3.7046875
28158.,3.729375
28159.,3.7234375
28160.,3.703125
28161.,3.7240625
28162.,3.7331250000
28163.,3.7090625
28164.,3.71625
28165.,3.7421875
28166.,3.74
28167.,3.725
28168.,3.7371875
28169.,3.7487500000
28170.,3.750625
28171.,3.7415625
28172.,3.7590625
28173.,3.7296875000
28174.,3.7325
28175.,3.7534375
28176.,3.726875
28177.,3.735625
28178.,3.7428125
28179.,3.7525
28180.,3.7459375
28181.,3.7340625000
28182.,3.7709375
28183.,3.75375
28184.,3.754375
28185.,3.749375
28186.,3.7671875
28187.,3.7756250000
28188.,3.778125
28189.,3.7534375
28190.,3.755
28191.,3.779375
28192.,3.7540625
28193.,3.7615625
28194.,3.73625
28195.,3.7715625
28196.,3.7778125
28197.,3.7684375
28198.,3.7653125000
28199.,3.798125
28200.,3.76125
28201.,3.788125
28202.,3.7584375
28203.,3.769375
28204.,3.7778125
28205.,3.763125
28206.,3.754375
28207.,3.7715625
28208.,3.7784375
28209.,3.7996875
28210.,3.7678125000
28211.,3.7765625000
28212.,3.790625
28213.,3.7665625
28214.,3.7559375
28215.,3.7534375
28216.,3.749375
28217.,3.794375
28218.,3.778125
28219.,3.7640625
28220.,3.74125
28221.,3.7603125
28222.,3.7803125
28223.,3.7828125
28224.,3.7803125
28225.,3.766875
28226.,3.7596875
28227.,3.77125
28228.,3.7478125
28229.,3.7721875000
28230.,3.7525
28231.,3.7621875
28232.,3.765625
28233.,3.765625
28234.,3.7740625
28235.,3.7721875000
28236.,3.7503125
28237.,3.7615625
28238.,3.7584375
28239.,3.77625
28240.,3.7628125
28241.,3.779375
28242.,3.7753125
28243.,3.7675
28244.,3.788125
28245.,3.7465625
28246.,3.77375
28247.,3.7746875
28248.,3.7775
28249.,3.76125
28250.,3.77375
28251.,3.76125
28252.,3.7643750000
28253.,3.77125
28254.,3.725625
28255.,3.7521875000
28256.,3.75625
28257.,3.790625
28258.,3.785
28259.,3.7765625000
28260.,3.7871875
28261.,3.7725
28262.,3.7584375
28263.,3.754375
28264.,3.74125
28265.,3.790625
28266.,3.7746875
28267.,3.75625
28268.,3.7684375
28269.,3.7684375
28270.,3.7546875
28271.,3.738125
28272.,3.7728125
28273.,3.7509375
28274.,3.783125
28275.,3.734375
28276.,3.74125
28277.,3.7665625
28278.,3.74375
28279.,3.7565625000
28280.,3.74625
28281.,3.7534375
28282.,3.7396875
28283.,3.75875
28284.,3.7465625
28285.,3.7565625000
28286.,3.7665625
28287.,3.7418750000
28288.,3.74375
28289.,3.738125
28290.,3.7578125
28291.,3.728125
28292.,3.758125
28293.,3.7443750000
28294.,3.76125
28295.,3.77
28296.,3.735625
28297.,3.7646875
28298.,3.7496875000
28299.,3.768125
28300.,3.759375
28301.,3.75375
28302.,3.746875
28303.,3.7475
28304.,3.7465625
28305.,3.724375
28306.,3.7515625
28307.,3.7628125
28308.,3.7553125
28309.,3.7546875
28310.,3.7540625
28311.,3.7815625
28312.,3.7896875
28313.,3.77125
28314.,3.7440625
28315.,3.74125
28316.,3.7600000000
28317.,3.740625
28318.,3.75625
28319.,3.769375
28320.,3.776875
28321.,3.7696875
28322.,3.734375
28323.,3.765
28324.,3.7515625
28325.,3.7331250000
28326.,3.7531250000
28327.,3.7575000000
28328.,3.7346875
28329.,3.7559375
28330.,3.7634375
28331.,3.7465625
28332.,3.750625
28333.,3.7640625
28334.,3.7643750000
28335.,3.7640625
28336.,3.750625
28337.,3.765
28338.,3.7471875
28339.,3.7575000000
28340.,3.745
28341.,3.7634375
28342.,3.7475
28343.,3.7484375
28344.,3.73875
28345.,3.7434375
28346.,3.7671875
28347.,3.7734375
28348.,3.7471875
28349.,3.7521875000
28350.,3.7600000000
28351.,3.791875
28352.,3.7478125
28353.,3.74625
28354.,3.7615625
28355.,3.796875
28356.,3.766875
28357.,3.748125
28358.,3.768125
28359.,3.7721875000
28360.,3.7725
28361.,3.7665625
28362.,3.7609375000
28363.,3.7546875
28364.,3.7528125
28365.,3.7828125
28366.,3.7265625
28367.,3.7603125
28368.,3.7578125
28369.,3.7225
28370.,3.7796875
28371.,3.75875
28372.,3.7728125
28373.,3.759375
28374.,3.7503125
28375.,3.7646875
28376.,3.769375
28377.,3.7646875
28378.,3.7553125
28379.,3.7678125000
28380.,3.766875
28381.,3.75875
28382.,3.745
28383.,3.74625
28384.,3.79625
28385.,3.760625
28386.,3.7359375
28387.,3.7815625
28388.,3.7956250000
28389.,3.7615625
28390.,3.7709375
28391.,3.7675
28392.,3.7728125
28393.,3.765
28394.,3.73375
28395.,3.735625
28396.,3.755625
28397.,3.7725
28398.,3.7443750000
28399.,3.73125
28400.,3.7815625
28401.,3.7703125
28402.,3.7453125000
28403.,3.7771875
28404.,3.751875
28405.,3.7728125
28406.,3.7365625000
28407.,3.7453125000
28408.,3.7531250000
28409.,3.75875
28410.,3.7484375
28411.,3.730625
28412.,3.7559375
28413.,3.768125
28414.,3.7834375000
28415.,3.7653125000
28416.,3.7800000000
28417.,3.7896875
28418.,3.776875
28419.,3.7696875
28420.,3.7565625000
28421.,3.7684375
28422.,3.7878125000
28423.,3.7731250000
28424.,3.7903125
28425.,3.7531250000
28426.,3.7746875
28427.,3.7843750000
28428.,3.7559375
28429.,3.7475
28430.,3.7490625
28431.,3.7665625
28432.,3.7418750000
28433.,3.7600000000
28434.,3.7465625
28435.,3.7365625000
28436.,3.7503125
28437.,3.74375
28438.,3.7825
28439.,3.749375
28440.,3.7621875
28441.,3.7575000000
28442.,3.7425
28443.,3.7490625
28444.,3.7421875
28445.,3.7478125
28446.,3.75875
28447.,3.7515625
28448.,3.74625
28449.,3.7421875
28450.,3.7221875
28451.,3.7271875
28452.,3.7425
28453.,3.7665625
28454.,3.75375
28455.,3.7346875
28456.,3.7325
28457.,3.7346875
28458.,3.745
28459.,3.720625
28460.,3.73625
28461.,3.7634375
28462.,3.7484375
28463.,3.756875
28464.,3.760625
28465.,3.7415625
28466.,3.7709375
28467.,3.798125
28468.,3.7684375
28469.,3.7615625
28470.,3.7340625000
28471.,3.7546875
28472.,3.7478125
28473.,3.7409375000
28474.,3.7690625
28475.,3.74625
28476.,3.7471875
28477.,3.745
28478.,3.7265625
28479.,3.758125
28480.,3.7203125
28481.,3.7321875
28482.,3.7503125
28483.,3.7253125000
28484.,3.719375
28485.,3.70375
28486.,3.7428125
28487.,3.7221875
28488.,3.74125
28489.,3.7765625000
28490.,3.7378125
28491.,3.7221875
28492.,3.7287500000
28493.,3.7296875000
28494.,3.7434375
28495.,3.7628125
28496.,3.7525
28497.,3.7503125
28498.,3.73
28499.,3.756875
28500.,3.7328125
28501.,3.755
28502.,3.748125
28503.,3.7396875
28504.,3.7403125
28505.,3.7415625
28506.,3.7590625
28507.,3.72125
28508.,3.7575000000
28509.,3.74625
28510.,3.7218750000
28511.,3.730625
28512.,3.7487500000
28513.,3.7578125
28514.,3.745625
28515.,3.7759375
28516.,3.7443750000
28517.,3.7575000000
28518.,3.7331250000
28519.,3.734375
28520.,3.73625
28521.,3.7515625
28522.,3.7584375
28523.,3.756875
28524.,3.7521875000
28525.,3.775
28526.,3.7325
28527.,3.7490625
28528.,3.76625
28529.,3.7671875
28530.,3.7600000000
28531.,3.758125
28532.,3.759375
28533.,3.7625
28534.,3.7915625
28535.,3.77375
28536.,3.770625
28537.,3.770625
28538.,3.758125
28539.,3.7828125
28540.,3.7715625
28541.,3.7765625000
28542.,3.7278125
28543.,3.7475
28544.,3.765625
28545.,3.7528125
28546.,3.7759375
28547.,3.756875
28548.,3.77
28549.,3.7946875
28550.,3.7721875000
28551.,3.7684375
28552.,3.76375
28553.,3.755625
28554.,3.7331250000
28555.,3.7565625000
28556.,3.745625
28557.,3.7531250000
28558.,3.719375
28559.,3.7340625000
28560.,3.7346875
28561.,3.7484375
28562.,3.743125
28563.,3.7378125
28564.,3.7615625
28565.,3.7478125
28566.,3.7628125
28567.,3.7421875
28568.,3.725
28569.,3.745
28570.,3.75
28571.,3.7540625
28572.,3.7275
28573.,3.7590625
28574.,3.71875
28575.,3.7365625000
28576.,3.736875
28577.,3.75
28578.,3.7375000000
28579.,3.7396875
28580.,3.7259375
28581.,3.726875
28582.,3.726875
28583.,3.770625
28584.,3.7384375
28585.,3.7340625000
28586.,3.7353125
28587.,3.7603125
28588.,3.7421875
28589.,3.7446875
28590.,3.7578125
28591.,3.7487500000
28592.,3.7443750000
28593.,3.755
28594.,3.7615625
28595.,3.7912500000
28596.,3.780625
28597.,3.7484375
28598.,3.7896875
28599.,3.7846875
28600.,3.75625
28601.,3.785
28602.,3.7515625
28603.,3.77875
28604.,3.7628125
28605.,3.799375
28606.,3.7809375000
28607.,3.76625
28608.,3.7621875
28609.,3.780625
28610.,3.7540625
28611.,3.769375
28612.,3.7528125
28613.,3.779375
28614.,3.778125
28615.,3.758125
28616.,3.7609375000
28617.,3.7590625
28618.,3.7334375
28619.,3.730625
28620.,3.7621875
28621.,3.7671875
28622.,3.7443750000
28623.,3.7584375
28624.,3.776875
28625.,3.7609375000
28626.,3.74125
28627.,3.7215625
28628.,3.746875
28629.,3.7475
28630.,3.7590625
28631.,3.7540625
28632.,3.7584375
28633.,3.7784375
28634.,3.78125
28635.,3.7590625
28636.,3.7446875
28637.,3.7878125000
28638.,3.7725
28639.,3.7821875
28640.,3.7643750000
28641.,3.7825
28642.,3.783125
28643.,3.7734375
28644.,3.7471875
28645.,3.7396875
28646.,3.7640625
28647.,3.7753125
28648.,3.7734375
28649.,3.766875
28650.,3.7553125
28651.,3.7765625000
28652.,3.7521875000
28653.,3.765625
28654.,3.754375
28655.,3.765
28656.,3.7609375000
28657.,3.7453125000
28658.,3.7384375
28659.,3.7271875
28660.,3.731875
28661.,3.7434375
28662.,3.7731250000
28663.,3.7334375
28664.,3.7559375
28665.,3.7446875
28666.,3.755
28667.,3.7471875
28668.,3.7390625
28669.,3.746875
28670.,3.7515625
28671.,3.7487500000
28672.,3.74
28673.,3.75125
28674.,3.73
28675.,3.7471875
28676.,3.7528125
28677.,3.7484375
28678.,3.7709375
28679.,3.738125
28680.,3.7646875
28681.,3.785625
28682.,3.7365625000
28683.,3.735
28684.,3.75625
28685.,3.7621875
28686.,3.7471875
28687.,3.761875
28688.,3.755
28689.,3.7331250000
28690.,3.7696875
28691.,3.7321875
28692.,3.7525
28693.,3.7715625
28694.,3.75375
28695.,3.7525
28696.,3.7687500000
28697.,3.755
28698.,3.7390625
28699.,3.756875
28700.,3.779375
28701.,3.7496875000
28702.,3.7415625
28703.,3.7728125
28704.,3.7471875
28705.,3.770625
28706.,3.768125
28707.,3.7734375
28708.,3.7825
28709.,3.7687500000
28710.,3.77875
28711.,3.7840625
28712.,3.7578125
28713.,3.778125
28714.,3.7756250000
28715.,3.7665625
28716.,3.785625
28717.,3.7843750000
28718.,3.7778125
28719.,3.7428125
28720.,3.763125
28721.,3.7621875
28722.,3.7690625
28723.,3.7687500000
28724.,3.76375
28725.,3.769375
28726.,3.7687500000
28727.,3.7578125
28728.,3.749375
28729.,3.761875
28730.,3.769375
28731.,3.799375
28732.,3.7553125
28733.,3.746875
28734.,3.738125
28735.,3.781875
28736.,3.755625
28737.,3.7525
28738.,3.739375
28739.,3.74375
28740.,3.75125
28741.,3.7575000000
28742.,3.705625
28743.,3.755625
28744.,3.7503125
28745.,3.745
28746.,3.7559375
28747.,3.7796875
28748.,3.73625
28749.,3.7296875000
28750.,3.74375
28751.,3.7275
28752.,3.734375
28753.,3.7434375
28754.,3.7278125
28755.,3.73
28756.,3.73625
28757.,3.7675
28758.,3.74
28759.,3.74625
28760.,3.725
28761.,3.7525
28762.,3.7696875
28763.,3.7634375
28764.,3.75125
28765.,3.7684375
28766.,3.7659375
28767.,3.74375
28768.,3.7090625
28769.,3.7621875
28770.,3.7384375
28771.,3.7709375
28772.,3.7634375
28773.,3.7496875000
28774.,3.769375
28775.,3.7565625000
28776.,3.7303125
28777.,3.736875
28778.,3.7600000000
28779.,3.75625
28780.,3.7478125
28781.,3.7525
28782.,3.7565625000
28783.,3.7525
28784.,3.7584375
28785.,3.7496875000
28786.,3.765625
28787.,3.7731250000
28788.,3.7509375
28789.,3.7659375
28790.,3.779375
28791.,3.76375
28792.,3.775
28793.,3.750625
28794.,3.7809375000
28795.,3.771875
28796.,3.7721875000
28797.,3.76125
28798.,3.7453125000
28799.,3.7534375
28800.,3.7828125
28801.,3.7956250000
28802.,3.780625
28803.,3.7756250000
28804.,3.75125
28805.,3.7421875
28806.,3.7625
28807.,3.7628125
28808.,3.80625
28809.,3.765625
28810.,3.7590625
28811.,3.788125
28812.,3.7828125
28813.,3.7909375
28814.,3.7756250000
28815.,3.7884375
28816.,3.7815625
28817.,3.7731250000
28818.,3.7443750000
28819.,3.7721875000
28820.,3.75375
28821.,3.756875
28822.,3.763125
28823.,3.77
28824.,3.7765625000
28825.,3.7771875
28826.,3.7640625
28827.,3.7509375
28828.,3.7575000000
28829.,3.76375
28830.,3.7628125
28831.,3.7671875
28832.,3.766875
28833.,3.74
28834.,3.745625
28835.,3.74375
28836.,3.73875
28837.,3.7331250000
28838.,3.781875
28839.,3.7475
28840.,3.708125
28841.,3.74625
28842.,3.7653125000
28843.,3.739375
28844.,3.7525
28845.,3.7600000000
28846.,3.7425
28847.,3.7584375
28848.,3.750625
28849.,3.731875
28850.,3.7484375
28851.,3.781875
28852.,3.766875
28853.,3.7684375
28854.,3.7525
28855.,3.7334375
28856.,3.7315625
28857.,3.735625
28858.,3.7409375000
28859.,3.75
28860.,3.7565625000
28861.,3.70875
28862.,3.736875
28863.,3.7375000000
28864.,3.766875
28865.,3.750625
28866.,3.719375
28867.,3.750625
28868.,3.7756250000
28869.,3.7240625
28870.,3.7496875000
28871.,3.7359375
28872.,3.7515625
28873.,3.74375
28874.,3.7265625
28875.,3.7196875
28876.,3.7540625
28877.,3.7275
28878.,3.7531250000
28879.,3.7218750000
28880.,3.7365625000
28881.,3.7515625
28882.,3.7328125
28883.,3.7134375
28884.,3.7271875
28885.,3.7553125
28886.,3.7528125
28887.,3.756875
28888.,3.73375
28889.,3.7471875
28890.,3.7709375
28891.,3.76125
28892.,3.7515625
28893.,3.7531250000
28894.,3.76375
28895.,3.7746875
28896.,3.7796875
28897.,3.7771875
28898.,3.7375000000
28899.,3.7528125
28900.,3.7443750000
28901.,3.77
28902.,3.7643750000
28903.,3.7496875000
28904.,3.7634375
28905.,3.7334375
28906.,3.7609375000
28907.,3.765
28908.,3.771875
28909.,3.760625
28910.,3.7643750000
28911.,3.774375
28912.,3.78375
28913.,3.7643750000
28914.,3.7553125
28915.,3.7771875
28916.,3.7815625
28917.,3.7525
28918.,3.771875
28919.,3.778125
28920.,3.785625
28921.,3.781875
28922.,3.7531250000
28923.,3.7821875
28924.,3.7646875
28925.,3.766875
28926.,3.7590625
28927.,3.750625
28928.,3.776875
28929.,3.7840625
28930.,3.7475
28931.,3.755625
28932.,3.7415625
28933.,3.7634375
28934.,3.743125
28935.,3.75875
28936.,3.78375
28937.,3.7534375
28938.,3.7584375
28939.,3.7421875
28940.,3.75875
28941.,3.74375
28942.,3.7421875
28943.,3.7475
28944.,3.769375
28945.,3.774375
28946.,3.7634375
28947.,3.7503125
28948.,3.7515625
28949.,3.77625
28950.,3.7896875
28951.,3.779375
28952.,3.7775
28953.,3.754375
28954.,3.76375
28955.,3.7740625
28956.,3.763125
28957.,3.77375
28958.,3.7790625
28959.,3.7721875000
28960.,3.7678125000
28961.,3.7721875000
28962.,3.739375
28963.,3.7709375
28964.,3.75125
28965.,3.7665625
28966.,3.765625
28967.,3.77
28968.,3.7571875
28969.,3.7328125
28970.,3.7709375
28971.,3.770625
28972.,3.7684375
28973.,3.7671875
28974.,3.7800000000
28975.,3.815
28976.,3.7903125
28977.,3.7865625
28978.,3.7609375000
28979.,3.7715625
28980.,3.7846875
28981.,3.768125
28982.,3.7600000000
28983.,3.78125
28984.,3.7753125
28985.,3.7625
28986.,3.7800000000
28987.,3.7984375
28988.,3.7809375000
28989.,3.7828125
28990.,3.775
28991.,3.768125
28992.,3.805
28993.,3.7653125000
28994.,3.7615625
28995.,3.8034375000
28996.,3.808125
28997.,3.7715625
28998.,3.76375
28999.,3.77
29000.,3.751875
29001.,3.760625
29002.,3.73125
29003.,3.7521875000
29004.,3.745625
29005.,3.7478125
29006.,3.7525
29007.,3.75875
29008.,3.7687500000
29009.,3.735625
29010.,3.72125
29011.,3.7459375
29012.,3.7553125
29013.,3.74
29014.,3.765
29015.,3.738125
29016.,3.7565625000
29017.,3.7778125
29018.,3.76625
29019.,3.7628125
29020.,3.7334375
29021.,3.7796875
29022.,3.7615625
29023.,3.74625
29024.,3.7553125
29025.,3.765625
29026.,3.74125
29027.,3.7496875000
29028.,3.7609375000
29029.,3.7600000000
29030.,3.7615625
29031.,3.7865625
29032.,3.7234375
29033.,3.7284375
29034.,3.7240625
29035.,3.7421875
29036.,3.7371875
29037.,3.735625
29038.,3.7225
29039.,3.7184375000
29040.,3.7315625
29041.,3.7434375
29042.,3.740625
29043.,3.756875
29044.,3.751875
29045.,3.7353125
29046.,3.7287500000
29047.,3.7290625
29048.,3.75875
29049.,3.7128125
29050.,3.7340625000
29051.,3.7221875
29052.,3.7403125
29053.,3.7365625000
29054.,3.7465625
29055.,3.761875
29056.,3.7515625
29057.,3.7390625
29058.,3.73
29059.,3.7509375
29060.,3.7571875
29061.,3.765
29062.,3.7331250000
29063.,3.77875
29064.,3.7628125
29065.,3.7709375
29066.,3.7840625
29067.,3.793125
29068.,3.7609375000
29069.,3.7625
29070.,3.77625
29071.,3.7496875000
29072.,3.7534375
29073.,3.776875
29074.,3.783125
29075.,3.7665625
29076.,3.7687500000
29077.,3.8000000000
29078.,3.75
29079.,3.754375
29080.,3.7975
29081.,3.7884375
29082.,3.7565625000
29083.,3.776875
29084.,3.7725
29085.,3.7696875
29086.,3.7721875000
29087.,3.7678125000
29088.,3.7912500000
29089.,3.7725
29090.,3.7846875
29091.,3.7728125
29092.,3.7890625
29093.,3.785625
29094.,3.7956250000
29095.,3.7715625
29096.,3.8028125
29097.,3.7790625
29098.,3.781875
29099.,3.7678125000
29100.,3.78625
29101.,3.80875
29102.,3.7975
29103.,3.7925
29104.,3.7584375
29105.,3.8303125000
29106.,3.81625
29107.,3.80375
29108.,3.7953125
29109.,3.7753125
29110.,3.7971875
29111.,3.7925
29112.,3.795
29113.,3.805
29114.,3.8228125
29115.,3.7875
29116.,3.776875
29117.,3.7978125
29118.,3.77375
29119.,3.7709375
29120.,3.778125
29121.,3.7628125
29122.,3.7828125
29123.,3.768125
29124.,3.7721875000
29125.,3.7559375
29126.,3.7715625
29127.,3.7775
29128.,3.7487500000
29129.,3.740625
29130.,3.7853125
29131.,3.7628125
29132.,3.78375
29133.,3.7528125
29134.,3.7521875000
29135.,3.78625
29136.,3.7796875
29137.,3.7609375000
29138.,3.7634375
29139.,3.7487500000
29140.,3.758125
29141.,3.7731250000
29142.,3.7653125000
29143.,3.794375
29144.,3.77875
29145.,3.770625
29146.,3.7509375
29147.,3.789375
29148.,3.7653125000
29149.,3.7478125
29150.,3.726875
29151.,3.740625
29152.,3.7784375
29153.,3.768125
29154.,3.755625
29155.,3.7296875000
29156.,3.7284375
29157.,3.759375
29158.,3.70375
29159.,3.740625
29160.,3.7234375
29161.,3.7228125
29162.,3.7409375000
29163.,3.7375000000
29164.,3.745625
29165.,3.7487500000
29166.,3.7546875
29167.,3.7421875
29168.,3.7634375
29169.,3.75
29170.,3.7418750000
29171.,3.7315625
29172.,3.7331250000
29173.,3.7440625
29174.,3.7278125
29175.,3.73625
29176.,3.7190625
29177.,3.7334375
29178.,3.7359375
29179.,3.7728125
29180.,3.7331250000
29181.,3.723125
29182.,3.7515625
29183.,3.7521875000
29184.,3.723125
29185.,3.7615625
29186.,3.775
29187.,3.7475
29188.,3.7421875
29189.,3.73625
29190.,3.76125
29191.,3.785
29192.,3.7759375
29193.,3.75375
29194.,3.7575000000
29195.,3.7584375
29196.,3.7628125
29197.,3.7725
29198.,3.745625
29199.,3.74625
29200.,3.74625
29201.,3.7284375
29202.,3.768125
29203.,3.74625
29204.,3.7378125
29205.,3.75125
29206.,3.7418750000
29207.,3.7225
29208.,3.7534375
29209.,3.7459375
29210.,3.72125
29211.,3.7353125
29212.,3.7165625
29213.,3.7331250000
29214.,3.736875
29215.,3.725625
29216.,3.7265625
29217.,3.7390625
29218.,3.7384375
29219.,3.74
29220.,3.7228125
29221.,3.738125
29222.,3.7487500000
29223.,3.7196875
29224.,3.7331250000
29225.,3.7428125
29226.,3.7475
29227.,3.7490625
29228.,3.7515625
29229.,3.7634375
29230.,3.7628125
29231.,3.7284375
29232.,3.7471875
29233.,3.7678125000
29234.,3.7771875
29235.,3.7209375000
29236.,3.7571875
29237.,3.779375
29238.,3.7575000000
29239.,3.7703125
29240.,3.765
29241.,3.7684375
29242.,3.7778125
29243.,3.7446875
29244.,3.765625
29245.,3.7540625
29246.,3.76625
29247.,3.746875
29248.,3.7615625
29249.,3.7487500000
29250.,3.7415625
29251.,3.7265625
29252.,3.71875
29253.,3.7315625
29254.,3.7546875
29255.,3.7584375
29256.,3.7559375
29257.,3.73
29258.,3.724375
29259.,3.7615625
29260.,3.720625
29261.,3.77
29262.,3.76625
29263.,3.7471875
29264.,3.755
29265.,3.7534375
29266.,3.739375
29267.,3.7756250000
29268.,3.7425
29269.,3.7590625
29270.,3.7453125000
29271.,3.7521875000
29272.,3.7403125
29273.,3.7359375
29274.,3.771875
29275.,3.7390625
29276.,3.7415625
29277.,3.7309375
29278.,3.7384375
29279.,3.770625
29280.,3.755
29281.,3.7565625000
29282.,3.7475
29283.,3.725
29284.,3.7665625
29285.,3.7353125
29286.,3.7428125
29287.,3.77375
29288.,3.76125
29289.,3.7478125
29290.,3.7409375000
29291.,3.75125
29292.,3.75125
29293.,3.749375
29294.,3.7459375
29295.,3.7346875
29296.,3.7565625000
29297.,3.7453125000
29298.,3.7628125
29299.,3.7525
29300.,3.73
29301.,3.7671875
29302.,3.7384375
29303.,3.7487500000
29304.,3.7590625
29305.,3.7628125
29306.,3.7303125
29307.,3.7309375
29308.,3.793125
29309.,3.76375
29310.,3.7509375
29311.,3.7425
29312.,3.745625
29313.,3.75
29314.,3.7753125
29315.,3.7515625
29316.,3.7600000000
29317.,3.7540625
29318.,3.7371875
29319.,3.74
29320.,3.7446875
29321.,3.7671875
29322.,3.7396875
29323.,3.7353125
29324.,3.755625
29325.,3.7503125
29326.,3.7287500000
29327.,3.7275
29328.,3.7678125000
29329.,3.7671875
29330.,3.76125
29331.,3.7262500000
29332.,3.7353125
29333.,3.7215625
29334.,3.7384375
29335.,3.7346875
29336.,3.7425
29337.,3.74625
29338.,3.7334375
29339.,3.7578125
29340.,3.726875
29341.,3.7271875
29342.,3.75125
29343.,3.718125
29344.,3.7396875
29345.,3.7425
29346.,3.7725
29347.,3.760625
29348.,3.73625
29349.,3.7046875
29350.,3.7578125
29351.,3.7490625
29352.,3.7331250000
29353.,3.76125
29354.,3.7090625
29355.,3.7262500000
29356.,3.74375
29357.,3.7503125
29358.,3.73375
29359.,3.7371875
29360.,3.731875
29361.,3.7290625
29362.,3.7259375
29363.,3.7703125
29364.,3.7653125000
29365.,3.7478125
29366.,3.7234375
29367.,3.7434375
29368.,3.7259375
29369.,3.7640625
29370.,3.729375
29371.,3.7528125
29372.,3.7440625
29373.,3.716875
29374.,3.7328125
29375.,3.7521875000
29376.,3.7253125000
29377.,3.7287500000
29378.,3.7209375000
29379.,3.7071875
29380.,3.7409375000
29381.,3.7600000000
29382.,3.7225
29383.,3.7190625
29384.,3.7059375
29385.,3.70375
29386.,3.7053125000
29387.,3.693125
29388.,3.69625
29389.,3.6990625
29390.,3.7128125
29391.,3.685625
29392.,3.73
29393.,3.71375
29394.,3.700625
29395.,3.6975000000
29396.,3.711875
29397.,3.7090625
29398.,3.7078125
29399.,3.700625
29400.,3.716875
29401.,3.7275
29402.,3.7309375
29403.,3.71
29404.,3.7315625
29405.,3.7403125
29406.,3.77
29407.,3.7271875
29408.,3.7331250000
29409.,3.735625
29410.,3.7434375
29411.,3.7475
29412.,3.7446875
29413.,3.758125
29414.,3.7346875
29415.,3.75125
29416.,3.7471875
29417.,3.7528125
29418.,3.7531250000
29419.,3.7390625
29420.,3.734375
29421.,3.7559375
29422.,3.7440625
29423.,3.72
29424.,3.7240625
29425.,3.7531250000
29426.,3.7559375
29427.,3.7265625
29428.,3.715625
29429.,3.7278125
29430.,3.736875
29431.,3.74625
29432.,3.731875
29433.,3.7278125
29434.,3.723125
29435.,3.7225
29436.,3.72125
29437.,3.745
29438.,3.734375
29439.,3.7240625
29440.,3.749375
29441.,3.7196875
29442.,3.7218750000
29443.,3.746875
29444.,3.743125
29445.,3.7443750000
29446.,3.7471875
29447.,3.751875
29448.,3.7503125
29449.,3.7265625
29450.,3.7584375
29451.,3.7678125000
29452.,3.75875
29453.,3.7575000000
29454.,3.7509375
29455.,3.7275
29456.,3.7275
29457.,3.731875
29458.,3.7600000000
29459.,3.7690625
29460.,3.7603125
29461.,3.7625
29462.,3.739375
29463.,3.7275
29464.,3.728125
29465.,3.7584375
29466.,3.7487500000
29467.,3.7775
29468.,3.740625
29469.,3.7778125
29470.,3.7634375
29471.,3.7640625
29472.,3.770625
29473.,3.7603125
29474.,3.743125
29475.,3.749375
29476.,3.7753125
29477.,3.8009375
29478.,3.760625
29479.,3.7625
29480.,3.7584375
29481.,3.7484375
29482.,3.750625
29483.,3.7659375
29484.,3.7640625
29485.,3.7600000000
29486.,3.7784375
29487.,3.77625
29488.,3.75625
29489.,3.7843750000
29490.,3.7975
29491.,3.7721875000
29492.,3.80125
29493.,3.7584375
29494.,3.77
29495.,3.7640625
29496.,3.7359375
29497.,3.75625
29498.,3.7509375
29499.,3.7528125
29500.,3.7287500000
29501.,3.769375
29502.,3.77125
29503.,3.7465625
29504.,3.7375000000
29505.,3.7675
29506.,3.778125
29507.,3.7746875
29508.,3.7484375
29509.,3.7396875
29510.,3.7396875
29511.,3.7559375
29512.,3.7209375000
29513.,3.748125
29514.,3.745
29515.,3.7690625
29516.,3.7531250000
29517.,3.7396875
29518.,3.761875
29519.,3.7521875000
29520.,3.7471875
29521.,3.7234375
29522.,3.7453125000
29523.,3.74375
29524.,3.730625
29525.,3.746875
29526.,3.7459375
29527.,3.758125
29528.,3.7590625
29529.,3.7571875
29530.,3.7621875
29531.,3.7421875
29532.,3.72
29533.,3.736875
29534.,3.729375
29535.,3.7159375
29536.,3.7378125
29537.,3.73875
29538.,3.72125
29539.,3.7521875000
29540.,3.7328125
29541.,3.730625
29542.,3.7325
29543.,3.7325
29544.,3.7321875
29545.,3.7484375
29546.,3.7403125
29547.,3.73
29548.,3.7131250000
29549.,3.7459375
29550.,3.7553125
29551.,3.7065625
29552.,3.69
29553.,3.748125
29554.,3.7315625
29555.,3.73375
29556.,3.7134375
29557.,3.6946875
29558.,3.685625
29559.,3.7128125
29560.,3.68125
29561.,3.69
29562.,3.720625
29563.,3.6934375
29564.,3.72375
29565.,3.6940625000
29566.,3.715
29567.,3.7062500000
29568.,3.7075
29569.,3.7084375
29570.,3.7075
29571.,3.73625
29572.,3.7218750000
29573.,3.715
29574.,3.7053125000
29575.,3.6978125
29576.,3.69
29577.,3.7190625
29578.,3.724375
29579.,3.71375
29580.,3.6959375
29581.,3.724375
29582.,3.705625
29583.,3.7271875
29584.,3.7325
29585.,3.7340625000
29586.,3.7271875
29587.,3.7328125
29588.,3.718125
29589.,3.735625
29590.,3.748125
29591.,3.7553125
29592.,3.7365625000
29593.,3.75375
29594.,3.7125
29595.,3.7053125000
29596.,3.7275
29597.,3.7246875
29598.,3.740625
29599.,3.705
29600.,3.7503125
29601.,3.7234375
29602.,3.7315625
29603.,3.730625
29604.,3.735
29605.,3.7353125
29606.,3.7415625
29607.,3.718125
29608.,3.7384375
29609.,3.7075
29610.,3.736875
29611.,3.693125
29612.,3.7253125000
29613.,3.7531250000
29614.,3.743125
29615.,3.72125
29616.,3.7459375
29617.,3.75125
29618.,3.705625
29619.,3.6990625
29620.,3.7128125
29621.,3.7559375
29622.,3.720625
29623.,3.72125
29624.,3.7346875
29625.,3.70875
29626.,3.729375
29627.,3.7253125000
29628.,3.730625
29629.,3.7278125
29630.,3.740625
29631.,3.7290625
29632.,3.74125
29633.,3.7415625
29634.,3.76125
29635.,3.74125
29636.,3.723125
29637.,3.7271875
29638.,3.7265625
29639.,3.7331250000
29640.,3.7275
29641.,3.7575000000
29642.,3.7221875
29643.,3.7521875000
29644.,3.720625
29645.,3.72125
29646.,3.723125
29647.,3.704375
29648.,3.7303125
29649.,3.7178125
29650.,3.726875
29651.,3.745
29652.,3.7403125
29653.,3.7221875
29654.,3.74625
29655.,3.7428125
29656.,3.7578125
29657.,3.6996875
29658.,3.715
29659.,3.7440625
29660.,3.7196875
29661.,3.738125
29662.,3.7059375
29663.,3.7375000000
29664.,3.7121875
29665.,3.7140625000
29666.,3.708125
29667.,3.689375
29668.,3.71
29669.,3.7225
29670.,3.7062500000
29671.,3.7203125
29672.,3.6915625
29673.,3.7228125
29674.,3.7018750000
29675.,3.705
29676.,3.700625
29677.,3.7190625
29678.,3.735625
29679.,3.7106250000
29680.,3.7315625
29681.,3.709375
29682.,3.7096875000
29683.,3.7271875
29684.,3.6953125
29685.,3.7131250000
29686.,3.711875
29687.,3.7121875
29688.,3.7153125
29689.,3.705625
29690.,3.71375
29691.,3.7190625
29692.,3.689375
29693.,3.723125
29694.,3.7121875
29695.,3.7115625
29696.,3.693125
29697.,3.72125
29698.,3.7096875000
29699.,3.6878125
29700.,3.6653125
29701.,3.7065625
29702.,3.7131250000
29703.,3.708125
29704.,3.739375
29705.,3.71375
29706.,3.700625
29707.,3.7125
29708.,3.7103125
29709.,3.7146875
29710.,3.7096875000
29711.,3.7125
29712.,3.6971875
29713.,3.69375
29714.,3.7353125
29715.,3.7415625
29716.,3.7046875
29717.,3.7215625
29718.,3.7084375
29719.,3.7062500000
29720.,3.7034375
29721.,3.6909375
29722.,3.71375
29723.,3.7246875
29724.,3.6815625
29725.,3.708125
29726.,3.694375
29727.,3.691875
29728.,3.72375
29729.,3.70125
29730.,3.695625
29731.,3.73875
29732.,3.673125
29733.,3.694375
29734.,3.6928125
29735.,3.7078125
29736.,3.7134375
29737.,3.72
29738.,3.7078125
29739.,3.7262500000
29740.,3.7071875
29741.,3.705
29742.,3.6896875000
29743.,3.705625
29744.,3.6940625000
29745.,3.711875
29746.,3.7003125
29747.,3.719375
29748.,3.6971875
29749.,3.684375
29750.,3.6790625
29751.,3.6853125
29752.,3.7021875
29753.,3.7225
29754.,3.6696875
29755.,3.70875
29756.,3.7321875
29757.,3.71375
29758.,3.7340625000
29759.,3.7221875
29760.,3.7121875
29761.,3.7265625
29762.,3.71
29763.,3.706875
29764.,3.6950000000
29765.,3.7021875
29766.,3.71375
29767.,3.6953125
29768.,3.71375
29769.,3.7059375
29770.,3.7140625000
29771.,3.7153125
29772.,3.6921875
29773.,3.7375000000
29774.,3.7321875
29775.,3.7303125
29776.,3.7265625
29777.,3.6950000000
29778.,3.7296875000
29779.,3.7334375
29780.,3.7215625
29781.,3.72375
29782.,3.735625
29783.,3.706875
29784.,3.700625
29785.,3.7240625
29786.,3.73625
29787.,3.7600000000
29788.,3.7234375
29789.,3.706875
29790.,3.7262500000
29791.,3.7259375
29792.,3.7203125
29793.,3.73
29794.,3.71
29795.,3.7203125
29796.,3.7409375000
29797.,3.7146875
29798.,3.7328125
29799.,3.72125
29800.,3.734375
29801.,3.7071875
29802.,3.71875
29803.,3.7203125
29804.,3.7106250000
29805.,3.7103125
29806.,3.7071875
29807.,3.73
29808.,3.731875
29809.,3.7334375
29810.,3.7334375
29811.,3.749375
29812.,3.73125
29813.,3.7121875
29814.,3.74375
29815.,3.746875
29816.,3.7375000000
29817.,3.759375
29818.,3.7528125
29819.,3.75
29820.,3.7459375
29821.,3.7528125
29822.,3.7396875
29823.,3.7756250000
29824.,3.748125
29825.,3.7453125000
29826.,3.77375
29827.,3.7471875
29828.,3.7503125
29829.,3.7415625
29830.,3.7428125
29831.,3.7546875
29832.,3.78625
29833.,3.7418750000
29834.,3.7531250000
29835.,3.7596875
29836.,3.7628125
29837.,3.769375
29838.,3.7525
29839.,3.75
29840.,3.73125
29841.,3.729375
29842.,3.7540625
29843.,3.7525
29844.,3.7475
29845.,3.7359375
29846.,3.7575000000
29847.,3.755
29848.,3.7515625
29849.,3.7234375
29850.,3.714375
29851.,3.740625
29852.,3.7
29853.,3.728125
29854.,3.7240625
29855.,3.7234375
29856.,3.6953125
29857.,3.7218750000
29858.,3.7221875
29859.,3.7471875
29860.,3.7146875
29861.,3.7125
29862.,3.7378125
29863.,3.7271875
29864.,3.7165625
29865.,3.723125
29866.,3.7371875
29867.,3.7171875
29868.,3.7053125000
29869.,3.7225
29870.,3.70125
29871.,3.7253125000
29872.,3.743125
29873.,3.7287500000
29874.,3.7421875
29875.,3.72125
29876.,3.73625
29877.,3.7009375
29878.,3.7134375
29879.,3.715
29880.,3.7034375
29881.,3.7287500000
29882.,3.736875
29883.,3.719375
29884.,3.7475
29885.,3.7390625
29886.,3.7334375
29887.,3.7359375
29888.,3.77
29889.,3.7253125000
29890.,3.746875
29891.,3.7215625
29892.,3.7346875
29893.,3.73875
29894.,3.765
29895.,3.7309375
29896.,3.739375
29897.,3.7409375000
29898.,3.7284375
29899.,3.7384375
29900.,3.7053125000
29901.,3.7390625
29902.,3.7600000000
29903.,3.735
29904.,3.738125
29905.,3.7553125
29906.,3.7425
29907.,3.73125
29908.,3.7646875
29909.,3.7331250000
29910.,3.734375
29911.,3.74125
29912.,3.7503125
29913.,3.7609375000
29914.,3.7403125
29915.,3.7340625000
29916.,3.7262500000
29917.,3.7418750000
29918.,3.740625
29919.,3.7484375
29920.,3.75125
29921.,3.736875
29922.,3.7234375
29923.,3.7378125
29924.,3.7421875
29925.,3.7446875
29926.,3.7296875000
29927.,3.7471875
29928.,3.745
29929.,3.7021875
29930.,3.734375
29931.,3.7296875000
29932.,3.7443750000
29933.,3.7415625
29934.,3.7321875
29935.,3.7440625
29936.,3.736875
29937.,3.729375
29938.,3.7353125
29939.,3.75875
29940.,3.763125
29941.,3.7315625
29942.,3.7528125
29943.,3.766875
29944.,3.75125
29945.,3.7287500000
29946.,3.735625
29947.,3.7509375
29948.,3.7756250000
29949.,3.7621875
29950.,3.74
29951.,3.7446875
29952.,3.761875
29953.,3.74125
29954.,3.749375
29955.,3.7228125
29956.,3.7259375
29957.,3.7553125
29958.,3.7371875
29959.,3.7496875000
29960.,3.7325
29961.,3.7078125
29962.,3.720625
29963.,3.734375
29964.,3.7159375
29965.,3.7321875
29966.,3.7359375
29967.,3.7265625
29968.,3.75375
29969.,3.734375
29970.,3.7415625
29971.,3.73625
29972.,3.7384375
29973.,3.7415625
29974.,3.7471875
29975.,3.7415625
29976.,3.7453125000
29977.,3.7440625
29978.,3.7390625
29979.,3.7465625
29980.,3.7346875
29981.,3.7215625
29982.,3.7471875
29983.,3.7515625
29984.,3.7809375000
29985.,3.7484375
29986.,3.7600000000
29987.,3.7578125
29988.,3.7475
29989.,3.7525
29990.,3.7384375
29991.,3.76375
29992.,3.7628125
29993.,3.7487500000
29994.,3.7331250000
29995.,3.7384375
29996.,3.7531250000
29997.,3.734375
29998.,3.7390625
29999.,3.7346875
30000.,3.7678125000
30001.,3.7553125
30002.,3.7490625
30003.,3.7509375
30004.,3.7615625
30005.,3.74125
30006.,3.7384375
30007.,3.716875
30008.,3.765625
30009.,3.73
30010.,3.7465625
30011.,3.7218750000
30012.,3.7290625
30013.,3.7328125
30014.,3.7443750000
30015.,3.7278125
30016.,3.7346875
30017.,3.7553125
30018.,3.75
30019.,3.7496875000
30020.,3.7421875
30021.,3.7262500000
30022.,3.7353125
30023.,3.7443750000
30024.,3.745625
30025.,3.7646875
30026.,3.746875
30027.,3.7321875
30028.,3.72375
30029.,3.7671875
30030.,3.7840625
30031.,3.7600000000
30032.,3.7259375
30033.,3.7684375
30034.,3.760625
30035.,3.7531250000
30036.,3.7484375
30037.,3.7465625
30038.,3.75875
30039.,3.743125
30040.,3.7365625000
30041.,3.714375
30042.,3.7225
30043.,3.748125
30044.,3.740625
30045.,3.73375
30046.,3.7346875
30047.,3.7340625000
30048.,3.750625
30049.,3.73125
30050.,3.7171875
30051.,3.7403125
30052.,3.7434375
30053.,3.7384375
30054.,3.70875
30055.,3.7540625
30056.,3.723125
30057.,3.7303125
30058.,3.7331250000
30059.,3.74125
30060.,3.714375
30061.,3.7218750000
30062.,3.7221875
30063.,3.738125
30064.,3.7334375
30065.,3.7403125
30066.,3.698125
30067.,3.7096875000
30068.,3.749375
30069.,3.7246875
30070.,3.7428125
30071.,3.73
30072.,3.7246875
30073.,3.7503125
30074.,3.7484375
30075.,3.75125
30076.,3.7575000000
30077.,3.7418750000
30078.,3.7275
30079.,3.7225
30080.,3.7228125
30081.,3.7509375
30082.,3.74
30083.,3.71125
30084.,3.7678125000
30085.,3.7531250000
30086.,3.7528125
30087.,3.7209375000
30088.,3.7075
30089.,3.73875
30090.,3.7021875
30091.,3.6984375000
30092.,3.6975000000
30093.,3.725
30094.,3.7115625
30095.,3.685625
30096.,3.7121875
30097.,3.71625
30098.,3.71625
30099.,3.7034375
30100.,3.7046875
30101.,3.6996875
30102.,3.7218750000
30103.,3.7021875
30104.,3.7040625
30105.,3.7021875
30106.,3.71875
30107.,3.705
30108.,3.699375
30109.,3.720625
30110.,3.7171875
30111.,3.71875
30112.,3.705625
30113.,3.7228125
30114.,3.7134375
30115.,3.7365625000
30116.,3.70375
30117.,3.725
30118.,3.74625
30119.,3.71625
30120.,3.7409375000
30121.,3.72125
30122.,3.7534375
30123.,3.72
30124.,3.734375
30125.,3.715
30126.,3.7390625
30127.,3.6965625
30128.,3.7290625
30129.,3.71625
30130.,3.7290625
30131.,3.7509375
30132.,3.7321875
30133.,3.71375
30134.,3.6915625
30135.,3.725625
30136.,3.7178125
30137.,3.7265625
30138.,3.7053125000
30139.,3.7034375
30140.,3.74375
30141.,3.705
30142.,3.72
30143.,3.7403125
30144.,3.703125
30145.,3.7165625
30146.,3.7103125
30147.,3.7159375
30148.,3.7103125
30149.,3.71
30150.,3.7178125
30151.,3.7353125
30152.,3.7078125
30153.,3.7078125
30154.,3.67625
30155.,3.7290625
30156.,3.731875
30157.,3.7078125
30158.,3.7131250000
30159.,3.71125
30160.,3.7359375
30161.,3.6975000000
30162.,3.6996875
30163.,3.7009375
30164.,3.693125
30165.,3.6953125
30166.,3.7046875
30167.,3.6928125
30168.,3.711875
30169.,3.69625
30170.,3.6734375
30171.,3.71875
30172.,3.7028125000
30173.,3.7009375
30174.,3.7065625
30175.,3.6728125
30176.,3.7121875
30177.,3.7106250000
30178.,3.7634375
30179.,3.7028125000
30180.,3.7303125
30181.,3.7287500000
30182.,3.711875
30183.,3.7246875
30184.,3.723125
30185.,3.6818750000
30186.,3.7018750000
30187.,3.7109375
30188.,3.7109375
30189.,3.7084375
30190.,3.7153125
30191.,3.71125
30192.,3.72375
30193.,3.7071875
30194.,3.69625
30195.,3.7028125000
30196.,3.6950000000
30197.,3.7184375000
30198.,3.7009375
30199.,3.7146875
30200.,3.694375
30201.,3.6928125
30202.,3.7171875
30203.,3.7218750000
30204.,3.7146875
30205.,3.715625
30206.,3.7018750000
30207.,3.70875
30208.,3.7218750000
30209.,3.71375
30210.,3.695625
30211.,3.7171875
30212.,3.7634375
30213.,3.7075
30214.,3.7021875
30215.,3.7328125
30216.,3.7234375
30217.,3.69875
30218.,3.7153125
30219.,3.7478125
30220.,3.718125
30221.,3.72125
30222.,3.735625
30223.,3.7446875
30224.,3.7559375
30225.,3.719375
30226.,3.7203125
30227.,3.68875
30228.,3.7228125
30229.,3.7346875
30230.,3.7084375
30231.,3.7165625
30232.,3.705
30233.,3.731875
30234.,3.7065625
30235.,3.6784375000
30236.,3.7071875
30237.,3.6915625
30238.,3.71375
30239.,3.6971875
30240.,3.7009375
30241.,3.6906250000
30242.,3.7278125
30243.,3.716875
30244.,3.703125
30245.,3.7015625
30246.,3.680625
30247.,3.70125
30248.,3.6946875
30249.,3.7090625
30250.,3.7134375
30251.,3.7059375
30252.,3.708125
30253.,3.7125
30254.,3.7125
30255.,3.7371875
30256.,3.7131250000
30257.,3.7059375
30258.,3.73
30259.,3.69125
30260.,3.6959375
30261.,3.68125
30262.,3.69875
30263.,3.69
30264.,3.6928125
30265.,3.6709375
30266.,3.69
30267.,3.6871875000
30268.,3.70375
30269.,3.6990625
30270.,3.6765625
30271.,3.6890625
30272.,3.696875
30273.,3.7128125
30274.,3.6959375
30275.,3.6890625
30276.,3.7106250000
30277.,3.6825
30278.,3.7025
30279.,3.7009375
30280.,3.67625
30281.,3.69125
30282.,3.7128125
30283.,3.6915625
30284.,3.7065625
30285.,3.7021875
30286.,3.726875
30287.,3.683125
30288.,3.708125
30289.,3.69
30290.,3.7365625000
30291.,3.735625
30292.,3.7096875000
30293.,3.705625
30294.,3.73625
30295.,3.7096875000
30296.,3.7365625000
30297.,3.7287500000
30298.,3.71
30299.,3.7075
30300.,3.7121875
30301.,3.7262500000
30302.,3.740625
30303.,3.6840625
30304.,3.7171875
30305.,3.7353125
30306.,3.7275
30307.,3.7365625000
30308.,3.7278125
30309.,3.730625
30310.,3.7440625
30311.,3.7153125
30312.,3.7446875
30313.,3.7653125000
30314.,3.7331250000
30315.,3.73125
30316.,3.7246875
30317.,3.7140625000
30318.,3.7071875
30319.,3.7203125
30320.,3.7034375
30321.,3.745
30322.,3.7128125
30323.,3.7090625
30324.,3.71375
30325.,3.6925
30326.,3.7265625
30327.,3.6875
30328.,3.7209375000
30329.,3.68
30330.,3.7175000000
30331.,3.7146875
30332.,3.6753125
30333.,3.684375
30334.,3.7018750000
30335.,3.7078125
30336.,3.705625
30337.,3.6675
30338.,3.683125
30339.,3.69875
30340.,3.6940625000
30341.,3.6950000000
30342.,3.6996875
30343.,3.6971875
30344.,3.7134375
30345.,3.7028125000
30346.,3.7028125000
30347.,3.7078125
30348.,3.7287500000
30349.,3.719375
30350.,3.7040625
30351.,3.7284375
30352.,3.7396875
30353.,3.7146875
30354.,3.7065625
30355.,3.70375
30356.,3.7540625
30357.,3.7228125
30358.,3.7040625
30359.,3.7284375
30360.,3.728125
30361.,3.7259375
30362.,3.7290625
30363.,3.7190625
30364.,3.724375
30365.,3.711875
30366.,3.71
30367.,3.7140625000
30368.,3.7106250000
30369.,3.73
30370.,3.7096875000
30371.,3.71875
30372.,3.724375
30373.,3.7184375000
30374.,3.7425
30375.,3.705
30376.,3.7253125000
30377.,3.7096875000
30378.,3.735625
30379.,3.7071875
30380.,3.7487500000
30381.,3.765
30382.,3.725625
30383.,3.734375
30384.,3.7103125
30385.,3.73625
30386.,3.745625
30387.,3.71625
30388.,3.7259375
30389.,3.7015625
30390.,3.714375
30391.,3.716875
30392.,3.7062500000
30393.,3.708125
30394.,3.7131250000
30395.,3.7209375000
30396.,3.684375
30397.,3.6775
30398.,3.6771875
30399.,3.68875
30400.,3.6671875000
30401.,3.671875
30402.,3.689375
30403.,3.7015625
30404.,3.720625
30405.,3.7040625
30406.,3.674375
30407.,3.7146875
30408.,3.719375
30409.,3.6909375
30410.,3.6921875
30411.,3.67875
30412.,3.6684375
30413.,3.6906250000
30414.,3.691875
30415.,3.704375
30416.,3.698125
30417.,3.715625
30418.,3.7071875
30419.,3.7246875
30420.,3.7
30421.,3.71
30422.,3.706875
30423.,3.6975000000
30424.,3.7271875
30425.,3.749375
30426.,3.7209375000
30427.,3.72125
30428.,3.7075
30429.,3.7253125000
30430.,3.708125
30431.,3.7128125
30432.,3.7259375
30433.,3.7140625000
30434.,3.7178125
30435.,3.73875
30436.,3.7128125
30437.,3.7453125000
30438.,3.7175000000
30439.,3.6971875
30440.,3.703125
30441.,3.7018750000
30442.,3.716875
30443.,3.7034375
30444.,3.6765625
30445.,3.698125
30446.,3.7178125
30447.,3.7021875
30448.,3.686875
30449.,3.73625
30450.,3.71625
30451.,3.7059375
30452.,3.69125
30453.,3.7146875
30454.,3.7015625
30455.,3.6906250000
30456.,3.6971875
30457.,3.7165625
30458.,3.728125
30459.,3.715
30460.,3.6853125
30461.,3.6925
30462.,3.7296875000
30463.,3.7296875000
30464.,3.708125
30465.,3.7218750000
30466.,3.739375
30467.,3.7225
30468.,3.725
30469.,3.694375
30470.,3.7090625
30471.,3.7015625
30472.,3.7128125
30473.,3.6996875
30474.,3.6984375000
30475.,3.7109375
30476.,3.7209375000
30477.,3.7084375
30478.,3.72375
30479.,3.7034375
30480.,3.7340625000
30481.,3.724375
30482.,3.6975000000
30483.,3.7221875
30484.,3.7053125000
30485.,3.7346875
30486.,3.70125
30487.,3.7018750000
30488.,3.7209375000
30489.,3.7062500000
30490.,3.699375
30491.,3.68375
30492.,3.6946875
30493.,3.695625
30494.,3.7184375000
30495.,3.705625
30496.,3.7106250000
30497.,3.706875
30498.,3.7234375
30499.,3.699375
30500.,3.740625
30501.,3.700625
30502.,3.7184375000
30503.,3.6903125
30504.,3.7215625
30505.,3.711875
30506.,3.7259375
30507.,3.6965625
30508.,3.7225
30509.,3.736875
30510.,3.7171875
30511.,3.7153125
30512.,3.7146875
30513.,3.7171875
30514.,3.7140625000
30515.,3.71875
30516.,3.69375
30517.,3.7096875000
30518.,3.7178125
30519.,3.7103125
30520.,3.7225
30521.,3.7240625
30522.,3.7165625
30523.,3.720625
30524.,3.7415625
30525.,3.7571875
30526.,3.74
30527.,3.7534375
30528.,3.74
30529.,3.7146875
30530.,3.7403125
30531.,3.7275
30532.,3.718125
30533.,3.7225
30534.,3.7328125
30535.,3.7378125
30536.,3.7418750000
30537.,3.7321875
30538.,3.6965625
30539.,3.743125
30540.,3.7234375
30541.,3.7434375
30542.,3.7065625
30543.,3.755
30544.,3.725
30545.,3.720625
30546.,3.7071875
30547.,3.699375
30548.,3.7125
30549.,3.7371875
30550.,3.7115625
30551.,3.7106250000
30552.,3.7228125
30553.,3.7353125
30554.,3.7075
30555.,3.7128125
30556.,3.7003125
30557.,3.7246875
30558.,3.7028125000
30559.,3.7121875
30560.,3.723125
30561.,3.7053125000
30562.,3.7190625
30563.,3.708125
30564.,3.7153125
30565.,3.6875
30566.,3.711875
30567.,3.7084375
30568.,3.6921875
30569.,3.7287500000
30570.,3.7128125
30571.,3.73375
30572.,3.715
30573.,3.6959375
30574.,3.715
30575.,3.70125
30576.,3.6965625
30577.,3.694375
30578.,3.6909375
30579.,3.7215625
30580.,3.7109375
30581.,3.704375
30582.,3.700625
30583.,3.7059375
30584.,3.6771875
30585.,3.69625
30586.,3.704375
30587.,3.7128125
30588.,3.718125
30589.,3.719375
30590.,3.7378125
30591.,3.70875
30592.,3.7009375
30593.,3.705625
30594.,3.7040625
30595.,3.7096875000
30596.,3.7390625
30597.,3.720625
30598.,3.7125
30599.,3.6903125
30600.,3.7321875
30601.,3.7196875
30602.,3.743125
30603.,3.7128125
30604.,3.6928125
30605.,3.7096875000
30606.,3.685625
30607.,3.7115625
30608.,3.7075
30609.,3.6675
30610.,3.7015625
30611.,3.7121875
30612.,3.7021875
30613.,3.711875
30614.,3.69875
30615.,3.68375
30616.,3.718125
30617.,3.6959375
30618.,3.698125
30619.,3.6840625
30620.,3.6740625000
30621.,3.7131250000
30622.,3.688125
30623.,3.6793750000
30624.,3.6846875
30625.,3.715
30626.,3.7165625
30627.,3.6978125
30628.,3.70125
30629.,3.7015625
30630.,3.6971875
30631.,3.706875
30632.,3.7059375
30633.,3.7265625
30634.,3.7053125000
30635.,3.69125
30636.,3.6909375
30637.,3.725
30638.,3.7159375
30639.,3.7203125
30640.,3.6928125
30641.,3.72375
30642.,3.685625
30643.,3.7146875
30644.,3.6828125000
30645.,3.6875
30646.,3.695625
30647.,3.683125
30648.,3.69875
30649.,3.7075
30650.,3.6725
30651.,3.7103125
30652.,3.6971875
30653.,3.71
30654.,3.706875
30655.,3.729375
30656.,3.7296875000
30657.,3.705
30658.,3.7140625000
30659.,3.73
30660.,3.7271875
30661.,3.7215625
30662.,3.7525
30663.,3.73375
30664.,3.738125
30665.,3.7159375
30666.,3.7215625
30667.,3.7065625
30668.,3.7015625
30669.,3.7121875
30670.,3.705625
30671.,3.7065625
30672.,3.726875
30673.,3.6965625
30674.,3.6871875000
30675.,3.6871875000
30676.,3.7084375
30677.,3.7346875
30678.,3.7178125
30679.,3.7321875
30680.,3.7415625
30681.,3.7321875
30682.,3.7390625
30683.,3.7078125
30684.,3.7521875000
30685.,3.7625
30686.,3.725
30687.,3.71875
30688.,3.7196875
30689.,3.7218750000
30690.,3.74125
30691.,3.72125
30692.,3.7309375
30693.,3.730625
30694.,3.7221875
30695.,3.705
30696.,3.6896875000
30697.,3.7090625
30698.,3.716875
30699.,3.725625
30700.,3.7375000000
30701.,3.7225
30702.,3.7375000000
30703.,3.7159375
30704.,3.7059375
30705.,3.6975000000
30706.,3.7259375
30707.,3.7484375
30708.,3.694375
30709.,3.73
30710.,3.714375
30711.,3.6971875
30712.,3.708125
30713.,3.7103125
30714.,3.7321875
30715.,3.7334375
30716.,3.7259375
30717.,3.7425
30718.,3.711875
30719.,3.7071875
30720.,3.72
30721.,3.7215625
30722.,3.7053125000
30723.,3.70875
30724.,3.735
30725.,3.720625
30726.,3.71625
30727.,3.7071875
30728.,3.7287500000
30729.,3.718125
30730.,3.7218750000
30731.,3.7390625
30732.,3.7265625
30733.,3.7
30734.,3.709375
30735.,3.71125
30736.,3.72375
30737.,3.715
30738.,3.695625
30739.,3.6978125
30740.,3.7128125
30741.,3.724375
30742.,3.72125
30743.,3.6965625
30744.,3.7190625
30745.,3.71875
30746.,3.705
30747.,3.711875
30748.,3.7071875
30749.,3.745625
30750.,3.750625
30751.,3.7078125
30752.,3.6940625000
30753.,3.7240625
30754.,3.723125
30755.,3.7262500000
30756.,3.7096875000
30757.,3.70375
30758.,3.715
30759.,3.7315625
30760.,3.71875
30761.,3.7071875
30762.,3.7459375
30763.,3.726875
30764.,3.71625
30765.,3.71125
30766.,3.725
30767.,3.739375
30768.,3.7284375
30769.,3.7371875
30770.,3.7221875
30771.,3.724375
30772.,3.7275
30773.,3.7384375
30774.,3.7384375
30775.,3.7425
30776.,3.7503125
30777.,3.7178125
30778.,3.740625
30779.,3.7140625000
30780.,3.724375
30781.,3.7190625
30782.,3.70375
30783.,3.704375
30784.,3.7165625
30785.,3.72
30786.,3.705625
30787.,3.735625
30788.,3.718125
30789.,3.7053125000
30790.,3.6971875
30791.,3.7
30792.,3.6971875
30793.,3.698125
30794.,3.685625
30795.,3.680625
30796.,3.6990625
30797.,3.6959375
30798.,3.686875
30799.,3.6818750000
30800.,3.7134375
30801.,3.698125
30802.,3.6825
30803.,3.678125
30804.,3.6784375000
30805.,3.6875
30806.,3.6940625000
30807.,3.678125
30808.,3.69875
30809.,3.724375
30810.,3.6906250000
30811.,3.7018750000
30812.,3.724375
30813.,3.7262500000
30814.,3.703125
30815.,3.7175000000
30816.,3.728125
30817.,3.7103125
30818.,3.7175000000
30819.,3.7271875
30820.,3.7328125
30821.,3.7315625
30822.,3.7265625
30823.,3.7262500000
30824.,3.719375
30825.,3.7459375
30826.,3.7478125
30827.,3.7331250000
30828.,3.69875
30829.,3.7359375
30830.,3.756875
30831.,3.7284375
30832.,3.711875
30833.,3.7275
30834.,3.748125
30835.,3.7371875
30836.,3.7103125
30837.,3.735
30838.,3.7459375
30839.,3.743125
30840.,3.7240625
30841.,3.7221875
30842.,3.750625
30843.,3.7778125
30844.,3.75625
30845.,3.715625
30846.,3.7065625
30847.,3.74125
30848.,3.7325
30849.,3.7303125
30850.,3.725625
30851.,3.7525
30852.,3.7203125
30853.,3.689375
30854.,3.73625
30855.,3.71875
30856.,3.7140625000
30857.,3.72375
30858.,3.7225
30859.,3.7384375
30860.,3.736875
30861.,3.7215625
30862.,3.6940625000
30863.,3.7328125
30864.,3.7303125
30865.,3.7228125
30866.,3.689375
30867.,3.7228125
30868.,3.729375
30869.,3.726875
30870.,3.735625
30871.,3.720625
30872.,3.7240625
30873.,3.6821875
30874.,3.715
30875.,3.7628125
30876.,3.760625
30877.,3.7515625
30878.,3.7515625
30879.,3.7240625
30880.,3.76125
30881.,3.73125
30882.,3.7443750000
30883.,3.7309375
30884.,3.7475
30885.,3.745625
30886.,3.743125
30887.,3.725
30888.,3.7378125
30889.,3.7365625000
30890.,3.7215625
30891.,3.7615625
30892.,3.7578125
30893.,3.7403125
30894.,3.725
30895.,3.7084375
30896.,3.7190625
30897.,3.75875
30898.,3.7175000000
30899.,3.7259375
30900.,3.7409375000
30901.,3.7446875
30902.,3.7115625
30903.,3.7240625
30904.,3.7415625
30905.,3.765
30906.,3.728125
30907.,3.723125
30908.,3.73875
30909.,3.75375
30910.,3.7600000000
30911.,3.755
30912.,3.7428125
30913.,3.7571875
30914.,3.7378125
30915.,3.7475
30916.,3.73375
30917.,3.7315625
30918.,3.754375
30919.,3.760625
30920.,3.725625
30921.,3.7509375
30922.,3.7521875000
30923.,3.77375
30924.,3.7359375
30925.,3.729375
30926.,3.740625
30927.,3.7296875000
30928.,3.729375
30929.,3.7218750000
30930.,3.7359375
30931.,3.734375
30932.,3.7534375
30933.,3.7331250000
30934.,3.7278125
30935.,3.760625
30936.,3.73
30937.,3.74375
30938.,3.7487500000
30939.,3.7753125
30940.,3.7471875
30941.,3.719375
30942.,3.7434375
30943.,3.7484375
30944.,3.75625
30945.,3.7275
30946.,3.7221875
30947.,3.75
30948.,3.75875
30949.,3.745625
30950.,3.7153125
30951.,3.72125
30952.,3.73875
30953.,3.740625
30954.,3.7546875
30955.,3.7525
30956.,3.779375
30957.,3.7715625
30958.,3.7409375000
30959.,3.75875
30960.,3.7440625
30961.,3.738125
30962.,3.7240625
30963.,3.7265625
30964.,3.743125
30965.,3.7615625
30966.,3.72375
30967.,3.7296875000
30968.,3.7084375
30969.,3.69625
30970.,3.691875
30971.,3.7121875
30972.,3.7059375
30973.,3.705
30974.,3.705
30975.,3.7075
30976.,3.71375
30977.,3.7446875
30978.,3.7218750000
30979.,3.74
30980.,3.7290625
30981.,3.7271875
30982.,3.7028125000
30983.,3.7175000000
30984.,3.738125
30985.,3.7175000000
30986.,3.73875
30987.,3.7378125
30988.,3.7131250000
30989.,3.7159375
30990.,3.726875
30991.,3.71625
30992.,3.7096875000
30993.,3.71375
30994.,3.7221875
30995.,3.7309375
30996.,3.736875
30997.,3.720625
30998.,3.7509375
30999.,3.75125
31000.,3.7421875
31001.,3.731875
31002.,3.7221875
31003.,3.7453125000
31004.,3.745625
31005.,3.7375000000
31006.,3.7471875
31007.,3.7428125
31008.,3.7465625
31009.,3.73875
31010.,3.729375
31011.,3.7346875
31012.,3.7478125
31013.,3.743125
31014.,3.7165625
31015.,3.745
31016.,3.751875
31017.,3.745625
31018.,3.71
31019.,3.7262500000
31020.,3.7421875
31021.,3.7425
31022.,3.7203125
31023.,3.7459375
31024.,3.7453125000
31025.,3.75125
31026.,3.7446875
31027.,3.73
31028.,3.7584375
31029.,3.7331250000
31030.,3.735625
31031.,3.73125
31032.,3.73375
31033.,3.755625
31034.,3.736875
31035.,3.765
31036.,3.7575000000
31037.,3.7515625
31038.,3.7353125
31039.,3.7365625000
31040.,3.75125
31041.,3.746875
31042.,3.7521875000
31043.,3.720625
31044.,3.7159375
31045.,3.696875
31046.,3.7284375
31047.,3.706875
31048.,3.7084375
31049.,3.7371875
31050.,3.728125
31051.,3.72
31052.,3.7315625
31053.,3.7265625
31054.,3.74375
31055.,3.74
31056.,3.74375
31057.,3.7378125
31058.,3.7609375000
31059.,3.7346875
31060.,3.7443750000
31061.,3.749375
31062.,3.7271875
31063.,3.73875
31064.,3.73125
31065.,3.729375
31066.,3.7496875000
31067.,3.7365625000
31068.,3.7465625
31069.,3.750625
31070.,3.7521875000
31071.,3.746875
31072.,3.7415625
31073.,3.7531250000
31074.,3.7375000000
31075.,3.736875
31076.,3.7346875
31077.,3.725625
31078.,3.7484375
31079.,3.724375
31080.,3.7096875000
31081.,3.7378125
31082.,3.731875
31083.,3.7418750000
31084.,3.7271875
31085.,3.7571875
31086.,3.7018750000
31087.,3.7440625
31088.,3.734375
31089.,3.7165625
31090.,3.7340625000
31091.,3.7190625
31092.,3.7034375
31093.,3.7284375
31094.,3.7546875
31095.,3.7278125
31096.,3.7453125000
31097.,3.7490625
31098.,3.731875
31099.,3.7034375
31100.,3.7346875
31101.,3.7084375
31102.,3.7171875
31103.,3.743125
31104.,3.73375
31105.,3.745
31106.,3.7434375
31107.,3.72375
31108.,3.736875
31109.,3.73625
31110.,3.718125
31111.,3.75125
31112.,3.7528125
31113.,3.740625
31114.,3.7609375000
31115.,3.73875
31116.,3.745625
31117.,3.7575000000
31118.,3.73
31119.,3.7446875
31120.,3.73875
31121.,3.74375
31122.,3.736875
31123.,3.7334375
31124.,3.7490625
31125.,3.7921875000
31126.,3.7496875000
31127.,3.7578125
31128.,3.7643750000
31129.,3.7415625
31130.,3.7828125
31131.,3.7409375000
31132.,3.75375
31133.,3.735
31134.,3.790625
31135.,3.7675
31136.,3.7759375
31137.,3.7871875
31138.,3.7453125000
31139.,3.77125
31140.,3.7325
31141.,3.74125
31142.,3.7603125
31143.,3.7396875
31144.,3.7334375
31145.,3.7521875000
31146.,3.7590625
31147.,3.7540625
31148.,3.7331250000
31149.,3.7643750000
31150.,3.7531250000
31151.,3.7725
31152.,3.7478125
31153.,3.75125
31154.,3.7540625
31155.,3.7484375
31156.,3.7309375
31157.,3.7403125
31158.,3.711875
31159.,3.759375
31160.,3.759375
31161.,3.7453125000
31162.,3.761875
31163.,3.7487500000
31164.,3.750625
31165.,3.7521875000
31166.,3.7375000000
31167.,3.7328125
31168.,3.7459375
31169.,3.7503125
31170.,3.7487500000
31171.,3.7340625000
31172.,3.750625
31173.,3.750625
31174.,3.7396875
31175.,3.6996875
31176.,3.7475
31177.,3.7459375
31178.,3.7609375000
31179.,3.73
31180.,3.736875
31181.,3.7531250000
31182.,3.75
31183.,3.7643750000
31184.,3.7475
31185.,3.7359375
31186.,3.7446875
31187.,3.7146875
31188.,3.7265625
31189.,3.7653125000
31190.,3.760625
31191.,3.758125
31192.,3.758125
31193.,3.778125
31194.,3.7771875
31195.,3.7865625
31196.,3.7759375
31197.,3.7509375
31198.,3.7696875
31199.,3.7800000000
31200.,3.7600000000
31201.,3.7771875
31202.,3.8071875
31203.,3.7784375
31204.,3.75125
31205.,3.76375
31206.,3.776875
31207.,3.7609375000
31208.,3.74
31209.,3.748125
31210.,3.770625
31211.,3.7565625000
31212.,3.76375
31213.,3.7675
31214.,3.7540625
31215.,3.7690625
31216.,3.7715625
31217.,3.780625
31218.,3.754375
31219.,3.76375
31220.,3.776875
31221.,3.7753125
31222.,3.765
31223.,3.76125
31224.,3.769375
31225.,3.7484375
31226.,3.76625
31227.,3.7503125
31228.,3.77625
31229.,3.7853125
31230.,3.7471875
31231.,3.7675
31232.,3.77875
31233.,3.788125
31234.,3.809375
31235.,3.770625
31236.,3.765625
31237.,3.7571875
31238.,3.7887500000
31239.,3.7878125000
31240.,3.7646875
31241.,3.7896875
31242.,3.7775
31243.,3.7465625
31244.,3.75625
31245.,3.788125
31246.,3.7803125
31247.,3.785
31248.,3.7756250000
31249.,3.7509375
31250.,3.7721875000
31251.,3.7709375
31252.,3.7540625
31253.,3.780625
31254.,3.758125
31255.,3.7515625
31256.,3.760625
31257.,3.7409375000
31258.,3.768125
31259.,3.7443750000
31260.,3.76375
31261.,3.756875
31262.,3.7690625
31263.,3.7465625
31264.,3.7403125
31265.,3.7478125
31266.,3.7525
31267.,3.7525
31268.,3.7515625
31269.,3.77
31270.,3.738125
31271.,3.7553125
31272.,3.7671875
31273.,3.769375
31274.,3.743125
31275.,3.8153125
31276.,3.7571875
31277.,3.770625
31278.,3.75875
31279.,3.7531250000
31280.,3.7815625
31281.,3.7534375
31282.,3.79
31283.,3.7678125000
31284.,3.7496875000
31285.,3.7703125
31286.,3.746875
31287.,3.7515625
31288.,3.7534375
31289.,3.7840625
31290.,3.746875
31291.,3.755625
31292.,3.7584375
31293.,3.7303125
31294.,3.7465625
31295.,3.761875
31296.,3.7515625
31297.,3.7265625
31298.,3.740625
31299.,3.7134375
31300.,3.7303125
31301.,3.736875
31302.,3.7484375
31303.,3.73375
31304.,3.7643750000
31305.,3.7703125
31306.,3.745625
31307.,3.7596875
31308.,3.7340625000
31309.,3.75625
31310.,3.7521875000
31311.,3.77125
31312.,3.7528125
31313.,3.7800000000
31314.,3.7653125000
31315.,3.7409375000
31316.,3.7525
31317.,3.756875
31318.,3.7290625
31319.,3.7296875000
31320.,3.734375
31321.,3.7225
31322.,3.7303125
31323.,3.735625
31324.,3.7509375
31325.,3.766875
31326.,3.7459375
31327.,3.7634375
31328.,3.734375
31329.,3.7265625
31330.,3.7309375
31331.,3.7115625
31332.,3.7275
31333.,3.7225
31334.,3.7621875
31335.,3.7196875
31336.,3.7084375
31337.,3.7218750000
31338.,3.7496875000
31339.,3.725
31340.,3.7415625
31341.,3.7296875000
31342.,3.7409375000
31343.,3.743125
31344.,3.7146875
31345.,3.7375000000
31346.,3.74125
31347.,3.7146875
31348.,3.7153125
31349.,3.6940625000
31350.,3.73
31351.,3.703125
31352.,3.7175000000
31353.,3.7078125
31354.,3.7471875
31355.,3.7084375
31356.,3.6959375
31357.,3.7496875000
31358.,3.731875
31359.,3.7628125
31360.,3.7225
31361.,3.7340625000
31362.,3.73
31363.,3.7490625
31364.,3.7415625
31365.,3.7290625
31366.,3.7134375
31367.,3.7340625000
31368.,3.7465625
31369.,3.7390625
31370.,3.7321875
31371.,3.74125
31372.,3.743125
31373.,3.739375
31374.,3.7309375
31375.,3.735625
31376.,3.7534375
31377.,3.7465625
31378.,3.7225
31379.,3.74125
31380.,3.7653125000
31381.,3.724375
31382.,3.75125
31383.,3.7390625
31384.,3.7521875000
31385.,3.758125
31386.,3.735625
31387.,3.7378125
31388.,3.75125
31389.,3.743125
31390.,3.7409375000
31391.,3.7203125
31392.,3.7296875000
31393.,3.73875
31394.,3.755
31395.,3.776875
31396.,3.749375
31397.,3.759375
31398.,3.748125
31399.,3.769375
31400.,3.7521875000
31401.,3.768125
31402.,3.7621875
31403.,3.7575000000
31404.,3.774375
31405.,3.7821875
31406.,3.7490625
31407.,3.8000000000
31408.,3.785625
31409.,3.776875
31410.,3.7815625
31411.,3.763125
31412.,3.78625
31413.,3.7896875
31414.,3.7878125000
31415.,3.7896875
31416.,3.775
31417.,3.803125
31418.,3.7671875
31419.,3.7959375
31420.,3.7853125
31421.,3.80125
31422.,3.7487500000
31423.,3.76125
31424.,3.7609375000
31425.,3.7775
31426.,3.7540625
31427.,3.7643750000
31428.,3.77
31429.,3.73375
31430.,3.7590625
31431.,3.7446875
31432.,3.76125
31433.,3.7996875
31434.,3.76125
31435.,3.776875
31436.,3.775
31437.,3.745625
31438.,3.736875
31439.,3.7509375
31440.,3.7271875
31441.,3.7221875
31442.,3.755
31443.,3.7531250000
31444.,3.75875
31445.,3.73875
31446.,3.7275
31447.,3.7240625
31448.,3.735
31449.,3.7321875
31450.,3.749375
31451.,3.7403125
31452.,3.7359375
31453.,3.7378125
31454.,3.7590625
31455.,3.7453125000
31456.,3.7353125
31457.,3.7384375
31458.,3.7328125
31459.,3.7153125
31460.,3.7128125
31461.,3.7178125
31462.,3.719375
31463.,3.728125
31464.,3.7490625
31465.,3.749375
31466.,3.7484375
31467.,3.7665625
31468.,3.756875
31469.,3.73375
31470.,3.715
31471.,3.7378125
31472.,3.7590625
31473.,3.7465625
31474.,3.7303125
31475.,3.755625
31476.,3.75625
31477.,3.729375
31478.,3.7615625
31479.,3.75125
31480.,3.7565625000
31481.,3.725
31482.,3.7203125
31483.,3.751875
31484.,3.7287500000
31485.,3.7565625000
31486.,3.7503125
31487.,3.7315625
31488.,3.71625
31489.,3.7490625
31490.,3.70875
31491.,3.7253125000
31492.,3.7165625
31493.,3.730625
31494.,3.7059375
31495.,3.6996875
31496.,3.718125
31497.,3.7296875000
31498.,3.7478125
31499.,3.7325
31500.,3.735625
31501.,3.7365625000
31502.,3.745625
31503.,3.7046875
31504.,3.688125
31505.,3.7303125
31506.,3.7384375
31507.,3.7009375
31508.,3.7409375000
31509.,3.7290625
31510.,3.73375
31511.,3.7540625
31512.,3.7246875
31513.,3.7218750000
31514.,3.73375
31515.,3.7418750000
31516.,3.7396875
31517.,3.7215625
31518.,3.7434375
31519.,3.7525
31520.,3.7443750000
31521.,3.7375000000
31522.,3.7546875
31523.,3.7434375
31524.,3.73875
31525.,3.7678125000
31526.,3.7228125
31527.,3.7540625
31528.,3.7371875
31529.,3.7565625000
31530.,3.75
31531.,3.7409375000
31532.,3.7953125
31533.,3.734375
31534.,3.7403125
31535.,3.7765625000
31536.,3.758125
31537.,3.77
31538.,3.7875
31539.,3.7853125
31540.,3.76625
31541.,3.77625
31542.,3.760625
31543.,3.7565625000
31544.,3.7571875
31545.,3.7528125
31546.,3.7553125
31547.,3.76125
31548.,3.774375
31549.,3.7684375
31550.,3.7534375
31551.,3.750625
31552.,3.75625
31553.,3.745625
31554.,3.7859375
31555.,3.7418750000
31556.,3.76375
31557.,3.7553125
31558.,3.7843750000
31559.,3.743125
31560.,3.748125
31561.,3.7521875000
31562.,3.7534375
31563.,3.735625
31564.,3.7434375
31565.,3.7171875
31566.,3.758125
31567.,3.7546875
31568.,3.743125
31569.,3.726875
31570.,3.774375
31571.,3.75
31572.,3.7565625000
31573.,3.7546875
31574.,3.7490625
31575.,3.7534375
31576.,3.7262500000
31577.,3.7678125000
31578.,3.7665625
31579.,3.7959375
31580.,3.7731250000
31581.,3.7675
31582.,3.7815625
31583.,3.765625
31584.,3.766875
31585.,3.775
31586.,3.7971875
31587.,3.7990625000
31588.,3.75625
31589.,3.7365625000
31590.,3.7890625
31591.,3.765625
31592.,3.745625
31593.,3.7428125
31594.,3.7575000000
31595.,3.7578125
31596.,3.7459375
31597.,3.7759375
31598.,3.74
31599.,3.7290625
31600.,3.7375000000
31601.,3.7378125
31602.,3.7359375
31603.,3.7353125
31604.,3.7425
31605.,3.7643750000
31606.,3.745625
31607.,3.73625
31608.,3.749375
31609.,3.7609375000
31610.,3.716875
31611.,3.7675
31612.,3.778125
31613.,3.766875
31614.,3.739375
31615.,3.725625
31616.,3.7375000000
31617.,3.736875
31618.,3.761875
31619.,3.73875
31620.,3.75125
31621.,3.774375
31622.,3.779375
31623.,3.7703125
31624.,3.7646875
31625.,3.7915625
31626.,3.7678125000
31627.,3.760625
31628.,3.748125
31629.,3.750625
31630.,3.734375
31631.,3.7153125
31632.,3.7425
31633.,3.736875
31634.,3.7287500000
31635.,3.7384375
31636.,3.735
31637.,3.7340625000
31638.,3.743125
31639.,3.7678125000
31640.,3.7062500000
31641.,3.725625
31642.,3.7275
31643.,3.714375
31644.,3.7290625
31645.,3.731875
31646.,3.73375
31647.,3.7325
31648.,3.725625
31649.,3.734375
31650.,3.735
31651.,3.7390625
31652.,3.7184375000
31653.,3.7440625
31654.,3.7296875000
31655.,3.75
31656.,3.7221875
31657.,3.7175000000
31658.,3.7546875
31659.,3.75375
31660.,3.7090625
31661.,3.7675
31662.,3.7421875
31663.,3.7615625
31664.,3.7246875
31665.,3.7359375
31666.,3.7453125000
31667.,3.728125
31668.,3.696875
31669.,3.691875
31670.,3.7325
31671.,3.7321875
31672.,3.749375
31673.,3.72125
31674.,3.73125
31675.,3.7578125
31676.,3.7487500000
31677.,3.71875
31678.,3.7228125
31679.,3.7209375000
31680.,3.7218750000
31681.,3.729375
31682.,3.7025
31683.,3.729375
31684.,3.7440625
31685.,3.728125
31686.,3.71875
31687.,3.7253125000
31688.,3.7340625000
31689.,3.725
31690.,3.715
31691.,3.728125
31692.,3.7065625
31693.,3.72375
31694.,3.724375
31695.,3.7378125
31696.,3.7359375
31697.,3.718125
31698.,3.746875
31699.,3.7259375
31700.,3.76625
31701.,3.725625
31702.,3.7378125
31703.,3.6965625
31704.,3.725625
31705.,3.7353125
31706.,3.7434375
31707.,3.7331250000
31708.,3.7403125
31709.,3.7565625000
31710.,3.725
31711.,3.7384375
31712.,3.76125
31713.,3.7428125
31714.,3.72375
31715.,3.72
31716.,3.720625
31717.,3.715
31718.,3.7509375
31719.,3.71875
31720.,3.7125
31721.,3.7346875
31722.,3.7600000000
31723.,3.7515625
31724.,3.730625
31725.,3.7190625
31726.,3.73125
31727.,3.749375
31728.,3.751875
31729.,3.71
31730.,3.703125
31731.,3.7443750000
31732.,3.73625
31733.,3.7331250000
31734.,3.75375
31735.,3.7440625
31736.,3.734375
31737.,3.7225
31738.,3.7018750000
31739.,3.7290625
31740.,3.7346875
31741.,3.7234375
31742.,3.7359375
31743.,3.7321875
31744.,3.7409375000
31745.,3.7315625
31746.,3.726875
31747.,3.734375
31748.,3.7390625
31749.,3.76375
31750.,3.7275
31751.,3.7340625000
31752.,3.7440625
31753.,3.7353125
31754.,3.7259375
31755.,3.7490625
31756.,3.73625
31757.,3.7487500000
31758.,3.7359375
31759.,3.7425
31760.,3.766875
31761.,3.7559375
31762.,3.7365625000
31763.,3.7290625
31764.,3.74125
31765.,3.7375000000
31766.,3.7534375
31767.,3.7534375
31768.,3.7584375
31769.,3.7515625
31770.,3.725625
31771.,3.7315625
31772.,3.7425
31773.,3.78625
31774.,3.7540625
31775.,3.775
31776.,3.7525
31777.,3.7190625
31778.,3.7646875
31779.,3.7353125
31780.,3.725
31781.,3.7425
31782.,3.7528125
31783.,3.75
31784.,3.7331250000
31785.,3.7525
31786.,3.7603125
31787.,3.7509375
31788.,3.7384375
31789.,3.7446875
31790.,3.770625
31791.,3.7284375
31792.,3.7228125
31793.,3.7478125
31794.,3.7521875000
31795.,3.7171875
31796.,3.7440625
31797.,3.7425
31798.,3.748125
31799.,3.7609375000
31800.,3.73125
31801.,3.7559375
31802.,3.7303125
31803.,3.7465625
31804.,3.7331250000
31805.,3.736875
31806.,3.7159375
31807.,3.738125
31808.,3.75
31809.,3.7509375
31810.,3.7346875
31811.,3.728125
31812.,3.7509375
31813.,3.735
31814.,3.7328125
31815.,3.76125
31816.,3.7375000000
31817.,3.715
31818.,3.7275
31819.,3.748125
31820.,3.748125
31821.,3.7603125
31822.,3.7331250000
31823.,3.73625
31824.,3.72125
31825.,3.750625
31826.,3.7331250000
31827.,3.7171875
31828.,3.7428125
31829.,3.74625
31830.,3.73375
31831.,3.7375000000
31832.,3.7575000000
31833.,3.7440625
31834.,3.73375
31835.,3.7490625
31836.,3.7459375
31837.,3.7325
31838.,3.7215625
31839.,3.7503125
31840.,3.7115625
31841.,3.72
31842.,3.734375
31843.,3.7090625
31844.,3.71875
31845.,3.73375
31846.,3.72125
31847.,3.70875
31848.,3.7234375
31849.,3.7525
31850.,3.7278125
31851.,3.7171875
31852.,3.7262500000
31853.,3.734375
31854.,3.7409375000
31855.,3.735625
31856.,3.7325
31857.,3.720625
31858.,3.7265625
31859.,3.7246875
31860.,3.7278125
31861.,3.7559375
31862.,3.7403125
31863.,3.7396875
31864.,3.718125
31865.,3.735
31866.,3.7209375000
31867.,3.720625
31868.,3.755
31869.,3.7334375
31870.,3.7446875
31871.,3.709375
31872.,3.74
31873.,3.7140625000
31874.,3.7215625
31875.,3.735
31876.,3.7028125000
31877.,3.7190625
31878.,3.73
31879.,3.7290625
31880.,3.7209375000
31881.,3.715
31882.,3.731875
31883.,3.7218750000
31884.,3.7090625
31885.,3.7271875
31886.,3.7309375
31887.,3.7528125
31888.,3.745
31889.,3.745625
31890.,3.736875
31891.,3.758125
31892.,3.7578125
31893.,3.735625
31894.,3.7596875
31895.,3.73375
31896.,3.755625
31897.,3.726875
31898.,3.71375
31899.,3.761875
31900.,3.739375
31901.,3.768125
31902.,3.7443750000
31903.,3.7490625
31904.,3.7646875
31905.,3.7484375
31906.,3.7418750000
31907.,3.755625
31908.,3.7578125
31909.,3.7090625
31910.,3.748125
31911.,3.7440625
31912.,3.7228125
31913.,3.7315625
31914.,3.745625
31915.,3.7346875
31916.,3.75875
31917.,3.7859375
31918.,3.7559375
31919.,3.75
31920.,3.7396875
31921.,3.7509375
31922.,3.729375
31923.,3.7371875
31924.,3.7262500000
31925.,3.745625
31926.,3.7278125
31927.,3.730625
31928.,3.71625
31929.,3.7296875000
31930.,3.72
31931.,3.71875
31932.,3.7496875000
31933.,3.7725
31934.,3.763125
31935.,3.71625
31936.,3.735
31937.,3.7640625
31938.,3.7565625000
31939.,3.7453125000
31940.,3.7228125
31941.,3.7378125
31942.,3.756875
31943.,3.7443750000
31944.,3.7409375000
31945.,3.76625
31946.,3.7625
31947.,3.7531250000
31948.,3.7503125
31949.,3.73625
31950.,3.7509375
31951.,3.739375
31952.,3.7278125
31953.,3.7418750000
31954.,3.7325
31955.,3.7390625
31956.,3.7303125
31957.,3.7359375
31958.,3.7271875
31959.,3.749375
31960.,3.7234375
31961.,3.7203125
31962.,3.7800000000
31963.,3.7296875000
31964.,3.738125
31965.,3.743125
31966.,3.745
31967.,3.7375000000
31968.,3.74375
31969.,3.73375
31970.,3.745
31971.,3.7443750000
31972.,3.740625
31973.,3.711875
31974.,3.71125
31975.,3.75375
31976.,3.7409375000
31977.,3.7165625
31978.,3.7175000000
31979.,3.7046875
31980.,3.7315625
31981.,3.7271875
31982.,3.7115625
31983.,3.7184375000
31984.,3.7209375000
31985.,3.7234375
31986.,3.7409375000
31987.,3.7290625
31988.,3.7290625
31989.,3.74125
31990.,3.7328125
31991.,3.7240625
31992.,3.7334375
31993.,3.7196875
31994.,3.7409375000
31995.,3.69875
31996.,3.7262500000
31997.,3.740625
31998.,3.7359375
31999.,3.731875
32000.,3.7225
32001.,3.7340625000
32002.,3.7443750000
32003.,3.716875
32004.,3.7240625
32005.,3.7421875
32006.,3.7525
32007.,3.766875
32008.,3.73875
32009.,3.765625
32010.,3.7571875
32011.,3.71875
32012.,3.7634375
32013.,3.7246875
32014.,3.7296875000
32015.,3.7375000000
32016.,3.7371875
32017.,3.72
32018.,3.7221875
32019.,3.7490625
32020.,3.7115625
32021.,3.7340625000
32022.,3.7490625
32023.,3.7525
32024.,3.7375000000
32025.,3.749375
32026.,3.736875
32027.,3.7600000000
32028.,3.7178125
32029.,3.7471875
32030.,3.7603125
32031.,3.745625
32032.,3.7565625000
32033.,3.7028125000
32034.,3.7103125
32035.,3.7418750000
32036.,3.7475
32037.,3.7534375
32038.,3.7687500000
32039.,3.7565625000
32040.,3.7415625
32041.,3.7375000000
32042.,3.7959375
32043.,3.7596875
32044.,3.7634375
32045.,3.735625
32046.,3.73875
32047.,3.7896875
32048.,3.7328125
32049.,3.7521875000
32050.,3.749375
32051.,3.790625
32052.,3.7671875
32053.,3.74375
32054.,3.7443750000
32055.,3.7375000000
32056.,3.7471875
32057.,3.743125
32058.,3.72125
32059.,3.7196875
32060.,3.7515625
32061.,3.774375
32062.,3.738125
32063.,3.77125
32064.,3.79
32065.,3.756875
32066.,3.7415625
32067.,3.7687500000
32068.,3.74
32069.,3.7625
32070.,3.7646875
32071.,3.7475
32072.,3.7490625
32073.,3.74125
32074.,3.750625
32075.,3.7340625000
32076.,3.7590625
32077.,3.75875
32078.,3.7471875
32079.,3.7484375
32080.,3.7728125
32081.,3.7315625
32082.,3.7390625
32083.,3.7565625000
32084.,3.7428125
32085.,3.759375
32086.,3.7640625
32087.,3.7165625
32088.,3.7421875
32089.,3.7418750000
32090.,3.7534375
32091.,3.7284375
32092.,3.7487500000
32093.,3.755
32094.,3.745
32095.,3.7275
32096.,3.7378125
32097.,3.759375
32098.,3.776875
32099.,3.754375
32100.,3.7531250000
32101.,3.7796875
32102.,3.765625
32103.,3.7546875
32104.,3.7646875
32105.,3.7878125000
32106.,3.776875
32107.,3.7800000000
32108.,3.78625
32109.,3.776875
32110.,3.75375
32111.,3.7715625
32112.,3.75375
32113.,3.7484375
32114.,3.7240625
32115.,3.7559375
32116.,3.7521875000
32117.,3.793125
32118.,3.7775
32119.,3.7828125
32120.,3.7275
32121.,3.78625
32122.,3.785625
32123.,3.7871875
32124.,3.7690625
32125.,3.7571875
32126.,3.745
32127.,3.7756250000
32128.,3.7475
32129.,3.74625
32130.,3.7665625
32131.,3.7428125
32132.,3.754375
32133.,3.7828125
32134.,3.7396875
32135.,3.7578125
32136.,3.7315625
32137.,3.7665625
32138.,3.760625
32139.,3.7487500000
32140.,3.7731250000
32141.,3.7378125
32142.,3.766875
32143.,3.723125
32144.,3.7375000000
32145.,3.7075
32146.,3.7575000000
32147.,3.7378125
32148.,3.7603125
32149.,3.7275
32150.,3.7287500000
32151.,3.761875
32152.,3.7665625
32153.,3.7328125
32154.,3.7815625
32155.,3.7671875
32156.,3.7465625
32157.,3.728125
32158.,3.7653125000
32159.,3.755
32160.,3.7609375000
32161.,3.7509375
32162.,3.75125
32163.,3.7571875
32164.,3.75875
32165.,3.7309375
32166.,3.7687500000
32167.,3.7584375
32168.,3.7425
32169.,3.7440625
32170.,3.7140625000
32171.,3.7531250000
32172.,3.7278125
32173.,3.7428125
32174.,3.73125
32175.,3.75625
32176.,3.74375
32177.,3.7459375
32178.,3.7459375
32179.,3.7409375000
32180.,3.7175000000
32181.,3.7271875
32182.,3.726875
32183.,3.7221875
32184.,3.7228125
32185.,3.714375
32186.,3.70875
32187.,3.7015625
32188.,3.7171875
32189.,3.6978125
32190.,3.6996875
32191.,3.7228125
32192.,3.6750000000
32193.,3.6771875
32194.,3.7128125
32195.,3.716875
32196.,3.7165625
32197.,3.7125
32198.,3.7159375
32199.,3.7240625
32200.,3.7246875
32201.,3.7371875
32202.,3.705625
32203.,3.7053125000
32204.,3.7115625
32205.,3.7062500000
32206.,3.7215625
32207.,3.7421875
32208.,3.7471875
32209.,3.711875
32210.,3.7106250000
32211.,3.7371875
32212.,3.7253125000
32213.,3.7553125
32214.,3.763125
32215.,3.7503125
32216.,3.7428125
32217.,3.7590625
32218.,3.7428125
32219.,3.740625
32220.,3.7540625
32221.,3.7346875
32222.,3.735625
32223.,3.7071875
32224.,3.7484375
32225.,3.7421875
32226.,3.7209375000
32227.,3.73
32228.,3.7346875
32229.,3.7215625
32230.,3.74125
32231.,3.7396875
32232.,3.7271875
32233.,3.7375000000
32234.,3.7125
32235.,3.715625
32236.,3.7615625
32237.,3.7315625
32238.,3.7275
32239.,3.723125
32240.,3.7728125
32241.,3.7378125
32242.,3.7403125
32243.,3.7643750000
32244.,3.7418750000
32245.,3.7590625
32246.,3.763125
32247.,3.74625
32248.,3.760625
32249.,3.7625
32250.,3.7603125
32251.,3.751875
32252.,3.7734375
32253.,3.7525
32254.,3.7521875000
32255.,3.7559375
32256.,3.7525
32257.,3.738125
32258.,3.745
32259.,3.756875
32260.,3.75625
32261.,3.78375
32262.,3.729375
32263.,3.765
32264.,3.7659375
32265.,3.7484375
32266.,3.76625
32267.,3.754375
32268.,3.7725
32269.,3.7600000000
32270.,3.7603125
32271.,3.7459375
32272.,3.778125
32273.,3.7540625
32274.,3.7434375
32275.,3.7621875
32276.,3.75875
32277.,3.7725
32278.,3.76625
32279.,3.7471875
32280.,3.7665625
32281.,3.7734375
32282.,3.7696875
32283.,3.7515625
32284.,3.763125
32285.,3.790625
32286.,3.7359375
32287.,3.7515625
32288.,3.779375
32289.,3.7690625
32290.,3.7496875000
32291.,3.7646875
32292.,3.75125
32293.,3.7671875
32294.,3.7734375
32295.,3.7687500000
32296.,3.7715625
32297.,3.774375
32298.,3.7703125
32299.,3.769375
32300.,3.7378125
32301.,3.7528125
32302.,3.756875
32303.,3.770625
32304.,3.7546875
32305.,3.7621875
32306.,3.75625
32307.,3.7525
32308.,3.7515625
32309.,3.7559375
32310.,3.7331250000
32311.,3.7565625000
32312.,3.7628125
32313.,3.748125
32314.,3.7378125
32315.,3.7421875
32316.,3.7240625
32317.,3.7434375
32318.,3.754375
32319.,3.7731250000
32320.,3.760625
32321.,3.7428125
32322.,3.7371875
32323.,3.73
32324.,3.7503125
32325.,3.7440625
32326.,3.7321875
32327.,3.7509375
32328.,3.7565625000
32329.,3.73375
32330.,3.731875
32331.,3.7409375000
32332.,3.756875
32333.,3.746875
32334.,3.7621875
32335.,3.7471875
32336.,3.750625
32337.,3.7896875
32338.,3.77375
32339.,3.7775
32340.,3.7643750000
32341.,3.7525
32342.,3.74375
32343.,3.7434375
32344.,3.76375
32345.,3.745625
32346.,3.7596875
32347.,3.7418750000
32348.,3.74
32349.,3.759375
32350.,3.7528125
32351.,3.7696875
32352.,3.7671875
32353.,3.7484375
32354.,3.7340625000
32355.,3.7965625000
32356.,3.73875
32357.,3.7190625
32358.,3.7353125
32359.,3.7265625
32360.,3.7578125
32361.,3.7353125
32362.,3.7278125
32363.,3.734375
32364.,3.7603125
32365.,3.725625
32366.,3.698125
32367.,3.724375
32368.,3.7375000000
32369.,3.730625
32370.,3.7090625
32371.,3.7296875000
32372.,3.725625
32373.,3.715625
32374.,3.70875
32375.,3.685625
32376.,3.7071875
32377.,3.6959375
32378.,3.7428125
32379.,3.696875
32380.,3.725
32381.,3.70875
32382.,3.7159375
32383.,3.725
32384.,3.738125
32385.,3.7409375000
32386.,3.73
32387.,3.7178125
32388.,3.735
32389.,3.7775
32390.,3.7396875
32391.,3.770625
32392.,3.7765625000
32393.,3.7975
32394.,3.7640625
32395.,3.7453125000
32396.,3.769375
32397.,3.7525
32398.,3.7825
32399.,3.771875
32400.,3.7643750000
32401.,3.7675
32402.,3.7503125
32403.,3.7687500000
32404.,3.7690625
32405.,3.7728125
32406.,3.7643750000
32407.,3.745625
32408.,3.7359375
32409.,3.7487500000
32410.,3.759375
32411.,3.78375
32412.,3.7840625
32413.,3.7221875
32414.,3.7740625
32415.,3.7321875
32416.,3.7809375000
32417.,3.7646875
32418.,3.7390625
32419.,3.73
32420.,3.740625
32421.,3.7496875000
32422.,3.7428125
32423.,3.7646875
32424.,3.756875
32425.,3.7234375
32426.,3.718125
32427.,3.73625
32428.,3.71875
32429.,3.7328125
32430.,3.7328125
32431.,3.7446875
32432.,3.735
32433.,3.7196875
32434.,3.7690625
32435.,3.731875
32436.,3.7328125
32437.,3.7228125
32438.,3.7375000000
32439.,3.7490625
32440.,3.7403125
32441.,3.7475
32442.,3.7603125
32443.,3.7209375000
32444.,3.7475
32445.,3.7265625
32446.,3.729375
32447.,3.7331250000
32448.,3.72
32449.,3.755625
32450.,3.7384375
32451.,3.739375
32452.,3.7471875
32453.,3.72125
32454.,3.7546875
32455.,3.739375
32456.,3.73375
32457.,3.7521875000
32458.,3.77125
32459.,3.760625
32460.,3.7453125000
32461.,3.7465625
32462.,3.74375
32463.,3.7578125
32464.,3.7371875
32465.,3.7531250000
32466.,3.7625
32467.,3.76625
32468.,3.7359375
32469.,3.7425
32470.,3.7409375000
32471.,3.7709375
32472.,3.743125
32473.,3.7262500000
32474.,3.755625
32475.,3.7475
32476.,3.7334375
32477.,3.7131250000
32478.,3.7253125000
32479.,3.7321875
32480.,3.7284375
32481.,3.731875
32482.,3.74625
32483.,3.715625
32484.,3.754375
32485.,3.7303125
32486.,3.7443750000
32487.,3.7340625000
32488.,3.74375
32489.,3.7600000000
32490.,3.714375
32491.,3.748125
32492.,3.74
32493.,3.7600000000
32494.,3.7062500000
32495.,3.7503125
32496.,3.7609375000
32497.,3.751875
32498.,3.756875
32499.,3.7390625
32500.,3.7415625
32501.,3.7325
32502.,3.698125
32503.,3.751875
32504.,3.743125
32505.,3.759375
32506.,3.7434375
32507.,3.705
32508.,3.7303125
32509.,3.7246875
32510.,3.736875
32511.,3.73625
32512.,3.7528125
32513.,3.755625
32514.,3.734375
32515.,3.7134375
32516.,3.735625
32517.,3.73375
32518.,3.7287500000
32519.,3.7371875
32520.,3.7443750000
32521.,3.73875
32522.,3.7296875000
32523.,3.730625
32524.,3.7234375
32525.,3.7325
32526.,3.745
32527.,3.723125
32528.,3.7287500000
32529.,3.725
32530.,3.7334375
32531.,3.7531250000
32532.,3.7321875
32533.,3.7075
32534.,3.7328125
32535.,3.7096875000
32536.,3.6990625
32537.,3.7396875
32538.,3.719375
32539.,3.7131250000
32540.,3.7228125
32541.,3.7359375
32542.,3.7109375
32543.,3.725625
32544.,3.6959375
32545.,3.71625
32546.,3.7253125000
32547.,3.7140625000
32548.,3.71125
32549.,3.68375
32550.,3.6925
32551.,3.69125
32552.,3.705625
32553.,3.706875
32554.,3.705
32555.,3.7340625000
32556.,3.7053125000
32557.,3.7115625
32558.,3.7071875
32559.,3.6984375000
32560.,3.7290625
32561.,3.7234375
32562.,3.716875
32563.,3.7253125000
32564.,3.725
32565.,3.7190625
32566.,3.7115625
32567.,3.7059375
32568.,3.7184375000
32569.,3.6846875
32570.,3.6996875
32571.,3.7171875
32572.,3.7090625
32573.,3.72125
32574.,3.734375
32575.,3.708125
32576.,3.726875
32577.,3.7046875
32578.,3.71625
32579.,3.7053125000
32580.,3.7106250000
32581.,3.7315625
32582.,3.7375000000
32583.,3.7131250000
32584.,3.73375
32585.,3.72375
32586.,3.7375000000
32587.,3.6959375
32588.,3.74
32589.,3.7334375
32590.,3.7321875
32591.,3.75
32592.,3.7534375
32593.,3.7471875
32594.,3.7687500000
32595.,3.7756250000
32596.,3.7353125
32597.,3.7403125
32598.,3.7175000000
32599.,3.7425
32600.,3.72
32601.,3.7328125
32602.,3.7353125
32603.,3.723125
32604.,3.7584375
32605.,3.7303125
32606.,3.766875
32607.,3.7509375
32608.,3.7425
32609.,3.7325
32610.,3.76125
32611.,3.7621875
32612.,3.7640625
32613.,3.750625
32614.,3.7565625000
32615.,3.7671875
32616.,3.7687500000
32617.,3.7521875000
32618.,3.7546875
32619.,3.7375000000
32620.,3.77125
32621.,3.7665625
32622.,3.731875
32623.,3.7675
32624.,3.7740625
32625.,3.7884375
32626.,3.7490625
32627.,3.7571875
32628.,3.750625
32629.,3.766875
32630.,3.7625
32631.,3.7540625
32632.,3.763125
32633.,3.760625
32634.,3.7609375000
32635.,3.748125
32636.,3.7746875
32637.,3.7846875
32638.,3.7853125
32639.,3.7325
32640.,3.7434375
32641.,3.7643750000
32642.,3.7428125
32643.,3.743125
32644.,3.7465625
32645.,3.76625
32646.,3.766875
32647.,3.7578125
32648.,3.7815625
32649.,3.7384375
32650.,3.736875
32651.,3.7459375
32652.,3.7515625
32653.,3.7478125
32654.,3.748125
32655.,3.7809375000
32656.,3.7484375
32657.,3.7253125000
32658.,3.761875
32659.,3.7553125
32660.,3.7228125
32661.,3.738125
32662.,3.7671875
32663.,3.7578125
32664.,3.761875
32665.,3.7421875
32666.,3.7496875000
32667.,3.7678125000
32668.,3.74125
32669.,3.7375000000
32670.,3.7578125
32671.,3.754375
32672.,3.7559375
32673.,3.7440625
32674.,3.73125
32675.,3.718125
32676.,3.7403125
32677.,3.7215625
32678.,3.7240625
32679.,3.7325
32680.,3.7365625000
32681.,3.7371875
32682.,3.75375
32683.,3.7209375000
32684.,3.731875
32685.,3.754375
32686.,3.755
32687.,3.7496875000
32688.,3.7875
32689.,3.7425
32690.,3.7334375
32691.,3.7640625
32692.,3.759375
32693.,3.7478125
32694.,3.754375
32695.,3.745625
32696.,3.7521875000
32697.,3.7365625000
32698.,3.765625
32699.,3.756875
32700.,3.755
32701.,3.7515625
32702.,3.7571875
32703.,3.7071875
32704.,3.72375
32705.,3.7287500000
32706.,3.7496875000
32707.,3.75125
32708.,3.763125
32709.,3.731875
32710.,3.7284375
32711.,3.7484375
32712.,3.7465625
32713.,3.7559375
32714.,3.7678125000
32715.,3.7690625
32716.,3.7534375
32717.,3.7653125000
32718.,3.7671875
32719.,3.73
32720.,3.7334375
32721.,3.746875
32722.,3.7221875
32723.,3.7196875
32724.,3.71625
32725.,3.703125
32726.,3.725
32727.,3.7109375
32728.,3.735
32729.,3.7418750000
32730.,3.7531250000
32731.,3.7496875000
32732.,3.7571875
32733.,3.7409375000
32734.,3.7653125000
32735.,3.739375
32736.,3.7425
32737.,3.7646875
32738.,3.7434375
32739.,3.7643750000
32740.,3.751875
32741.,3.7528125
32742.,3.75875
32743.,3.7428125
32744.,3.735
32745.,3.75
32746.,3.7446875
32747.,3.7721875000
32748.,3.7625
32749.,3.75375
32750.,3.743125
32751.,3.750625
32752.,3.745
32753.,3.7315625
32754.,3.7525
32755.,3.7534375
32756.,3.763125
32757.,3.7371875
32758.,3.731875
32759.,3.749375
32760.,3.7475
32761.,3.7484375
32762.,3.7340625000
32763.,3.75625
32764.,3.7709375
32765.,3.761875
32766.,3.7571875
32767.,3.7609375000
32768.,3.755625
32769.,3.7418750000
32770.,3.7328125
32771.,3.7471875
32772.,3.74125
32773.,3.745
32774.,3.765
32775.,3.755
32776.,3.7378125
32777.,3.7559375
32778.,3.7484375
32779.,3.75875
32780.,3.7425
32781.,3.761875
32782.,3.7415625
32783.,3.7496875000
32784.,3.7359375
32785.,3.7390625
32786.,3.7665625
32787.,3.7425
32788.,3.7421875
32789.,3.7590625
32790.,3.7640625
32791.,3.7603125
32792.,3.7600000000
32793.,3.7509375
32794.,3.7775
32795.,3.7675
32796.,3.7546875
32797.,3.7525
32798.,3.740625
32799.,3.7484375
32800.,3.7534375
32801.,3.77
32802.,3.751875
32803.,3.7540625
32804.,3.7453125000
32805.,3.75875
32806.,3.7690625
32807.,3.774375
32808.,3.780625
32809.,3.7840625
32810.,3.746875
32811.,3.7643750000
32812.,3.766875
32813.,3.75
32814.,3.7840625
32815.,3.765
32816.,3.7775
32817.,3.768125
32818.,3.7578125
32819.,3.765
32820.,3.77875
32821.,3.78125
32822.,3.765625
32823.,3.7603125
32824.,3.76625
32825.,3.7603125
32826.,3.76125
32827.,3.7446875
32828.,3.750625
32829.,3.7375000000
32830.,3.7396875
32831.,3.760625
32832.,3.7221875
32833.,3.7653125000
32834.,3.73875
32835.,3.785
32836.,3.7453125000
32837.,3.7503125
32838.,3.778125
32839.,3.7375000000
32840.,3.7675
32841.,3.758125
32842.,3.760625
32843.,3.779375
32844.,3.7418750000
32845.,3.750625
32846.,3.7534375
32847.,3.7746875
32848.,3.765625
32849.,3.7331250000
32850.,3.7615625
32851.,3.720625
32852.,3.7621875
32853.,3.7503125
32854.,3.7475
32855.,3.7525
32856.,3.75125
32857.,3.761875
32858.,3.7346875
32859.,3.7209375000
32860.,3.77375
32861.,3.7340625000
32862.,3.7409375000
32863.,3.743125
32864.,3.7265625
32865.,3.70875
32866.,3.7690625
32867.,3.7146875
32868.,3.7321875
32869.,3.7303125
32870.,3.738125
32871.,3.7565625000
32872.,3.740625
32873.,3.759375
32874.,3.7600000000
32875.,3.73625
32876.,3.7503125
32877.,3.7425
32878.,3.7287500000
32879.,3.7296875000
32880.,3.718125
32881.,3.7428125
32882.,3.7340625000
32883.,3.748125
32884.,3.756875
32885.,3.7443750000
32886.,3.7478125
32887.,3.7553125
32888.,3.7487500000
32889.,3.7546875
32890.,3.7590625
32891.,3.7534375
32892.,3.7359375
32893.,3.7325
32894.,3.735625
32895.,3.7784375
32896.,3.7475
32897.,3.74125
32898.,3.7215625
32899.,3.7215625
32900.,3.7259375
32901.,3.7303125
32902.,3.745
32903.,3.7496875000
32904.,3.7653125000
32905.,3.7696875
32906.,3.7571875
32907.,3.7640625
32908.,3.770625
32909.,3.7528125
32910.,3.77125
32911.,3.7443750000
32912.,3.7565625000
32913.,3.7728125
32914.,3.761875
32915.,3.7865625
32916.,3.8046875
32917.,3.7721875000
32918.,3.7684375
32919.,3.7609375000
32920.,3.7721875000
32921.,3.7909375
32922.,3.7859375
32923.,3.7846875
32924.,3.7746875
32925.,3.7709375
32926.,3.76625
32927.,3.7571875
32928.,3.7759375
32929.,3.7765625000
32930.,3.7471875
32931.,3.7609375000
32932.,3.7709375
32933.,3.7496875000
32934.,3.7643750000
32935.,3.75625
32936.,3.7634375
32937.,3.7721875000
32938.,3.750625
32939.,3.7759375
32940.,3.779375
32941.,3.75375
32942.,3.800625
32943.,3.7534375
32944.,3.7440625
32945.,3.7525
32946.,3.7528125
32947.,3.7896875
32948.,3.758125
32949.,3.7978125
32950.,3.7884375
32951.,3.7553125
32952.,3.7725
32953.,3.7584375
32954.,3.7625
32955.,3.7853125
32956.,3.75375
32957.,3.77375
32958.,3.7371875
32959.,3.760625
32960.,3.7646875
32961.,3.7675
32962.,3.750625
32963.,3.75375
32964.,3.7571875
32965.,3.7725
32966.,3.7546875
32967.,3.7565625000
32968.,3.7490625
32969.,3.7534375
32970.,3.7440625
32971.,3.803125
32972.,3.776875
32973.,3.77125
32974.,3.7515625
32975.,3.7540625
32976.,3.763125
32977.,3.7487500000
32978.,3.789375
32979.,3.7884375
32980.,3.7409375000
32981.,3.7521875000
32982.,3.765
32983.,3.750625
32984.,3.7678125000
32985.,3.7928125
32986.,3.7715625
32987.,3.7865625
32988.,3.77625
32989.,3.7678125000
32990.,3.7809375000
32991.,3.7746875
32992.,3.7887500000
32993.,3.8065625
32994.,3.7990625000
32995.,3.7584375
32996.,3.7784375
32997.,3.7875
32998.,3.779375
32999.,3.774375
33000.,3.7728125
33001.,3.7825
33002.,3.785625
33003.,3.7731250000
33004.,3.7715625
33005.,3.7671875
33006.,3.793125
33007.,3.7809375000
33008.,3.7675
33009.,3.754375
33010.,3.7915625
33011.,3.785
33012.,3.805
33013.,3.78375
33014.,3.8009375
33015.,3.7878125000
33016.,3.7646875
33017.,3.769375
33018.,3.74375
33019.,3.7471875
33020.,3.7825
33021.,3.7634375
33022.,3.735625
33023.,3.7790625
33024.,3.761875
33025.,3.755
33026.,3.776875
33027.,3.7609375000
33028.,3.75125
33029.,3.756875
33030.,3.7709375
33031.,3.7375000000
33032.,3.7531250000
33033.,3.7471875
33034.,3.7475
33035.,3.770625
33036.,3.7759375
33037.,3.7578125
33038.,3.765
33039.,3.75875
33040.,3.749375
33041.,3.7453125000
33042.,3.7571875
33043.,3.76625
33044.,3.7990625000
33045.,3.768125
33046.,3.77875
33047.,3.7678125000
33048.,3.776875
33049.,3.7578125
33050.,3.7590625
33051.,3.7834375000
33052.,3.76375
33053.,3.7825
33054.,3.775
33055.,3.7434375
33056.,3.7625
33057.,3.77
33058.,3.789375
33059.,3.7696875
33060.,3.794375
33061.,3.785
33062.,3.77
33063.,3.759375
33064.,3.75875
33065.,3.758125
33066.,3.7465625
33067.,3.7590625
33068.,3.749375
33069.,3.7418750000
33070.,3.7603125
33071.,3.7490625
33072.,3.7353125
33073.,3.7678125000
33074.,3.7443750000
33075.,3.7359375
33076.,3.7284375
33077.,3.75625
33078.,3.774375
33079.,3.7596875
33080.,3.7328125
33081.,3.7703125
33082.,3.7609375000
33083.,3.7465625
33084.,3.775
33085.,3.76125
33086.,3.765
33087.,3.7553125
33088.,3.761875
33089.,3.7678125000
33090.,3.768125
33091.,3.774375
33092.,3.7571875
33093.,3.7275
33094.,3.7731250000
33095.,3.800625
33096.,3.755
33097.,3.8015625
33098.,3.7728125
33099.,3.7765625000
33100.,3.7559375
33101.,3.7709375
33102.,3.778125
33103.,3.7875
33104.,3.7971875
33105.,3.7903125
33106.,3.7615625
33107.,3.7584375
33108.,3.7753125
33109.,3.7465625
33110.,3.74375
33111.,3.77375
33112.,3.8040625
33113.,3.7528125
33114.,3.7871875
33115.,3.7828125
33116.,3.7928125
33117.,3.7884375
33118.,3.7875
33119.,3.7921875000
33120.,3.77125
33121.,3.7896875
33122.,3.789375
33123.,3.77625
33124.,3.7946875
33125.,3.7756250000
33126.,3.77625
33127.,3.7846875
33128.,3.796875
33129.,3.80625
33130.,3.788125
33131.,3.781875
33132.,3.775
33133.,3.790625
33134.,3.7771875
33135.,3.77625
33136.,3.78125
33137.,3.7775
33138.,3.814375
33139.,3.7690625
33140.,3.800625
33141.,3.7759375
33142.,3.796875
33143.,3.8071875
33144.,3.7621875
33145.,3.7775
33146.,3.7765625000
33147.,3.7887500000
33148.,3.7884375
33149.,3.7721875000
33150.,3.7600000000
33151.,3.7646875
33152.,3.7759375
33153.,3.7678125000
33154.,3.8071875
33155.,3.7965625000
33156.,3.763125
33157.,3.7925
33158.,3.818125
33159.,3.79625
33160.,3.770625
33161.,3.7625
33162.,3.7725
33163.,3.781875
33164.,3.7571875
33165.,3.7571875
33166.,3.7525
33167.,3.779375
33168.,3.7765625000
33169.,3.75125
33170.,3.7446875
33171.,3.785
33172.,3.7821875
33173.,3.76125
33174.,3.7765625000
33175.,3.761875
33176.,3.7846875
33177.,3.774375
33178.,3.7721875000
33179.,3.7678125000
33180.,3.7390625
33181.,3.785625
33182.,3.7659375
33183.,3.7984375
33184.,3.751875
33185.,3.765
33186.,3.7784375
33187.,3.745625
33188.,3.77
33189.,3.7846875
33190.,3.801875
33191.,3.76375
33192.,3.79875
33193.,3.774375
33194.,3.809375
33195.,3.755
33196.,3.7675
33197.,3.7696875
33198.,3.7978125
33199.,3.7553125
33200.,3.7790625
33201.,3.7765625000
33202.,3.789375
33203.,3.785625
33204.,3.751875
33205.,3.7734375
33206.,3.7678125000
33207.,3.78375
33208.,3.748125
33209.,3.7696875
33210.,3.7715625
33211.,3.805625
33212.,3.78625
33213.,3.794375
33214.,3.774375
33215.,3.76125
33216.,3.7965625000
33217.,3.7815625
33218.,3.7975
33219.,3.7956250000
33220.,3.7640625
33221.,3.7778125
33222.,3.8068750000
33223.,3.7690625
33224.,3.7803125
33225.,3.7878125000
33226.,3.7834375000
33227.,3.7934375
33228.,3.7859375
33229.,3.7853125
33230.,3.7515625
33231.,3.783125
33232.,3.7665625
33233.,3.754375
33234.,3.77875
33235.,3.8046875
33236.,3.7890625
33237.,3.7687500000
33238.,3.7590625
33239.,3.7890625
33240.,3.755625
33241.,3.759375
33242.,3.7840625
33243.,3.7765625000
33244.,3.751875
33245.,3.798125
33246.,3.7640625
33247.,3.7453125000
33248.,3.7590625
33249.,3.768125
33250.,3.76625
33251.,3.745625
33252.,3.7471875
33253.,3.7646875
33254.,3.7487500000
33255.,3.7575000000
33256.,3.7609375000
33257.,3.760625
33258.,3.7490625
33259.,3.7634375
33260.,3.7525
33261.,3.765
33262.,3.754375
33263.,3.755
33264.,3.7728125
33265.,3.779375
33266.,3.78625
33267.,3.7953125
33268.,3.7703125
33269.,3.7553125
33270.,3.7640625
33271.,3.769375
33272.,3.771875
33273.,3.7434375
33274.,3.7821875
33275.,3.7590625
33276.,3.765
33277.,3.751875
33278.,3.790625
33279.,3.73875
33280.,3.7434375
33281.,3.7459375
33282.,3.7459375
33283.,3.7346875
33284.,3.7371875
33285.,3.7653125000
33286.,3.7496875000
33287.,3.7534375
33288.,3.7440625
33289.,3.776875
33290.,3.7596875
33291.,3.7728125
33292.,3.7709375
33293.,3.785
33294.,3.7759375
33295.,3.7571875
33296.,3.7525
33297.,3.765625
33298.,3.785625
33299.,3.768125
33300.,3.7659375
33301.,3.7875
33302.,3.79875
33303.,3.750625
33304.,3.780625
33305.,3.7796875
33306.,3.7603125
33307.,3.7809375000
33308.,3.749375
33309.,3.75125
33310.,3.7784375
33311.,3.7865625
33312.,3.7815625
33313.,3.7765625000
33314.,3.7496875000
33315.,3.755625
33316.,3.765625
33317.,3.7475
33318.,3.785625
33319.,3.7875
33320.,3.7584375
33321.,3.78375
33322.,3.78375
33323.,3.789375
33324.,3.79625
33325.,3.7753125
33326.,3.7615625
33327.,3.799375
33328.,3.745625
33329.,3.7896875
33330.,3.7584375
33331.,3.8043750000
33332.,3.7800000000
33333.,3.7703125
33334.,3.7756250000
33335.,3.7975
33336.,3.7996875
33337.,3.7909375
33338.,3.8034375000
33339.,3.794375
33340.,3.781875
33341.,3.756875
33342.,3.8090625
33343.,3.7715625
33344.,3.7790625
33345.,3.7865625
33346.,3.79
33347.,3.7709375
33348.,3.8025
33349.,3.8000000000
33350.,3.766875
33351.,3.7465625
33352.,3.7884375
33353.,3.78375
33354.,3.7890625
33355.,3.7696875
33356.,3.759375
33357.,3.79875
33358.,3.780625
33359.,3.7753125
33360.,3.7628125
33361.,3.759375
33362.,3.7634375
33363.,3.77375
33364.,3.7515625
33365.,3.7259375
33366.,3.7503125
33367.,3.78125
33368.,3.7684375
33369.,3.7731250000
33370.,3.788125
33371.,3.7678125000
33372.,3.7965625000
33373.,3.770625
33374.,3.7865625
33375.,3.7640625
33376.,3.79625
33377.,3.7490625
33378.,3.783125
33379.,3.780625
33380.,3.79
33381.,3.796875
33382.,3.7621875
33383.,3.749375
33384.,3.736875
33385.,3.751875
33386.,3.765
33387.,3.7528125
33388.,3.7865625
33389.,3.75625
33390.,3.7696875
33391.,3.785625
33392.,3.780625
33393.,3.77
33394.,3.7515625
33395.,3.7565625000
33396.,3.7753125
33397.,3.7546875
33398.,3.7478125
33399.,3.7490625
33400.,3.765625
33401.,3.7821875
33402.,3.7490625
33403.,3.7600000000
33404.,3.7596875
33405.,3.7600000000
33406.,3.758125
33407.,3.746875
33408.,3.7621875
33409.,3.75875
33410.,3.7584375
33411.,3.7453125000
33412.,3.7659375
33413.,3.7925
33414.,3.7956250000
33415.,3.7575000000
33416.,3.7496875000
33417.,3.7790625
33418.,3.7684375
33419.,3.734375
33420.,3.770625
33421.,3.7525
33422.,3.7418750000
33423.,3.7234375
33424.,3.7484375
33425.,3.765
33426.,3.7596875
33427.,3.7503125
33428.,3.7503125
33429.,3.774375
33430.,3.7971875
33431.,3.7646875
33432.,3.77625
33433.,3.7646875
33434.,3.75875
33435.,3.7765625000
33436.,3.7756250000
33437.,3.7515625
33438.,3.75625
33439.,3.7800000000
33440.,3.7984375
33441.,3.7575000000
33442.,3.791875
33443.,3.776875
33444.,3.785
33445.,3.7915625
33446.,3.7703125
33447.,3.8034375000
33448.,3.775
33449.,3.7859375
33450.,3.769375
33451.,3.7903125
33452.,3.7953125
33453.,3.7665625
33454.,3.75375
33455.,3.8125
33456.,3.7871875
33457.,3.7665625
33458.,3.7828125
33459.,3.805625
33460.,3.7915625
33461.,3.809375
33462.,3.75
33463.,3.799375
33464.,3.7759375
33465.,3.7875
33466.,3.78375
33467.,3.7903125
33468.,3.7775
33469.,3.8025
33470.,3.7675
33471.,3.766875
33472.,3.7671875
33473.,3.77625
33474.,3.8068750000
33475.,3.7553125
33476.,3.7615625
33477.,3.7834375000
33478.,3.756875
33479.,3.7365625000
33480.,3.74375
33481.,3.7709375
33482.,3.766875
33483.,3.7959375
33484.,3.7709375
33485.,3.7853125
33486.,3.7731250000
33487.,3.756875
33488.,3.7684375
33489.,3.7715625
33490.,3.7928125
33491.,3.7903125
33492.,3.7853125
33493.,3.76625
33494.,3.7790625
33495.,3.7853125
33496.,3.7865625
33497.,3.8146875000
33498.,3.7828125
33499.,3.7840625
33500.,3.7884375
33501.,3.7821875
33502.,3.7784375
33503.,3.7721875000
33504.,3.8112500000
33505.,3.8215625
33506.,3.8190625000
33507.,3.798125
33508.,3.770625
33509.,3.796875
33510.,3.7734375
33511.,3.7800000000
33512.,3.786875
33513.,3.803125
33514.,3.760625
33515.,3.786875
33516.,3.783125
33517.,3.7875
33518.,3.7703125
33519.,3.7784375
33520.,3.799375
33521.,3.8112500000
33522.,3.7915625
33523.,3.7634375
33524.,3.79
33525.,3.7996875
33526.,3.80625
33527.,3.7803125
33528.,3.79375
33529.,3.7884375
33530.,3.781875
33531.,3.785
33532.,3.7796875
33533.,3.80125
33534.,3.7875
33535.,3.7765625000
33536.,3.810625
33537.,3.774375
33538.,3.7834375000
33539.,3.7775
33540.,3.7534375
33541.,3.7759375
33542.,3.798125
33543.,3.770625
33544.,3.789375
33545.,3.7959375
33546.,3.7775
33547.,3.754375
33548.,3.7796875
33549.,3.7753125
33550.,3.7887500000
33551.,3.7921875000
33552.,3.7715625
33553.,3.761875
33554.,3.7846875
33555.,3.785625
33556.,3.76625
33557.,3.7912500000
33558.,3.80375
33559.,3.7731250000
33560.,3.765625
33561.,3.7803125
33562.,3.7696875
33563.,3.7721875000
33564.,3.7921875000
33565.,3.7409375000
33566.,3.761875
33567.,3.7865625
33568.,3.7775
33569.,3.7828125
33570.,3.7859375
33571.,3.770625
33572.,3.79875
33573.,3.781875
33574.,3.7865625
33575.,3.7731250000
33576.,3.774375
33577.,3.7771875
33578.,3.77
33579.,3.779375
33580.,3.7859375
33581.,3.746875
33582.,3.7709375
33583.,3.769375
33584.,3.778125
33585.,3.7765625000
33586.,3.7446875
33587.,3.7731250000
33588.,3.7690625
33589.,3.779375
33590.,3.760625
33591.,3.7359375
33592.,3.7546875
33593.,3.768125
33594.,3.7796875
33595.,3.7575000000
33596.,3.7643750000
33597.,3.7828125
33598.,3.789375
33599.,3.76625
33600.,3.7715625
33601.,3.74375
33602.,3.77125
33603.,3.725
33604.,3.75
33605.,3.7490625
33606.,3.754375
33607.,3.7234375
33608.,3.7534375
33609.,3.7234375
33610.,3.74375
33611.,3.76125
33612.,3.7640625
33613.,3.754375
33614.,3.7603125
33615.,3.7687500000
33616.,3.7415625
33617.,3.7340625000
33618.,3.735
33619.,3.7675
33620.,3.755
33621.,3.7703125
33622.,3.763125
33623.,3.779375
33624.,3.7600000000
33625.,3.779375
33626.,3.7453125000
33627.,3.749375
33628.,3.7715625
33629.,3.76625
33630.,3.7765625000
33631.,3.7696875
33632.,3.77875
33633.,3.7871875
33634.,3.7665625
33635.,3.7775
33636.,3.7759375
33637.,3.755
33638.,3.75125
33639.,3.75375
33640.,3.770625
33641.,3.7525
33642.,3.7409375000
33643.,3.7575000000
33644.,3.7643750000
33645.,3.7531250000
33646.,3.7328125
33647.,3.748125
33648.,3.7478125
33649.,3.7771875
33650.,3.7896875
33651.,3.725
33652.,3.73375
33653.,3.7625
33654.,3.7590625
33655.,3.7534375
33656.,3.765625
33657.,3.7571875
33658.,3.77125
33659.,3.7471875
33660.,3.7728125
33661.,3.756875
33662.,3.7800000000
33663.,3.7634375
33664.,3.740625
33665.,3.7509375
33666.,3.7771875
33667.,3.7690625
33668.,3.738125
33669.,3.754375
33670.,3.7965625000
33671.,3.7603125
33672.,3.7528125
33673.,3.770625
33674.,3.7571875
33675.,3.7765625000
33676.,3.7621875
33677.,3.7521875000
33678.,3.7625
33679.,3.748125
33680.,3.77125
33681.,3.7490625
33682.,3.740625
33683.,3.7628125
33684.,3.78125
33685.,3.7509375
33686.,3.755625
33687.,3.7465625
33688.,3.7443750000
33689.,3.7684375
33690.,3.7878125000
33691.,3.7625
33692.,3.8021875
33693.,3.786875
33694.,3.77875
33695.,3.7859375
33696.,3.7590625
33697.,3.779375
33698.,3.7759375
33699.,3.8128125
33700.,3.8103125
33701.,3.79375
33702.,3.7915625
33703.,3.7921875000
33704.,3.79
33705.,3.7771875
33706.,3.7600000000
33707.,3.8000000000
33708.,3.7687500000
33709.,3.7825
33710.,3.7703125
33711.,3.749375
33712.,3.77625
33713.,3.791875
33714.,3.7640625
33715.,3.76625
33716.,3.786875
33717.,3.7915625
33718.,3.7784375
33719.,3.761875
33720.,3.7784375
33721.,3.7903125
33722.,3.745625
33723.,3.7331250000
33724.,3.780625
33725.,3.7865625
33726.,3.7659375
33727.,3.7496875000
33728.,3.770625
33729.,3.7753125
33730.,3.7896875
33731.,3.7525
33732.,3.7940625
33733.,3.7531250000
33734.,3.7453125000
33735.,3.7525
33736.,3.8021875
33737.,3.7609375000
33738.,3.768125
33739.,3.74375
33740.,3.7531250000
33741.,3.7565625000
33742.,3.76375
33743.,3.759375
33744.,3.7478125
33745.,3.7565625000
33746.,3.789375
33747.,3.7540625
33748.,3.7584375
33749.,3.7671875
33750.,3.7509375
33751.,3.7418750000
33752.,3.7440625
33753.,3.749375
33754.,3.770625
33755.,3.734375
33756.,3.740625
33757.,3.7275
33758.,3.7578125
33759.,3.7665625
33760.,3.7453125000
33761.,3.7525
33762.,3.749375
33763.,3.7246875
33764.,3.743125
33765.,3.7353125
33766.,3.75
33767.,3.785
33768.,3.77125
33769.,3.7496875000
33770.,3.7525
33771.,3.7653125000
33772.,3.749375
33773.,3.7353125
33774.,3.7153125
33775.,3.761875
33776.,3.7396875
33777.,3.7218750000
33778.,3.734375
33779.,3.7218750000
33780.,3.7215625
33781.,3.71625
33782.,3.7384375
33783.,3.7309375
33784.,3.7490625
33785.,3.711875
33786.,3.7171875
33787.,3.7290625
33788.,3.7246875
33789.,3.72125
33790.,3.7565625000
33791.,3.7396875
33792.,3.73
33793.,3.7218750000
33794.,3.7478125
33795.,3.7409375000
33796.,3.7253125000
33797.,3.740625
33798.,3.720625
33799.,3.7378125
33800.,3.77
33801.,3.7459375
33802.,3.7331250000
33803.,3.735
33804.,3.751875
33805.,3.77375
33806.,3.740625
33807.,3.7346875
33808.,3.7490625
33809.,3.7371875
33810.,3.7590625
33811.,3.724375
33812.,3.7440625
33813.,3.7634375
33814.,3.7615625
33815.,3.759375
33816.,3.74125
33817.,3.758125
33818.,3.765625
33819.,3.7665625
33820.,3.7296875000
33821.,3.751875
33822.,3.7503125
33823.,3.7553125
33824.,3.760625
33825.,3.754375
33826.,3.7953125
33827.,3.7921875000
33828.,3.7653125000
33829.,3.755625
33830.,3.7578125
33831.,3.795
33832.,3.7628125
33833.,3.755625
33834.,3.7531250000
33835.,3.766875
33836.,3.7984375
33837.,3.785625
33838.,3.7703125
33839.,3.7603125
33840.,3.7665625
33841.,3.7671875
33842.,3.735
33843.,3.75875
33844.,3.75875
33845.,3.745625
33846.,3.754375
33847.,3.7759375
33848.,3.7921875000
33849.,3.7559375
33850.,3.75875
33851.,3.75625
33852.,3.7771875
33853.,3.7728125
33854.,3.77
33855.,3.769375
33856.,3.766875
33857.,3.760625
33858.,3.760625
33859.,3.765
33860.,3.763125
33861.,3.7453125000
33862.,3.7471875
33863.,3.7496875000
33864.,3.75875
33865.,3.7534375
33866.,3.7359375
33867.,3.7675
33868.,3.780625
33869.,3.75625
33870.,3.7353125
33871.,3.7546875
33872.,3.7528125
33873.,3.73875
33874.,3.7703125
33875.,3.76375
33876.,3.7725
33877.,3.7465625
33878.,3.7534375
33879.,3.7487500000
33880.,3.7721875000
33881.,3.748125
33882.,3.7753125
33883.,3.7403125
33884.,3.7190625
33885.,3.745
33886.,3.7415625
33887.,3.7640625
33888.,3.7340625000
33889.,3.749375
33890.,3.748125
33891.,3.7459375
33892.,3.7396875
33893.,3.7378125
33894.,3.7459375
33895.,3.7525
33896.,3.7790625
33897.,3.7521875000
33898.,3.7696875
33899.,3.7731250000
33900.,3.761875
33901.,3.7540625
33902.,3.7584375
33903.,3.79375
33904.,3.75875
33905.,3.7590625
33906.,3.76625
33907.,3.7646875
33908.,3.761875
33909.,3.77
33910.,3.79875
33911.,3.7578125
33912.,3.7778125
33913.,3.7496875000
33914.,3.7371875
33915.,3.7521875000
33916.,3.781875
33917.,3.8115625
33918.,3.7759375
33919.,3.7884375
33920.,3.7853125
33921.,3.7946875
33922.,3.7887500000
33923.,3.7703125
33924.,3.73875
33925.,3.7896875
33926.,3.7740625
33927.,3.7415625
33928.,3.7734375
33929.,3.7875
33930.,3.75875
33931.,3.7634375
33932.,3.760625
33933.,3.794375
33934.,3.7503125
33935.,3.7453125000
33936.,3.763125
33937.,3.7487500000
33938.,3.790625
33939.,3.7596875
33940.,3.7340625000
33941.,3.7625
33942.,3.7584375
33943.,3.7578125
33944.,3.7765625000
33945.,3.734375
33946.,3.7684375
33947.,3.7365625000
33948.,3.7428125
33949.,3.7546875
33950.,3.7434375
33951.,3.73125
33952.,3.7603125
33953.,3.7484375
33954.,3.758125
33955.,3.7359375
33956.,3.751875
33957.,3.768125
33958.,3.779375
33959.,3.7825
33960.,3.761875
33961.,3.75125
33962.,3.760625
33963.,3.7640625
33964.,3.759375
33965.,3.7600000000
33966.,3.751875
33967.,3.7653125000
33968.,3.7487500000
33969.,3.7475
33970.,3.7390625
33971.,3.7671875
33972.,3.7815625
33973.,3.72
33974.,3.761875
33975.,3.743125
33976.,3.77375
33977.,3.7403125
33978.,3.75
33979.,3.78125
33980.,3.7415625
33981.,3.7496875000
33982.,3.771875
33983.,3.74375
33984.,3.7509375
33985.,3.766875
33986.,3.7334375
33987.,3.7765625000
33988.,3.7731250000
33989.,3.7540625
33990.,3.7490625
33991.,3.770625
33992.,3.7325
33993.,3.7521875000
33994.,3.754375
33995.,3.7475
33996.,3.7740625
33997.,3.7690625
33998.,3.7309375
33999.,3.7634375
34000.,3.774375
34001.,3.7415625
34002.,3.7628125
34003.,3.77875
34004.,3.7653125000
34005.,3.7625
34006.,3.7696875
34007.,3.7490625
34008.,3.7759375
34009.,3.7621875
34010.,3.7687500000
34011.,3.7475
34012.,3.7778125
34013.,3.7659375
34014.,3.77375
34015.,3.73125
34016.,3.72
34017.,3.7478125
34018.,3.7490625
34019.,3.79375
34020.,3.7396875
34021.,3.778125
34022.,3.7690625
34023.,3.7728125
34024.,3.780625
34025.,3.74
34026.,3.774375
34027.,3.776875
34028.,3.766875
34029.,3.77875
34030.,3.77
34031.,3.785625
34032.,3.7725
34033.,3.758125
34034.,3.8043750000
34035.,3.769375
34036.,3.7628125
34037.,3.7815625
34038.,3.7859375
34039.,3.8125
34040.,3.7928125
34041.,3.790625
34042.,3.7628125
34043.,3.7765625000
34044.,3.78125
34045.,3.7996875
34046.,3.7996875
34047.,3.7953125
34048.,3.8153125
34049.,3.801875
34050.,3.77375
34051.,3.7675
34052.,3.789375
34053.,3.7643750000
34054.,3.7687500000
34055.,3.7746875
34056.,3.779375
34057.,3.77625
34058.,3.7487500000
34059.,3.7728125
34060.,3.7678125000
34061.,3.80875
34062.,3.77625
34063.,3.7759375
34064.,3.765
34065.,3.7809375000
34066.,3.7653125000
34067.,3.7796875
34068.,3.7753125
34069.,3.761875
34070.,3.7596875
34071.,3.7687500000
34072.,3.7853125
34073.,3.7703125
34074.,3.7690625
34075.,3.769375
34076.,3.7425
34077.,3.729375
34078.,3.7678125000
34079.,3.7428125
34080.,3.763125
34081.,3.796875
34082.,3.7659375
34083.,3.7418750000
34084.,3.7534375
34085.,3.7600000000
34086.,3.76375
34087.,3.7731250000
34088.,3.765625
34089.,3.7440625
34090.,3.7525
34091.,3.7925
34092.,3.794375
34093.,3.7690625
34094.,3.7784375
34095.,3.774375
34096.,3.77625
34097.,3.7715625
34098.,3.7828125
34099.,3.7756250000
34100.,3.7990625000
34101.,3.774375
34102.,3.78375
34103.,3.785625
34104.,3.7756250000
34105.,3.7665625
34106.,3.7600000000
34107.,3.8059375
34108.,3.7596875
34109.,3.7703125
34110.,3.771875
34111.,3.7796875
34112.,3.760625
34113.,3.7628125
34114.,3.7528125
34115.,3.7446875
34116.,3.785625
34117.,3.7887500000
34118.,3.7484375
34119.,3.779375
34120.,3.7771875
34121.,3.7503125
34122.,3.7596875
34123.,3.765
34124.,3.7515625
34125.,3.7478125
34126.,3.7887500000
34127.,3.7871875
34128.,3.759375
34129.,3.7740625
34130.,3.76375
34131.,3.7603125
34132.,3.7721875000
34133.,3.77875
34134.,3.779375
34135.,3.7912500000
34136.,3.7553125
34137.,3.77375
34138.,3.7878125000
34139.,3.77125
34140.,3.754375
34141.,3.771875
34142.,3.7903125
34143.,3.7975
34144.,3.79
34145.,3.7734375
34146.,3.794375
34147.,3.77875
34148.,3.7871875
34149.,3.7896875
34150.,3.7915625
34151.,3.7990625000
34152.,3.7984375
34153.,3.7865625
34154.,3.758125
34155.,3.7865625
34156.,3.7625
34157.,3.7765625000
34158.,3.7634375
34159.,3.7759375
34160.,3.756875
34161.,3.7756250000
34162.,3.7596875
34163.,3.76375
34164.,3.7565625000
34165.,3.740625
34166.,3.755
34167.,3.755
34168.,3.7571875
34169.,3.7978125
34170.,3.736875
34171.,3.7646875
34172.,3.7390625
34173.,3.754375
34174.,3.748125
34175.,3.7584375
34176.,3.769375
34177.,3.7753125
34178.,3.7590625
34179.,3.761875
34180.,3.758125
34181.,3.7887500000
34182.,3.760625
34183.,3.748125
34184.,3.7415625
34185.,3.7565625000
34186.,3.7909375
34187.,3.7634375
34188.,3.7478125
34189.,3.7440625
34190.,3.769375
34191.,3.738125
34192.,3.75625
34193.,3.7571875
34194.,3.7909375
34195.,3.765
34196.,3.7596875
34197.,3.7540625
34198.,3.7584375
34199.,3.7646875
34200.,3.750625
34201.,3.7615625
34202.,3.7643750000
34203.,3.7659375
34204.,3.7715625
34205.,3.755625
34206.,3.7859375
34207.,3.781875
34208.,3.7725
34209.,3.7956250000
34210.,3.7953125
34211.,3.8068750000
34212.,3.798125
34213.,3.799375
34214.,3.8278125000
34215.,3.8284375
34216.,3.795
34217.,3.794375
34218.,3.7884375
34219.,3.8068750000
34220.,3.78625
34221.,3.78625
34222.,3.785
34223.,3.7578125
34224.,3.770625
34225.,3.8034375000
34226.,3.7734375
34227.,3.796875
34228.,3.8068750000
34229.,3.7887500000
34230.,3.7896875
34231.,3.798125
34232.,3.7825
34233.,3.7496875000
34234.,3.750625
34235.,3.7840625
34236.,3.7821875
34237.,3.7784375
34238.,3.783125
34239.,3.751875
34240.,3.7800000000
34241.,3.7334375
34242.,3.7759375
34243.,3.756875
34244.,3.775
34245.,3.7609375000
34246.,3.7603125
34247.,3.7596875
34248.,3.77875
34249.,3.7578125
34250.,3.7740625
34251.,3.74625
34252.,3.74
34253.,3.7525
34254.,3.7531250000
34255.,3.7421875
34256.,3.765
34257.,3.7540625
34258.,3.7703125
34259.,3.776875
34260.,3.769375
34261.,3.7740625
34262.,3.7331250000
34263.,3.76125
34264.,3.7546875
34265.,3.7621875
34266.,3.754375
34267.,3.731875
34268.,3.7565625000
34269.,3.78375
34270.,3.7490625
34271.,3.761875
34272.,3.7828125
34273.,3.7771875
34274.,3.761875
34275.,3.77
34276.,3.7525
34277.,3.7371875
34278.,3.78375
34279.,3.7953125
34280.,3.791875
34281.,3.7746875
34282.,3.7809375000
34283.,3.7759375
34284.,3.7821875
34285.,3.770625
34286.,3.726875
34287.,3.7459375
34288.,3.7371875
34289.,3.7446875
34290.,3.7675
34291.,3.7515625
34292.,3.7628125
34293.,3.763125
34294.,3.7728125
34295.,3.7503125
34296.,3.7353125
34297.,3.7409375000
34298.,3.7418750000
34299.,3.73125
34300.,3.7465625
34301.,3.729375
34302.,3.755
34303.,3.7228125
34304.,3.7218750000
34305.,3.7643750000
34306.,3.7440625
34307.,3.723125
34308.,3.7140625000
34309.,3.7596875
34310.,3.7646875
34311.,3.73375
34312.,3.7421875
34313.,3.7471875
34314.,3.7646875
34315.,3.7375000000
34316.,3.750625
34317.,3.74125
34318.,3.763125
34319.,3.7425
34320.,3.7428125
34321.,3.7475
34322.,3.74
34323.,3.715
34324.,3.7184375000
34325.,3.735625
34326.,3.7615625
34327.,3.751875
34328.,3.7259375
34329.,3.73
34330.,3.7578125
34331.,3.7428125
34332.,3.7584375
34333.,3.743125
34334.,3.75
34335.,3.748125
34336.,3.7475
34337.,3.770625
34338.,3.7675
34339.,3.74625
34340.,3.7600000000
34341.,3.725625
34342.,3.7490625
34343.,3.7596875
34344.,3.758125
34345.,3.751875
34346.,3.7675
34347.,3.7803125
34348.,3.7459375
34349.,3.7800000000
34350.,3.7687500000
34351.,3.75375
34352.,3.7675
34353.,3.756875
34354.,3.7678125000
34355.,3.7378125
34356.,3.754375
34357.,3.7600000000
34358.,3.7365625000
34359.,3.7540625
34360.,3.755625
34361.,3.754375
34362.,3.7565625000
34363.,3.76625
34364.,3.7603125
34365.,3.7571875
34366.,3.7315625
34367.,3.75875
34368.,3.7640625
34369.,3.7621875
34370.,3.7384375
34371.,3.7515625
34372.,3.7553125
34373.,3.7553125
34374.,3.7571875
34375.,3.7525
34376.,3.774375
34377.,3.7746875
34378.,3.7790625
34379.,3.7728125
34380.,3.768125
34381.,3.7546875
34382.,3.7871875
34383.,3.759375
34384.,3.7575000000
34385.,3.755
34386.,3.7984375
34387.,3.7540625
34388.,3.7365625000
34389.,3.7796875
34390.,3.7959375
34391.,3.77
34392.,3.7628125
34393.,3.7921875000
34394.,3.7778125
34395.,3.7596875
34396.,3.7515625
34397.,3.7696875
34398.,3.798125
34399.,3.7903125
34400.,3.7731250000
34401.,3.7984375
34402.,3.7475
34403.,3.7628125
34404.,3.7865625
34405.,3.8140625
34406.,3.78125
34407.,3.76375
34408.,3.788125
34409.,3.7784375
34410.,3.7759375
34411.,3.785625
34412.,3.7909375
34413.,3.783125
34414.,3.785625
34415.,3.8003125
34416.,3.8156250000
34417.,3.7846875
34418.,3.7915625
34419.,3.8128125
34420.,3.7675
34421.,3.8043750000
34422.,3.8096875
34423.,3.7946875
34424.,3.781875
34425.,3.7990625000
34426.,3.7859375
34427.,3.7653125000
34428.,3.8068750000
34429.,3.8071875
34430.,3.7875
34431.,3.8000000000
34432.,3.7896875
34433.,3.77125
34434.,3.756875
34435.,3.7625
34436.,3.77
34437.,3.7928125
34438.,3.7971875
34439.,3.7640625
34440.,3.7659375
34441.,3.7825
34442.,3.7865625
34443.,3.7925
34444.,3.7912500000
34445.,3.7859375
34446.,3.7687500000
34447.,3.7540625
34448.,3.7800000000
34449.,3.780625
34450.,3.7703125
34451.,3.7728125
34452.,3.77
34453.,3.7956250000
34454.,3.7928125
34455.,3.785
34456.,3.7912500000
34457.,3.8234375000
34458.,3.7825
34459.,3.7834375000
34460.,3.7865625
34461.,3.8312500000
34462.,3.805625
34463.,3.7875
34464.,3.778125
34465.,3.7890625
34466.,3.7887500000
34467.,3.789375
34468.,3.7934375
34469.,3.774375
34470.,3.7925
34471.,3.7875
34472.,3.7803125
34473.,3.8028125
34474.,3.8071875
34475.,3.8065625
34476.,3.76125
34477.,3.755625
34478.,3.785625
34479.,3.790625
34480.,3.7803125
34481.,3.7471875
34482.,3.781875
34483.,3.8075
34484.,3.7771875
34485.,3.789375
34486.,3.7684375
34487.,3.7959375
34488.,3.755625
34489.,3.745625
34490.,3.776875
34491.,3.7871875
34492.,3.7834375000
34493.,3.7756250000
34494.,3.7646875
34495.,3.7696875
34496.,3.7725
34497.,3.7784375
34498.,3.780625
34499.,3.8000000000
34500.,3.7800000000
34501.,3.7887500000
34502.,3.795
34503.,3.7878125000
34504.,3.7940625
34505.,3.8175
34506.,3.8065625
34507.,3.7671875
34508.,3.783125
34509.,3.7843750000
34510.,3.7790625
34511.,3.7756250000
34512.,3.7996875
34513.,3.7978125
34514.,3.8071875
34515.,3.7600000000
34516.,3.785625
34517.,3.7721875000
34518.,3.8134375
34519.,3.7884375
34520.,3.793125
34521.,3.8134375
34522.,3.791875
34523.,3.788125
34524.,3.8090625
34525.,3.788125
34526.,3.7884375
34527.,3.7800000000
34528.,3.780625
34529.,3.7621875
34530.,3.8040625
34531.,3.794375
34532.,3.7871875
34533.,3.791875
34534.,3.80375
34535.,3.790625
34536.,3.776875
34537.,3.786875
34538.,3.7765625000
34539.,3.8109375
34540.,3.776875
34541.,3.8015625
34542.,3.7956250000
34543.,3.7896875
34544.,3.8090625
34545.,3.7825
34546.,3.7653125000
34547.,3.7296875000
34548.,3.7696875
34549.,3.759375
34550.,3.8175
34551.,3.7878125000
34552.,3.8003125
34553.,3.7878125000
34554.,3.8015625
34555.,3.7853125
34556.,3.78125
34557.,3.7687500000
34558.,3.774375
34559.,3.78375
34560.,3.785
34561.,3.7896875
34562.,3.7990625000
34563.,3.8121875000
34564.,3.783125
34565.,3.8071875
34566.,3.81
34567.,3.755625
34568.,3.783125
34569.,3.8003125
34570.,3.7815625
34571.,3.78625
34572.,3.803125
34573.,3.799375
34574.,3.81
34575.,3.8115625
34576.,3.788125
34577.,3.808125
34578.,3.803125
34579.,3.8040625
34580.,3.805
34581.,3.8128125
34582.,3.7971875
34583.,3.8040625
34584.,3.79
34585.,3.7896875
34586.,3.7878125000
34587.,3.8043750000
34588.,3.7684375
34589.,3.779375
34590.,3.8021875
34591.,3.8043750000
34592.,3.7731250000
34593.,3.7453125000
34594.,3.7878125000
34595.,3.8153125
34596.,3.8015625
34597.,3.7575000000
34598.,3.7825
34599.,3.79
34600.,3.8068750000
34601.,3.7575000000
34602.,3.7940625
34603.,3.7828125
34604.,3.7846875
34605.,3.78375
34606.,3.7853125
34607.,3.7796875
34608.,3.81875
34609.,3.7915625
34610.,3.79875
34611.,3.7734375
34612.,3.805625
34613.,3.7884375
34614.,3.7912500000
34615.,3.775
34616.,3.7959375
34617.,3.770625
34618.,3.7709375
34619.,3.7584375
34620.,3.77
34621.,3.7890625
34622.,3.7896875
34623.,3.7778125
34624.,3.7721875000
34625.,3.8221875
34626.,3.7915625
34627.,3.7525
34628.,3.7940625
34629.,3.7575000000
34630.,3.8065625
34631.,3.76125
34632.,3.79375
34633.,3.77125
34634.,3.8221875
34635.,3.7896875
34636.,3.7725
34637.,3.8034375000
34638.,3.81625
34639.,3.7843750000
34640.,3.7846875
34641.,3.7971875
34642.,3.74625
34643.,3.788125
34644.,3.776875
34645.,3.8071875
34646.,3.8225000000
34647.,3.8334375
34648.,3.8200000000
34649.,3.8115625
34650.,3.7903125
34651.,3.785625
34652.,3.7775
34653.,3.7540625
34654.,3.77125
34655.,3.776875
34656.,3.789375
34657.,3.779375
34658.,3.7659375
34659.,3.7659375
34660.,3.765
34661.,3.800625
34662.,3.7771875
34663.,3.780625
34664.,3.77375
34665.,3.785
34666.,3.7678125000
34667.,3.7828125
34668.,3.799375
34669.,3.7956250000
34670.,3.7871875
34671.,3.7853125
34672.,3.8000000000
34673.,3.7912500000
34674.,3.7725
34675.,3.795
34676.,3.771875
34677.,3.7740625
34678.,3.790625
34679.,3.7725
34680.,3.7887500000
34681.,3.7834375000
34682.,3.780625
34683.,3.7840625
34684.,3.7425
34685.,3.7896875
34686.,3.8134375
34687.,3.794375
34688.,3.775
34689.,3.8078125000
34690.,3.7715625
34691.,3.793125
34692.,3.7884375
34693.,3.80375
34694.,3.7884375
34695.,3.759375
34696.,3.7828125
34697.,3.8225000000
34698.,3.8121875000
34699.,3.805625
34700.,3.7840625
34701.,3.7956250000
34702.,3.8184375
34703.,3.7878125000
34704.,3.795
34705.,3.8040625
34706.,3.8090625
34707.,3.7946875
34708.,3.8200000000
34709.,3.7912500000
34710.,3.7965625000
34711.,3.800625
34712.,3.77125
34713.,3.7853125
34714.,3.7953125
34715.,3.8028125
34716.,3.79875
34717.,3.7871875
34718.,3.799375
34719.,3.81625
34720.,3.8015625
34721.,3.80375
34722.,3.798125
34723.,3.848125
34724.,3.820625
34725.,3.81625
34726.,3.790625
34727.,3.8309375
34728.,3.8059375
34729.,3.8003125
34730.,3.8096875
34731.,3.808125
34732.,3.8409375
34733.,3.800625
34734.,3.8071875
34735.,3.8384375
34736.,3.834375
34737.,3.854375
34738.,3.8415625
34739.,3.8140625
34740.,3.8234375000
34741.,3.8268750000
34742.,3.8556250000
34743.,3.828125
34744.,3.8390625000
34745.,3.833125
34746.,3.8596875
34747.,3.8284375
34748.,3.823125
34749.,3.83375
34750.,3.85625
34751.,3.8640625
34752.,3.8796875
34753.,3.8375
34754.,3.8584375
34755.,3.8565625
34756.,3.8409375
34757.,3.8678125
34758.,3.8268750000
34759.,3.8365625
34760.,3.8465625
34761.,3.81625
34762.,3.8175
34763.,3.8525
34764.,3.8271875
34765.,3.8284375
34766.,3.8446875
34767.,3.8428125
34768.,3.84625
34769.,3.8375
34770.,3.84
34771.,3.8253125
34772.,3.86875
34773.,3.8537500000
34774.,3.8496875
34775.,3.8409375
34776.,3.8265625
34777.,3.8534375
34778.,3.8356250000
34779.,3.8421875
34780.,3.8625000000
34781.,3.8309375
34782.,3.8015625
34783.,3.798125
34784.,3.8603125
34785.,3.8453125
34786.,3.819375
34787.,3.8321875
34788.,3.8653125
34789.,3.8628125
34790.,3.8175
34791.,3.828125
34792.,3.8096875
34793.,3.8215625
34794.,3.8409375
34795.,3.8503125000
34796.,3.841875
34797.,3.8512500000
34798.,3.8328125
34799.,3.811875
34800.,3.7978125
34801.,3.780625
34802.,3.82625
34803.,3.79875
34804.,3.79625
34805.,3.79875
34806.,3.8371875
34807.,3.8112500000
34808.,3.7909375
34809.,3.8043750000
34810.,3.8146875000
34811.,3.82875
34812.,3.8015625
34813.,3.8153125
34814.,3.824375
34815.,3.8240625
34816.,3.82375
34817.,3.77125
34818.,3.8153125
34819.,3.82625
34820.,3.7953125
34821.,3.76375
34822.,3.814375
34823.,3.79625
34824.,3.808125
34825.,3.785625
34826.,3.7890625
34827.,3.8021875
34828.,3.8075
34829.,3.79375
34830.,3.8000000000
34831.,3.754375
34832.,3.7912500000
34833.,3.78625
34834.,3.7790625
34835.,3.8078125000
34836.,3.7859375
34837.,3.8021875
34838.,3.7971875
34839.,3.8096875
34840.,3.7803125
34841.,3.79375
34842.,3.7759375
34843.,3.8025
34844.,3.75625
34845.,3.7875
34846.,3.780625
34847.,3.7684375
34848.,3.783125
34849.,3.7887500000
34850.,3.7871875
34851.,3.7896875
34852.,3.8040625
34853.,3.8059375
34854.,3.8225000000
34855.,3.7640625
34856.,3.7725
34857.,3.8296875
34858.,3.8109375
34859.,3.7565625000
34860.,3.7690625
34861.,3.834375
34862.,3.79625
34863.,3.7971875
34864.,3.8196875
34865.,3.8068750000
34866.,3.810625
34867.,3.80875
34868.,3.7934375
34869.,3.79875
34870.,3.8334375
34871.,3.8034375000
34872.,3.8043750000
34873.,3.7953125
34874.,3.8200000000
34875.,3.8090625
34876.,3.8184375
34877.,3.7956250000
34878.,3.78125
34879.,3.8078125000
34880.,3.8196875
34881.,3.80875
34882.,3.798125
34883.,3.861875
34884.,3.811875
34885.,3.7984375
34886.,3.798125
34887.,3.7934375
34888.,3.8112500000
34889.,3.8096875
34890.,3.8065625
34891.,3.8084375
34892.,3.8096875
34893.,3.8084375
34894.,3.78375
34895.,3.8084375
34896.,3.821875
34897.,3.801875
34898.,3.785
34899.,3.796875
34900.,3.8159375
34901.,3.808125
34902.,3.7940625
34903.,3.8053125
34904.,3.7946875
34905.,3.80375
34906.,3.8268750000
34907.,3.778125
34908.,3.7953125
34909.,3.8175
34910.,3.8121875000
34911.,3.7946875
34912.,3.8021875
34913.,3.816875
34914.,3.81
34915.,3.821875
34916.,3.8303125000
34917.,3.8396875
34918.,3.830625
34919.,3.82875
34920.,3.8140625
34921.,3.8284375
34922.,3.835
34923.,3.820625
34924.,3.843125
34925.,3.8278125000
34926.,3.8046875
34927.,3.8512500000
34928.,3.8075
34929.,3.815
34930.,3.8375
34931.,3.8537500000
34932.,3.8121875000
34933.,3.840625
34934.,3.8353125
34935.,3.8190625000
34936.,3.8253125
34937.,3.8009375
34938.,3.8171875
34939.,3.81875
34940.,3.81625
34941.,3.803125
34942.,3.79875
34943.,3.795
34944.,3.82125
34945.,3.8434375000
34946.,3.793125
34947.,3.8090625
34948.,3.8040625
34949.,3.8025
34950.,3.801875
34951.,3.8090625
34952.,3.8221875
34953.,3.8415625
34954.,3.8009375
34955.,3.811875
34956.,3.8353125
34957.,3.81625
34958.,3.8356250000
34959.,3.8200000000
34960.,3.8159375
34961.,3.8471875
34962.,3.7875
34963.,3.7940625
34964.,3.7990625000
34965.,3.824375
34966.,3.7959375
34967.,3.80625
34968.,3.80875
34969.,3.8034375000
34970.,3.8015625
34971.,3.8112500000
34972.,3.7821875
34973.,3.8165625
34974.,3.8046875
34975.,3.813125
34976.,3.805625
34977.,3.796875
34978.,3.8021875
34979.,3.829375
34980.,3.799375
34981.,3.81875
34982.,3.8203125
34983.,3.8303125000
34984.,3.7953125
34985.,3.8171875
34986.,3.794375
34987.,3.81625
34988.,3.8071875
34989.,3.8046875
34990.,3.776875
34991.,3.8425000000
34992.,3.82625
34993.,3.8046875
34994.,3.816875
34995.,3.8312500000
34996.,3.841875
34997.,3.8128125
34998.,3.8234375000
34999.,3.8053125
35000.,3.8146875000
35001.,3.776875
35002.,3.7915625
35003.,3.805625
35004.,3.7887500000
35005.,3.8140625
35006.,3.8009375
35007.,3.8228125
35008.,3.8428125
35009.,3.8121875000
35010.,3.8096875
35011.,3.8046875
35012.,3.7934375
35013.,3.805625
35014.,3.7884375
35015.,3.7915625
35016.,3.8078125000
35017.,3.8209375
35018.,3.7934375
35019.,3.8115625
35020.,3.8084375
35021.,3.8171875
35022.,3.7971875
35023.,3.7821875
35024.,3.8140625
35025.,3.8221875
35026.,3.80375
35027.,3.7940625
35028.,3.7821875
35029.,3.7912500000
35030.,3.8378125
35031.,3.8053125
35032.,3.833125
35033.,3.8000000000
35034.,3.8159375
35035.,3.8268750000
35036.,3.7821875
35037.,3.81
35038.,3.811875
35039.,3.8109375
35040.,3.7875
35041.,3.7890625
35042.,3.7903125
35043.,3.7978125
35044.,3.789375
35045.,3.8312500000
35046.,3.7921875000
35047.,3.7871875
35048.,3.7925
35049.,3.82875
35050.,3.8003125
35051.,3.8453125
35052.,3.8378125
35053.,3.8184375
35054.,3.820625
35055.,3.8240625
35056.,3.8209375
35057.,3.813125
35058.,3.819375
35059.,3.8265625
35060.,3.8246875
35061.,3.799375
35062.,3.811875
35063.,3.8200000000
35064.,3.8309375
35065.,3.84375
35066.,3.8290625
35067.,3.8259375
35068.,3.8596875
35069.,3.7978125
35070.,3.8434375000
35071.,3.8334375
35072.,3.845625
35073.,3.79875
35074.,3.815
35075.,3.8421875
35076.,3.8153125
35077.,3.8334375
35078.,3.81875
35079.,3.825
35080.,3.8334375
35081.,3.8240625
35082.,3.8190625000
35083.,3.8009375
35084.,3.7840625
35085.,3.8009375
35086.,3.796875
35087.,3.7865625
35088.,3.8196875
35089.,3.8271875
35090.,3.81375
35091.,3.7971875
35092.,3.82625
35093.,3.8375
35094.,3.828125
35095.,3.7912500000
35096.,3.8215625
35097.,3.8459375000
35098.,3.82125
35099.,3.7921875000
35100.,3.8178125
35101.,3.7846875
35102.,3.8453125
35103.,3.82375
35104.,3.8090625
35105.,3.8390625000
35106.,3.835
35107.,3.8534375
35108.,3.8112500000
35109.,3.8065625
35110.,3.8200000000
35111.,3.8409375
35112.,3.7821875
35113.,3.78375
35114.,3.8156250000
35115.,3.8228125
35116.,3.7896875
35117.,3.7884375
35118.,3.8000000000
35119.,3.801875
35120.,3.816875
35121.,3.8121875000
35122.,3.8046875
35123.,3.7734375
35124.,3.8171875
35125.,3.8059375
35126.,3.8215625
35127.,3.80375
35128.,3.8178125
35129.,3.7978125
35130.,3.7731250000
35131.,3.7803125
35132.,3.8196875
35133.,3.829375
35134.,3.81375
35135.,3.803125
35136.,3.8059375
35137.,3.8178125
35138.,3.788125
35139.,3.801875
35140.,3.785
35141.,3.82375
35142.,3.82125
35143.,3.8068750000
35144.,3.7875
35145.,3.805
35146.,3.8043750000
35147.,3.7740625
35148.,3.8115625
35149.,3.8225000000
35150.,3.803125
35151.,3.8025
35152.,3.8084375
35153.,3.8043750000
35154.,3.8190625000
35155.,3.7996875
35156.,3.800625
35157.,3.8153125
35158.,3.7840625
35159.,3.805
35160.,3.821875
35161.,3.7946875
35162.,3.8253125
35163.,3.8021875
35164.,3.820625
35165.,3.7956250000
35166.,3.8278125000
35167.,3.845625
35168.,3.8537500000
35169.,3.8403125
35170.,3.8221875
35171.,3.82875
35172.,3.825
35173.,3.7928125
35174.,3.8043750000
35175.,3.8009375
35176.,3.78125
35177.,3.7896875
35178.,3.80375
35179.,3.7778125
35180.,3.7975
35181.,3.77625
35182.,3.7571875
35183.,3.7912500000
35184.,3.7634375
35185.,3.7834375000
35186.,3.755
35187.,3.7753125
35188.,3.7753125
35189.,3.7771875
35190.,3.7734375
35191.,3.79625
35192.,3.7840625
35193.,3.7753125
35194.,3.7846875
35195.,3.794375
35196.,3.7746875
35197.,3.7875
35198.,3.7275
35199.,3.7846875
35200.,3.808125
35201.,3.8021875
35202.,3.8090625
35203.,3.7928125
35204.,3.800625
35205.,3.8009375
35206.,3.7615625
35207.,3.765625
35208.,3.7609375000
35209.,3.7503125
35210.,3.7984375
35211.,3.7684375
35212.,3.7578125
35213.,3.7896875
35214.,3.7875
35215.,3.78375
35216.,3.8003125
35217.,3.7709375
35218.,3.775
35219.,3.7490625
35220.,3.7734375
35221.,3.7825
35222.,3.7871875
35223.,3.7959375
35224.,3.7646875
35225.,3.7653125000
35226.,3.7609375000
35227.,3.7715625
35228.,3.740625
35229.,3.77375
35230.,3.786875
35231.,3.7634375
35232.,3.7784375
35233.,3.791875
35234.,3.7690625
35235.,3.788125
35236.,3.7903125
35237.,3.7909375
35238.,3.7928125
35239.,3.8040625
35240.,3.7671875
35241.,3.7778125
35242.,3.7731250000
35243.,3.7843750000
35244.,3.785
35245.,3.7815625
35246.,3.78125
35247.,3.7978125
35248.,3.7853125
35249.,3.7728125
35250.,3.799375
35251.,3.7728125
35252.,3.771875
35253.,3.7687500000
35254.,3.7584375
35255.,3.7925
35256.,3.7887500000
35257.,3.7784375
35258.,3.7625
35259.,3.8075
35260.,3.7928125
35261.,3.7796875
35262.,3.7790625
35263.,3.775
35264.,3.83
35265.,3.8068750000
35266.,3.8159375
35267.,3.8015625
35268.,3.823125
35269.,3.7940625
35270.,3.7953125
35271.,3.7953125
35272.,3.8121875000
35273.,3.8078125000
35274.,3.7884375
35275.,3.7912500000
35276.,3.7903125
35277.,3.7971875
35278.,3.7959375
35279.,3.7971875
35280.,3.816875
35281.,3.805
35282.,3.7953125
35283.,3.7771875
35284.,3.7715625
35285.,3.7996875
35286.,3.7871875
35287.,3.7609375000
35288.,3.7896875
35289.,3.7690625
35290.,3.8215625
35291.,3.7884375
35292.,3.7971875
35293.,3.7859375
35294.,3.8028125
35295.,3.814375
35296.,3.7459375
35297.,3.77875
35298.,3.7746875
35299.,3.7859375
35300.,3.7684375
35301.,3.7834375000
35302.,3.7896875
35303.,3.8290625
35304.,3.7996875
35305.,3.771875
35306.,3.796875
35307.,3.7990625000
35308.,3.781875
35309.,3.78125
35310.,3.78125
35311.,3.81375
35312.,3.7925
35313.,3.783125
35314.,3.80375
35315.,3.805
35316.,3.8028125
35317.,3.8028125
35318.,3.7956250000
35319.,3.7934375
35320.,3.7709375
35321.,3.79375
35322.,3.7803125
35323.,3.798125
35324.,3.81
35325.,3.7909375
35326.,3.786875
35327.,3.7821875
35328.,3.7734375
35329.,3.8034375000
35330.,3.7546875
35331.,3.7603125
35332.,3.7731250000
35333.,3.7940625
35334.,3.7765625000
35335.,3.76375
35336.,3.7909375
35337.,3.7671875
35338.,3.778125
35339.,3.7740625
35340.,3.7687500000
35341.,3.743125
35342.,3.799375
35343.,3.7731250000
35344.,3.75625
35345.,3.7912500000
35346.,3.80125
35347.,3.7615625
35348.,3.7575000000
35349.,3.7684375
35350.,3.79
35351.,3.734375
35352.,3.7609375000
35353.,3.75625
35354.,3.759375
35355.,3.7490625
35356.,3.7615625
35357.,3.7465625
35358.,3.7665625
35359.,3.770625
35360.,3.7725
35361.,3.7809375000
35362.,3.7528125
35363.,3.76625
35364.,3.7540625
35365.,3.7659375
35366.,3.778125
35367.,3.7546875
35368.,3.7584375
35369.,3.735625
35370.,3.7975
35371.,3.7912500000
35372.,3.763125
35373.,3.7721875000
35374.,3.7953125
35375.,3.7715625
35376.,3.774375
35377.,3.7778125
35378.,3.789375
35379.,3.8059375
35380.,3.7875
35381.,3.7590625
35382.,3.78375
35383.,3.7915625
35384.,3.7756250000
35385.,3.78125
35386.,3.780625
35387.,3.7721875000
35388.,3.7715625
35389.,3.76375
35390.,3.785625
35391.,3.7459375
35392.,3.79
35393.,3.7746875
35394.,3.794375
35395.,3.7646875
35396.,3.77875
35397.,3.77875
35398.,3.78125
35399.,3.7590625
35400.,3.7759375
35401.,3.7790625
35402.,3.794375
35403.,3.7940625
35404.,3.7800000000
35405.,3.7725
35406.,3.8125
35407.,3.8003125
35408.,3.8000000000
35409.,3.8025
35410.,3.7934375
35411.,3.833125
35412.,3.82125
35413.,3.7925
35414.,3.7912500000
35415.,3.7734375
35416.,3.7709375
35417.,3.7875
35418.,3.7834375000
35419.,3.7940625
35420.,3.805
35421.,3.796875
35422.,3.7909375
35423.,3.8015625
35424.,3.7815625
35425.,3.77
35426.,3.798125
35427.,3.768125
35428.,3.7765625000
35429.,3.7846875
35430.,3.8125
35431.,3.7887500000
35432.,3.7934375
35433.,3.803125
35434.,3.7659375
35435.,3.789375
35436.,3.80375
35437.,3.7875
35438.,3.7800000000
35439.,3.805
35440.,3.8325
35441.,3.819375
35442.,3.7940625
35443.,3.8009375
35444.,3.814375
35445.,3.8078125000
35446.,3.814375
35447.,3.8334375
35448.,3.8365625
35449.,3.820625
35450.,3.8075
35451.,3.8134375
35452.,3.78625
35453.,3.809375
35454.,3.7925
35455.,3.779375
35456.,3.805
35457.,3.8225000000
35458.,3.80375
35459.,3.7609375000
35460.,3.780625
35461.,3.7809375000
35462.,3.7771875
35463.,3.775
35464.,3.758125
35465.,3.775
35466.,3.7790625
35467.,3.788125
35468.,3.796875
35469.,3.7896875
35470.,3.8068750000
35471.,3.798125
35472.,3.7731250000
35473.,3.779375
35474.,3.774375
35475.,3.7675
35476.,3.78375
35477.,3.7903125
35478.,3.780625
35479.,3.77625
35480.,3.7859375
35481.,3.79
35482.,3.7884375
35483.,3.8109375
35484.,3.8146875000
35485.,3.7684375
35486.,3.7740625
35487.,3.793125
35488.,3.758125
35489.,3.7865625
35490.,3.7809375000
35491.,3.755
35492.,3.7731250000
35493.,3.7684375
35494.,3.7503125
35495.,3.759375
35496.,3.8071875
35497.,3.7890625
35498.,3.75125
35499.,3.790625
35500.,3.7731250000
35501.,3.76125
35502.,3.7815625
35503.,3.7643750000
35504.,3.745625
35505.,3.7828125
35506.,3.7903125
35507.,3.781875
35508.,3.766875
35509.,3.7815625
35510.,3.7571875
35511.,3.7709375
35512.,3.7671875
35513.,3.8043750000
35514.,3.788125
35515.,3.7784375
35516.,3.75625
35517.,3.7828125
35518.,3.779375
35519.,3.7990625000
35520.,3.798125
35521.,3.7790625
35522.,3.7603125
35523.,3.808125
35524.,3.7553125
35525.,3.791875
35526.,3.7784375
35527.,3.7340625000
35528.,3.7475
35529.,3.7409375000
35530.,3.7659375
35531.,3.786875
35532.,3.75125
35533.,3.7321875
35534.,3.7640625
35535.,3.7440625
35536.,3.7540625
35537.,3.75375
35538.,3.7600000000
35539.,3.7809375000
35540.,3.776875
35541.,3.783125
35542.,3.756875
35543.,3.7946875
35544.,3.76625
35545.,3.7578125
35546.,3.8071875
35547.,3.7959375
35548.,3.7528125
35549.,3.7600000000
35550.,3.7621875
35551.,3.7603125
35552.,3.790625
35553.,3.7665625
35554.,3.7925
35555.,3.7696875
35556.,3.7675
35557.,3.759375
35558.,3.7687500000
35559.,3.7621875
35560.,3.796875
35561.,3.78625
35562.,3.8065625
35563.,3.7928125
35564.,3.8025
35565.,3.80375
35566.,3.8065625
35567.,3.8084375
35568.,3.7843750000
35569.,3.7990625000
35570.,3.7971875
35571.,3.7940625
35572.,3.78375
35573.,3.8034375000
35574.,3.7921875000
35575.,3.790625
35576.,3.78625
35577.,3.794375
35578.,3.7678125000
35579.,3.774375
35580.,3.785625
35581.,3.7721875000
35582.,3.779375
35583.,3.781875
35584.,3.7903125
35585.,3.7975
35586.,3.7634375
35587.,3.7275
35588.,3.7690625
35589.,3.7675
35590.,3.7731250000
35591.,3.7840625
35592.,3.783125
35593.,3.788125
35594.,3.8003125
35595.,3.7965625000
35596.,3.7800000000
35597.,3.769375
35598.,3.7846875
35599.,3.7784375
35600.,3.78625
35601.,3.8112500000
35602.,3.7940625
35603.,3.794375
35604.,3.755625
35605.,3.7590625
35606.,3.7565625000
35607.,3.7640625
35608.,3.759375
35609.,3.760625
35610.,3.7684375
35611.,3.776875
35612.,3.7540625
35613.,3.7546875
35614.,3.759375
35615.,3.7703125
35616.,3.7671875
35617.,3.77875
35618.,3.7946875
35619.,3.785
35620.,3.7934375
35621.,3.785625
35622.,3.781875
35623.,3.7825
35624.,3.7896875
35625.,3.7956250000
35626.,3.7815625
35627.,3.7859375
35628.,3.7990625000
35629.,3.8043750000
35630.,3.8159375
35631.,3.7843750000
35632.,3.7921875000
35633.,3.7928125
35634.,3.774375
35635.,3.7815625
35636.,3.7709375
35637.,3.8096875
35638.,3.7771875
35639.,3.7912500000
35640.,3.785
35641.,3.793125
35642.,3.778125
35643.,3.743125
35644.,3.7815625
35645.,3.7971875
35646.,3.77875
35647.,3.7809375000
35648.,3.7884375
35649.,3.7965625000
35650.,3.7809375000
35651.,3.793125
35652.,3.7731250000
35653.,3.7846875
35654.,3.77375
35655.,3.80375
35656.,3.7765625000
35657.,3.778125
35658.,3.7915625
35659.,3.79875
35660.,3.780625
35661.,3.7628125
35662.,3.7825
35663.,3.765
35664.,3.7946875
35665.,3.78375
35666.,3.7828125
35667.,3.7959375
35668.,3.7753125
35669.,3.7878125000
35670.,3.77
35671.,3.8178125
35672.,3.7887500000
35673.,3.7840625
35674.,3.7959375
35675.,3.805625
35676.,3.8003125
35677.,3.78125
35678.,3.766875
35679.,3.7709375
35680.,3.7871875
35681.,3.7703125
35682.,3.79375
35683.,3.7809375000
35684.,3.7671875
35685.,3.769375
35686.,3.7790625
35687.,3.7884375
35688.,3.7875
35689.,3.80125
35690.,3.7675
35691.,3.7696875
35692.,3.7715625
35693.,3.8071875
35694.,3.7584375
35695.,3.7731250000
35696.,3.7978125
35697.,3.7596875
35698.,3.7884375
35699.,3.7646875
35700.,3.7418750000
35701.,3.7359375
35702.,3.74375
35703.,3.774375
35704.,3.77
35705.,3.758125
35706.,3.7353125
35707.,3.786875
35708.,3.794375
35709.,3.7515625
35710.,3.7553125
35711.,3.7600000000
35712.,3.7328125
35713.,3.7600000000
35714.,3.7534375
35715.,3.743125
35716.,3.7418750000
35717.,3.7703125
35718.,3.7609375000
35719.,3.7496875000
35720.,3.7753125
35721.,3.7525
35722.,3.7515625
35723.,3.765
35724.,3.7790625
35725.,3.7865625
35726.,3.783125
35727.,3.78375
35728.,3.7643750000
35729.,3.76125
35730.,3.7725
35731.,3.7728125
35732.,3.77
35733.,3.785
35734.,3.7790625
35735.,3.786875
35736.,3.799375
35737.,3.7875
35738.,3.82625
35739.,3.8040625
35740.,3.81
35741.,3.810625
35742.,3.803125
35743.,3.7821875
35744.,3.794375
35745.,3.8246875
35746.,3.796875
35747.,3.818125
35748.,3.8000000000
35749.,3.7646875
35750.,3.7921875000
35751.,3.7559375
35752.,3.774375
35753.,3.78375
35754.,3.808125
35755.,3.805625
35756.,3.7728125
35757.,3.79625
35758.,3.82875
35759.,3.7984375
35760.,3.7796875
35761.,3.8190625000
35762.,3.7775
35763.,3.8125
35764.,3.8215625
35765.,3.7975
35766.,3.7946875
35767.,3.809375
35768.,3.8015625
35769.,3.7915625
35770.,3.7753125
35771.,3.7790625
35772.,3.8068750000
35773.,3.78625
35774.,3.7956250000
35775.,3.7765625000
35776.,3.8156250000
35777.,3.8096875
35778.,3.7959375
35779.,3.805625
35780.,3.7925
35781.,3.8034375000
35782.,3.7990625000
35783.,3.7946875
35784.,3.800625
35785.,3.796875
35786.,3.7921875000
35787.,3.7875
35788.,3.7871875
35789.,3.7896875
35790.,3.8084375
35791.,3.7615625
35792.,3.779375
35793.,3.798125
35794.,3.8068750000
35795.,3.7896875
35796.,3.8146875000
35797.,3.795
35798.,3.7971875
35799.,3.791875
35800.,3.7934375
35801.,3.81625
35802.,3.805
35803.,3.7878125000
35804.,3.7928125
35805.,3.7809375000
35806.,3.8059375
35807.,3.7912500000
35808.,3.7909375
35809.,3.794375
35810.,3.7775
35811.,3.789375
35812.,3.78375
35813.,3.7915625
35814.,3.8134375
35815.,3.8228125
35816.,3.7890625
35817.,3.789375
35818.,3.7775
35819.,3.8043750000
35820.,3.785625
35821.,3.79
35822.,3.78375
35823.,3.780625
35824.,3.8043750000
35825.,3.763125
35826.,3.8128125
35827.,3.8025
35828.,3.7756250000
35829.,3.7871875
35830.,3.7946875
35831.,3.78625
35832.,3.7515625
35833.,3.7684375
35834.,3.791875
35835.,3.8134375
35836.,3.8025
35837.,3.8028125
35838.,3.7990625000
35839.,3.7965625000
35840.,3.7909375
35841.,3.796875
35842.,3.7734375
35843.,3.771875
35844.,3.7859375
35845.,3.75625
35846.,3.8009375
35847.,3.7384375
35848.,3.761875
35849.,3.7690625
35850.,3.7653125000
35851.,3.7621875
35852.,3.7684375
35853.,3.7915625
35854.,3.7840625
35855.,3.7575000000
35856.,3.7496875000
35857.,3.768125
35858.,3.7331250000
35859.,3.7625
35860.,3.765
35861.,3.770625
35862.,3.7771875
35863.,3.7800000000
35864.,3.74625
35865.,3.7909375
35866.,3.770625
35867.,3.785625
35868.,3.7603125
35869.,3.7825
35870.,3.76375
35871.,3.7521875000
35872.,3.768125
35873.,3.756875
35874.,3.7471875
35875.,3.77625
35876.,3.7734375
35877.,3.7575000000
35878.,3.7728125
35879.,3.7625
35880.,3.7821875
35881.,3.76125
35882.,3.7584375
35883.,3.758125
35884.,3.7434375
35885.,3.7559375
35886.,3.758125
35887.,3.771875
35888.,3.76125
35889.,3.7478125
35890.,3.76125
35891.,3.7359375
35892.,3.746875
35893.,3.7178125
35894.,3.739375
35895.,3.7325
35896.,3.768125
35897.,3.7565625000
35898.,3.75625
35899.,3.7671875
35900.,3.7578125
35901.,3.7528125
35902.,3.765
35903.,3.7725
35904.,3.785625
35905.,3.7756250000
35906.,3.775
35907.,3.7696875
35908.,3.7678125000
35909.,3.76125
35910.,3.7521875000
35911.,3.7778125
35912.,3.779375
35913.,3.7578125
35914.,3.7725
35915.,3.73625
35916.,3.760625
35917.,3.76625
35918.,3.811875
35919.,3.7609375000
35920.,3.7728125
35921.,3.7678125000
35922.,3.7925
35923.,3.7859375
35924.,3.7756250000
35925.,3.755625
35926.,3.8053125
35927.,3.778125
35928.,3.7665625
35929.,3.783125
35930.,3.7584375
35931.,3.761875
35932.,3.7534375
35933.,3.7728125
35934.,3.7828125
35935.,3.763125
35936.,3.803125
35937.,3.7778125
35938.,3.7875
35939.,3.7890625
35940.,3.7825
35941.,3.7853125
35942.,3.781875
35943.,3.7840625
35944.,3.815
35945.,3.774375
35946.,3.7925
35947.,3.785
35948.,3.8043750000
35949.,3.7903125
35950.,3.8103125
35951.,3.7959375
35952.,3.7887500000
35953.,3.8034375000
35954.,3.78125
35955.,3.7628125
35956.,3.8156250000
35957.,3.78125
35958.,3.7903125
35959.,3.8096875
35960.,3.8075
35961.,3.8000000000
35962.,3.7815625
35963.,3.819375
35964.,3.820625
35965.,3.798125
35966.,3.808125
35967.,3.8043750000
35968.,3.8240625
35969.,3.8453125
35970.,3.82375
35971.,3.8346875000
35972.,3.8365625
35973.,3.8075
35974.,3.7990625000
35975.,3.821875
35976.,3.8043750000
35977.,3.8112500000
35978.,3.815
35979.,3.8425000000
35980.,3.8021875
35981.,3.7975
35982.,3.77125
35983.,3.80625
35984.,3.78125
35985.,3.7600000000
35986.,3.8096875
35987.,3.7959375
35988.,3.7759375
35989.,3.79625
35990.,3.80875
35991.,3.8043750000
35992.,3.8000000000
35993.,3.8059375
35994.,3.7731250000
35995.,3.8159375
35996.,3.7834375000
35997.,3.7725
35998.,3.7725
35999.,3.77625
36000.,3.8015625
36001.,3.7921875000
36002.,3.7600000000
36003.,3.7775
36004.,3.7921875000
36005.,3.790625
36006.,3.7765625000
36007.,3.774375
36008.,3.7871875
36009.,3.7912500000
36010.,3.7884375
36011.,3.8125
36012.,3.810625
36013.,3.793125
36014.,3.7912500000
36015.,3.774375
36016.,3.813125
36017.,3.79875
36018.,3.7521875000
36019.,3.7871875
36020.,3.785
36021.,3.7896875
36022.,3.7828125
36023.,3.7671875
36024.,3.79875
36025.,3.8112500000
36026.,3.774375
36027.,3.7815625
36028.,3.796875
36029.,3.7875
36030.,3.7731250000
36031.,3.779375
36032.,3.7834375000
36033.,3.793125
36034.,3.80625
36035.,3.7871875
36036.,3.7896875
36037.,3.7925
36038.,3.788125
36039.,3.7721875000
36040.,3.7890625
36041.,3.799375
36042.,3.8153125
36043.,3.78625
36044.,3.8125
36045.,3.7956250000
36046.,3.813125
36047.,3.7896875
36048.,3.7928125
36049.,3.8046875
36050.,3.81875
36051.,3.8000000000
36052.,3.7896875
36053.,3.8109375
36054.,3.7646875
36055.,3.8068750000
36056.,3.785
36057.,3.770625
36058.,3.8046875
36059.,3.8009375
36060.,3.781875
36061.,3.7621875
36062.,3.7709375
36063.,3.789375
36064.,3.7875
36065.,3.7553125
36066.,3.7887500000
36067.,3.7725
36068.,3.8025
36069.,3.795
36070.,3.7956250000
36071.,3.7903125
36072.,3.7928125
36073.,3.78625
36074.,3.7940625
36075.,3.7884375
36076.,3.7728125
36077.,3.755
36078.,3.755625
36079.,3.7621875
36080.,3.7571875
36081.,3.7953125
36082.,3.7784375
36083.,3.7746875
36084.,3.7821875
36085.,3.7796875
36086.,3.776875
36087.,3.80875
36088.,3.783125
36089.,3.7912500000
36090.,3.7821875
36091.,3.7796875
36092.,3.765
36093.,3.7803125
36094.,3.7709375
36095.,3.7684375
36096.,3.790625
36097.,3.7800000000
36098.,3.7956250000
36099.,3.766875
36100.,3.77375
36101.,3.8153125
36102.,3.7859375
36103.,3.7890625
36104.,3.78375
36105.,3.770625
36106.,3.8003125
36107.,3.7765625000
36108.,3.76125
36109.,3.781875
36110.,3.7821875
36111.,3.7734375
36112.,3.7528125
36113.,3.794375
36114.,3.786875
36115.,3.7934375
36116.,3.7756250000
36117.,3.7634375
36118.,3.77625
36119.,3.780625
36120.,3.8059375
36121.,3.780625
36122.,3.803125
36123.,3.808125
36124.,3.7921875000
36125.,3.80125
36126.,3.8196875
36127.,3.7928125
36128.,3.7625
36129.,3.8115625
36130.,3.774375
36131.,3.80875
36132.,3.7843750000
36133.,3.776875
36134.,3.8043750000
36135.,3.8109375
36136.,3.7890625
36137.,3.780625
36138.,3.8009375
36139.,3.7843750000
36140.,3.7959375
36141.,3.7909375
36142.,3.781875
36143.,3.8109375
36144.,3.8046875
36145.,3.8140625
36146.,3.8184375
36147.,3.845625
36148.,3.8325
36149.,3.785625
36150.,3.8071875
36151.,3.8009375
36152.,3.8125
36153.,3.8184375
36154.,3.8221875
36155.,3.8359375
36156.,3.8215625
36157.,3.800625
36158.,3.831875
36159.,3.850625
36160.,3.836875
36161.,3.848125
36162.,3.8290625
36163.,3.82625
36164.,3.833125
36165.,3.82125
36166.,3.8156250000
36167.,3.7984375
36168.,3.81875
36169.,3.8790625000
36170.,3.808125
36171.,3.8134375
36172.,3.823125
36173.,3.8359375
36174.,3.8090625
36175.,3.80875
36176.,3.8156250000
36177.,3.810625
36178.,3.79875
36179.,3.801875
36180.,3.8025
36181.,3.815
36182.,3.8159375
36183.,3.808125
36184.,3.794375
36185.,3.794375
36186.,3.788125
36187.,3.7721875000
36188.,3.79625
36189.,3.789375
36190.,3.7796875
36191.,3.7778125
36192.,3.8015625
36193.,3.780625
36194.,3.77375
36195.,3.7753125
36196.,3.7953125
36197.,3.7853125
36198.,3.7884375
36199.,3.770625
36200.,3.755
36201.,3.763125
36202.,3.7878125000
36203.,3.769375
36204.,3.7759375
36205.,3.7875
36206.,3.7815625
36207.,3.8112500000
36208.,3.795
36209.,3.81375
36210.,3.7996875
36211.,3.8159375
36212.,3.783125
36213.,3.8071875
36214.,3.78625
36215.,3.7687500000
36216.,3.794375
36217.,3.775
36218.,3.7878125000
36219.,3.778125
36220.,3.7678125000
36221.,3.77375
36222.,3.795
36223.,3.8003125
36224.,3.79
36225.,3.8325
36226.,3.82375
36227.,3.823125
36228.,3.7996875
36229.,3.786875
36230.,3.77625
36231.,3.7953125
36232.,3.8028125
36233.,3.765
36234.,3.8028125
36235.,3.77375
36236.,3.776875
36237.,3.7721875000
36238.,3.7628125
36239.,3.7759375
36240.,3.7978125
36241.,3.7625
36242.,3.745
36243.,3.750625
36244.,3.790625
36245.,3.7653125000
36246.,3.7634375
36247.,3.7765625000
36248.,3.7896875
36249.,3.7687500000
36250.,3.8034375000
36251.,3.7887500000
36252.,3.8084375
36253.,3.7909375
36254.,3.786875
36255.,3.7728125
36256.,3.7828125
36257.,3.798125
36258.,3.7928125
36259.,3.799375
36260.,3.801875
36261.,3.8225000000
36262.,3.805
36263.,3.7912500000
36264.,3.7996875
36265.,3.8325
36266.,3.7975
36267.,3.8253125
36268.,3.7978125
36269.,3.7871875
36270.,3.77625
36271.,3.813125
36272.,3.7678125000
36273.,3.8009375
36274.,3.8059375
36275.,3.821875
36276.,3.8046875
36277.,3.823125
36278.,3.796875
36279.,3.8009375
36280.,3.821875
36281.,3.80125
36282.,3.8065625
36283.,3.8003125
36284.,3.80875
36285.,3.8075
36286.,3.8103125
36287.,3.8334375
36288.,3.8234375000
36289.,3.79875
36290.,3.8153125
36291.,3.816875
36292.,3.8203125
36293.,3.8003125
36294.,3.7884375
36295.,3.8553125
36296.,3.805625
36297.,3.7921875000
36298.,3.805
36299.,3.7878125000
36300.,3.8165625
36301.,3.8084375
36302.,3.8084375
36303.,3.8071875
36304.,3.810625
36305.,3.8196875
36306.,3.8009375
36307.,3.828125
36308.,3.7965625000
36309.,3.7640625
36310.,3.80375
36311.,3.8134375
36312.,3.7643750000
36313.,3.8196875
36314.,3.7753125
36315.,3.82125
36316.,3.8112500000
36317.,3.828125
36318.,3.8175
36319.,3.83
36320.,3.8225000000
36321.,3.82125
36322.,3.789375
36323.,3.796875
36324.,3.7800000000
36325.,3.7875
36326.,3.7796875
36327.,3.7828125
36328.,3.8034375000
36329.,3.7940625
36330.,3.796875
36331.,3.7765625000
36332.,3.7490625
36333.,3.78625
36334.,3.8146875000
36335.,3.8053125
36336.,3.8109375
36337.,3.7953125
36338.,3.8115625
36339.,3.791875
36340.,3.7521875000
36341.,3.755625
36342.,3.7821875
36343.,3.80125
36344.,3.769375
36345.,3.783125
36346.,3.783125
36347.,3.776875
36348.,3.774375
36349.,3.758125
36350.,3.766875
36351.,3.8065625
36352.,3.7753125
36353.,3.7484375
36354.,3.7628125
36355.,3.77875
36356.,3.7415625
36357.,3.779375
36358.,3.770625
36359.,3.765
36360.,3.768125
36361.,3.7528125
36362.,3.758125
36363.,3.7728125
36364.,3.7584375
36365.,3.7515625
36366.,3.7353125
36367.,3.7640625
36368.,3.7803125
36369.,3.7684375
36370.,3.7728125
36371.,3.74375
36372.,3.7703125
36373.,3.7490625
36374.,3.7334375
36375.,3.725625
36376.,3.74
36377.,3.7328125
36378.,3.7596875
36379.,3.7234375
36380.,3.7487500000
36381.,3.7578125
36382.,3.7600000000
36383.,3.72375
36384.,3.7290625
36385.,3.7965625000
36386.,3.776875
36387.,3.7734375
36388.,3.7565625000
36389.,3.775
36390.,3.78125
36391.,3.7640625
36392.,3.76625
36393.,3.7825
36394.,3.7621875
36395.,3.745625
36396.,3.7428125
36397.,3.7731250000
36398.,3.769375
36399.,3.7565625000
36400.,3.785625
36401.,3.7578125
36402.,3.7634375
36403.,3.7575000000
36404.,3.7315625
36405.,3.7609375000
36406.,3.7759375
36407.,3.7609375000
36408.,3.7325
36409.,3.765
36410.,3.766875
36411.,3.7443750000
36412.,3.7553125
36413.,3.75375
36414.,3.7725
36415.,3.7484375
36416.,3.7703125
36417.,3.7859375
36418.,3.7490625
36419.,3.75375
36420.,3.743125
36421.,3.750625
36422.,3.7559375
36423.,3.74125
36424.,3.7546875
36425.,3.7475
36426.,3.796875
36427.,3.7878125000
36428.,3.7615625
36429.,3.7756250000
36430.,3.7825
36431.,3.82125
36432.,3.775
36433.,3.7871875
36434.,3.795
36435.,3.7878125000
36436.,3.7790625
36437.,3.79
36438.,3.80875
36439.,3.78125
36440.,3.8021875
36441.,3.7946875
36442.,3.7884375
36443.,3.7865625
36444.,3.8190625000
36445.,3.785
36446.,3.7959375
36447.,3.808125
36448.,3.8221875
36449.,3.7959375
36450.,3.7775
36451.,3.7934375
36452.,3.7759375
36453.,3.7696875
36454.,3.7496875000
36455.,3.795
36456.,3.8134375
36457.,3.8184375
36458.,3.791875
36459.,3.7703125
36460.,3.794375
36461.,3.7843750000
36462.,3.771875
36463.,3.7984375
36464.,3.7821875
36465.,3.7903125
36466.,3.7721875000
36467.,3.79
36468.,3.7784375
36469.,3.7634375
36470.,3.736875
36471.,3.7534375
36472.,3.76125
36473.,3.75125
36474.,3.763125
36475.,3.7759375
36476.,3.7925
36477.,3.7959375
36478.,3.7956250000
36479.,3.8034375000
36480.,3.7865625
36481.,3.800625
36482.,3.758125
36483.,3.7778125
36484.,3.7596875
36485.,3.7634375
36486.,3.81
36487.,3.7990625000
36488.,3.7634375
36489.,3.7715625
36490.,3.7759375
36491.,3.7815625
36492.,3.79375
36493.,3.7746875
36494.,3.7915625
36495.,3.8053125
36496.,3.8096875
36497.,3.7903125
36498.,3.7887500000
36499.,3.7953125
36500.,3.8203125
36501.,3.8153125
36502.,3.8125
36503.,3.8009375
36504.,3.7965625000
36505.,3.803125
36506.,3.788125
36507.,3.7875
36508.,3.789375
36509.,3.7640625
36510.,3.7853125
36511.,3.7853125
36512.,3.7828125
36513.,3.7721875000
36514.,3.7903125
36515.,3.794375
36516.,3.7846875
36517.,3.7446875
36518.,3.774375
36519.,3.7259375
36520.,3.7715625
36521.,3.7690625
36522.,3.7671875
36523.,3.7559375
36524.,3.774375
36525.,3.7928125
36526.,3.785
36527.,3.755625
36528.,3.789375
36529.,3.7800000000
36530.,3.8021875
36531.,3.7600000000
36532.,3.783125
36533.,3.82125
36534.,3.8046875
36535.,3.8021875
36536.,3.755625
36537.,3.8146875000
36538.,3.7684375
36539.,3.7846875
36540.,3.8140625
36541.,3.7821875
36542.,3.7740625
36543.,3.824375
36544.,3.7640625
36545.,3.794375
36546.,3.78625
36547.,3.7796875
36548.,3.765
36549.,3.7959375
36550.,3.7875
36551.,3.7890625
36552.,3.7784375
36553.,3.8312500000
36554.,3.796875
36555.,3.8265625
36556.,3.8043750000
36557.,3.7934375
36558.,3.7687500000
36559.,3.81
36560.,3.8068750000
36561.,3.7828125
36562.,3.80125
36563.,3.800625
36564.,3.8175
36565.,3.79
36566.,3.7925
36567.,3.7925
36568.,3.77875
36569.,3.7687500000
36570.,3.774375
36571.,3.7487500000
36572.,3.7609375000
36573.,3.7603125
36574.,3.780625
36575.,3.80625
36576.,3.7859375
36577.,3.7384375
36578.,3.7934375
36579.,3.7621875
36580.,3.7990625000
36581.,3.8028125
36582.,3.78125
36583.,3.79375
36584.,3.78625
36585.,3.7875
36586.,3.7975
36587.,3.780625
36588.,3.7878125000
36589.,3.7740625
36590.,3.780625
36591.,3.78625
36592.,3.8009375
36593.,3.798125
36594.,3.7909375
36595.,3.7465625
36596.,3.7725
36597.,3.7915625
36598.,3.7684375
36599.,3.794375
36600.,3.78375
36601.,3.761875
36602.,3.7721875000
36603.,3.769375
36604.,3.7984375
36605.,3.7965625000
36606.,3.7821875
36607.,3.796875
36608.,3.8025
36609.,3.7834375000
36610.,3.809375
36611.,3.8025
36612.,3.7853125
36613.,3.8065625
36614.,3.798125
36615.,3.7959375
36616.,3.7984375
36617.,3.805
36618.,3.80875
36619.,3.8153125
36620.,3.8103125
36621.,3.7959375
36622.,3.825
36623.,3.79625
36624.,3.7990625000
36625.,3.814375
36626.,3.793125
36627.,3.8128125
36628.,3.8225000000
36629.,3.8184375
36630.,3.80625
36631.,3.8134375
36632.,3.7843750000
36633.,3.8078125000
36634.,3.8078125000
36635.,3.8334375
36636.,3.81625
36637.,3.8109375
36638.,3.7809375000
36639.,3.7912500000
36640.,3.7871875
36641.,3.790625
36642.,3.7909375
36643.,3.7921875000
36644.,3.785625
36645.,3.8096875
36646.,3.80875
36647.,3.796875
36648.,3.7996875
36649.,3.8234375000
36650.,3.813125
36651.,3.824375
36652.,3.8221875
36653.,3.8009375
36654.,3.810625
36655.,3.8175
36656.,3.8071875
36657.,3.800625
36658.,3.7859375
36659.,3.8065625
36660.,3.7875
36661.,3.7984375
36662.,3.8128125
36663.,3.8034375000
36664.,3.798125
36665.,3.7853125
36666.,3.8040625
36667.,3.8128125
36668.,3.81375
36669.,3.835
36670.,3.8190625000
36671.,3.835
36672.,3.828125
36673.,3.8340625
36674.,3.828125
36675.,3.8128125
36676.,3.831875
36677.,3.816875
36678.,3.8112500000
36679.,3.830625
36680.,3.793125
36681.,3.840625
36682.,3.8053125
36683.,3.8071875
36684.,3.80625
36685.,3.82375
36686.,3.8240625
36687.,3.7840625
36688.,3.791875
36689.,3.7971875
36690.,3.8103125
36691.,3.8021875
36692.,3.7859375
36693.,3.818125
36694.,3.786875
36695.,3.779375
36696.,3.813125
36697.,3.805625
36698.,3.8246875
36699.,3.808125
36700.,3.816875
36701.,3.8115625
36702.,3.811875
36703.,3.81875
36704.,3.8303125000
36705.,3.82375
36706.,3.8171875
36707.,3.8275
36708.,3.7915625
36709.,3.790625
36710.,3.781875
36711.,3.824375
36712.,3.813125
36713.,3.8196875
36714.,3.8253125
36715.,3.8271875
36716.,3.78375
36717.,3.821875
36718.,3.8209375
36719.,3.8200000000
36720.,3.8325
36721.,3.8240625
36722.,3.8121875000
36723.,3.8153125
36724.,3.810625
36725.,3.81
36726.,3.8153125
36727.,3.8340625
36728.,3.8221875
36729.,3.8000000000
36730.,3.8290625
36731.,3.80625
36732.,3.8125
36733.,3.8328125
36734.,3.810625
36735.,3.8171875
36736.,3.8134375
36737.,3.8165625
36738.,3.7875
36739.,3.8221875
36740.,3.8253125
36741.,3.8112500000
36742.,3.8228125
36743.,3.816875
36744.,3.8068750000
36745.,3.8146875000
36746.,3.7865625
36747.,3.76375
36748.,3.8190625000
36749.,3.816875
36750.,3.7846875
36751.,3.8015625
36752.,3.825
36753.,3.825
36754.,3.810625
36755.,3.7843750000
36756.,3.80375
36757.,3.8115625
36758.,3.765625
36759.,3.785
36760.,3.778125
36761.,3.788125
36762.,3.7975
36763.,3.7896875
36764.,3.78625
36765.,3.75625
36766.,3.7559375
36767.,3.798125
36768.,3.7946875
36769.,3.7734375
36770.,3.7828125
36771.,3.7715625
36772.,3.7600000000
36773.,3.7965625000
36774.,3.765625
36775.,3.7875
36776.,3.7778125
36777.,3.7887500000
36778.,3.8028125
36779.,3.7925
36780.,3.780625
36781.,3.7584375
36782.,3.7784375
36783.,3.80375
36784.,3.7875
36785.,3.7625
36786.,3.7759375
36787.,3.7934375
36788.,3.7940625
36789.,3.7575000000
36790.,3.7996875
36791.,3.771875
36792.,3.8171875
36793.,3.7753125
36794.,3.7834375000
36795.,3.783125
36796.,3.786875
36797.,3.7896875
36798.,3.816875
36799.,3.7996875
36800.,3.8009375
36801.,3.7934375
36802.,3.8000000000
36803.,3.7821875
36804.,3.77875
36805.,3.8115625
36806.,3.7690625
36807.,3.809375
36808.,3.800625
36809.,3.7934375
36810.,3.7796875
36811.,3.768125
36812.,3.79875
36813.,3.783125
36814.,3.7940625
36815.,3.766875
36816.,3.805625
36817.,3.8043750000
36818.,3.79875
36819.,3.77875
36820.,3.7875
36821.,3.794375
36822.,3.7978125
36823.,3.794375
36824.,3.8000000000
36825.,3.810625
36826.,3.7696875
36827.,3.775
36828.,3.795
36829.,3.7996875
36830.,3.793125
36831.,3.7959375
36832.,3.786875
36833.,3.81
36834.,3.81625
36835.,3.8134375
36836.,3.809375
36837.,3.80375
36838.,3.8325
36839.,3.8175
36840.,3.8096875
36841.,3.80875
36842.,3.8171875
36843.,3.8003125
36844.,3.778125
36845.,3.7825
36846.,3.8090625
36847.,3.805
36848.,3.825625
36849.,3.794375
36850.,3.82625
36851.,3.8365625
36852.,3.818125
36853.,3.7875
36854.,3.80875
36855.,3.814375
36856.,3.8146875000
36857.,3.79875
36858.,3.814375
36859.,3.82875
36860.,3.8200000000
36861.,3.8234375000
36862.,3.8125
36863.,3.799375
36864.,3.8312500000
36865.,3.8359375
36866.,3.7734375
36867.,3.7871875
36868.,3.8246875
36869.,3.8053125
36870.,3.8096875
36871.,3.821875
36872.,3.828125
36873.,3.8028125
36874.,3.8078125000
36875.,3.7953125
36876.,3.8065625
36877.,3.8075
36878.,3.7953125
36879.,3.77625
36880.,3.7965625000
36881.,3.80375
36882.,3.7731250000
36883.,3.7740625
36884.,3.778125
36885.,3.7903125
36886.,3.7696875
36887.,3.7809375000
36888.,3.7890625
36889.,3.8046875
36890.,3.7956250000
36891.,3.7565625000
36892.,3.7896875
36893.,3.8015625
36894.,3.7975
36895.,3.8009375
36896.,3.8203125
36897.,3.831875
36898.,3.7934375
36899.,3.7846875
36900.,3.780625
36901.,3.7903125
36902.,3.7753125
36903.,3.785625
36904.,3.78625
36905.,3.7903125
36906.,3.7678125000
36907.,3.7565625000
36908.,3.7890625
36909.,3.77125
36910.,3.7509375
36911.,3.78125
36912.,3.7696875
36913.,3.7821875
36914.,3.761875
36915.,3.7828125
36916.,3.775
36917.,3.776875
36918.,3.7628125
36919.,3.7925
36920.,3.8040625
36921.,3.7571875
36922.,3.77625
36923.,3.7753125
36924.,3.7778125
36925.,3.77375
36926.,3.7715625
36927.,3.7887500000
36928.,3.793125
36929.,3.7959375
36930.,3.79
36931.,3.7771875
36932.,3.7725
36933.,3.7703125
36934.,3.71375
36935.,3.76625
36936.,3.759375
36937.,3.7490625
36938.,3.730625
36939.,3.7796875
36940.,3.7678125000
36941.,3.794375
36942.,3.788125
36943.,3.8003125
36944.,3.7725
36945.,3.7821875
36946.,3.7534375
36947.,3.7940625
36948.,3.7775
36949.,3.7665625
36950.,3.7615625
36951.,3.7709375
36952.,3.7665625
36953.,3.7775
36954.,3.7887500000
36955.,3.7753125
36956.,3.7721875000
36957.,3.7828125
36958.,3.771875
36959.,3.7646875
36960.,3.7840625
36961.,3.7784375
36962.,3.7643750000
36963.,3.780625
36964.,3.7896875
36965.,3.7984375
36966.,3.7865625
36967.,3.8109375
36968.,3.7859375
36969.,3.7953125
36970.,3.8000000000
36971.,3.7959375
36972.,3.7753125
36973.,3.8000000000
36974.,3.799375
36975.,3.77125
36976.,3.7925
36977.,3.805
36978.,3.7728125
36979.,3.78625
36980.,3.7878125000
36981.,3.7625
36982.,3.7609375000
36983.,3.7821875
36984.,3.778125
36985.,3.7765625000
36986.,3.778125
36987.,3.7912500000
36988.,3.7615625
36989.,3.7653125000
36990.,3.7912500000
36991.,3.809375
36992.,3.8053125
36993.,3.7653125000
36994.,3.805
36995.,3.8000000000
36996.,3.81375
36997.,3.789375
36998.,3.7971875
36999.,3.80875
37000.,3.8028125
37001.,3.7878125000
37002.,3.8028125
37003.,3.8046875
37004.,3.7934375
37005.,3.7696875
37006.,3.7975
37007.,3.8381250000
37008.,3.80875
37009.,3.7946875
37010.,3.783125
37011.,3.813125
37012.,3.7912500000
37013.,3.7884375
37014.,3.7971875
37015.,3.8225000000
37016.,3.8175
37017.,3.823125
37018.,3.7878125000
37019.,3.785625
37020.,3.814375
37021.,3.7878125000
37022.,3.7956250000
37023.,3.8140625
37024.,3.79625
37025.,3.840625
37026.,3.8025
37027.,3.8312500000
37028.,3.819375
37029.,3.8275
37030.,3.8075
37031.,3.803125
37032.,3.8096875
37033.,3.8312500000
37034.,3.7834375000
37035.,3.786875
37036.,3.8015625
37037.,3.8668750000
37038.,3.80375
37039.,3.799375
37040.,3.7934375
37041.,3.7859375
37042.,3.7956250000
37043.,3.7878125000
37044.,3.8225000000
37045.,3.800625
37046.,3.8128125
37047.,3.798125
37048.,3.7975
37049.,3.7875
37050.,3.8103125
37051.,3.7978125
37052.,3.771875
37053.,3.7796875
37054.,3.8015625
37055.,3.7896875
37056.,3.7828125
37057.,3.7609375000
37058.,3.7784375
37059.,3.7721875000
37060.,3.7756250000
37061.,3.7600000000
37062.,3.780625
37063.,3.7887500000
37064.,3.769375
37065.,3.7340625000
37066.,3.7796875
37067.,3.766875
37068.,3.7675
37069.,3.7765625000
37070.,3.7775
37071.,3.791875
37072.,3.7621875
37073.,3.78625
37074.,3.7956250000
37075.,3.7940625
37076.,3.7928125
37077.,3.7796875
37078.,3.771875
37079.,3.79625
37080.,3.7728125
37081.,3.805625
37082.,3.7596875
37083.,3.7803125
37084.,3.7815625
37085.,3.8065625
37086.,3.7821875
37087.,3.778125
37088.,3.77625
37089.,3.7859375
37090.,3.7625
37091.,3.7665625
37092.,3.7875
37093.,3.7759375
37094.,3.7971875
37095.,3.7890625
37096.,3.7659375
37097.,3.7756250000
37098.,3.7815625
37099.,3.7903125
37100.,3.8328125
37101.,3.7934375
37102.,3.8109375
37103.,3.799375
37104.,3.8146875000
37105.,3.7975
37106.,3.8021875
37107.,3.7809375000
37108.,3.7721875000
37109.,3.7784375
37110.,3.7903125
37111.,3.7843750000
37112.,3.7515625
37113.,3.7934375
37114.,3.805
37115.,3.7921875000
37116.,3.7765625000
37117.,3.7740625
37118.,3.81625
37119.,3.781875
37120.,3.795
37121.,3.7615625
37122.,3.76625
37123.,3.82625
37124.,3.770625
37125.,3.735625
37126.,3.7575000000
37127.,3.786875
37128.,3.7834375000
37129.,3.775
37130.,3.7609375000
37131.,3.7940625
37132.,3.7846875
37133.,3.7912500000
37134.,3.7634375
37135.,3.8068750000
37136.,3.761875
37137.,3.7853125
37138.,3.7534375
37139.,3.8025
37140.,3.7875
37141.,3.8059375
37142.,3.77625
37143.,3.7609375000
37144.,3.776875
37145.,3.795
37146.,3.7640625
37147.,3.7815625
37148.,3.785625
37149.,3.790625
37150.,3.8078125000
37151.,3.7828125
37152.,3.7756250000
37153.,3.77
37154.,3.7646875
37155.,3.7809375000
37156.,3.7846875
37157.,3.7646875
37158.,3.7771875
37159.,3.7728125
37160.,3.7840625
37161.,3.7784375
37162.,3.763125
37163.,3.795
37164.,3.7725
37165.,3.7925
37166.,3.7696875
37167.,3.7565625000
37168.,3.775
37169.,3.7525
37170.,3.7609375000
37171.,3.7678125000
37172.,3.7903125
37173.,3.7909375
37174.,3.8153125
37175.,3.7996875
37176.,3.8290625
37177.,3.794375
37178.,3.7953125
37179.,3.7821875
37180.,3.8225000000
37181.,3.798125
37182.,3.7996875
37183.,3.7925
37184.,3.831875
37185.,3.8046875
37186.,3.7928125
37187.,3.7975
37188.,3.790625
37189.,3.77875
37190.,3.8043750000
37191.,3.8040625
37192.,3.7731250000
37193.,3.786875
37194.,3.799375
37195.,3.788125
37196.,3.794375
37197.,3.8115625
37198.,3.8103125
37199.,3.81875
37200.,3.791875
37201.,3.8178125
37202.,3.818125
37203.,3.8075
37204.,3.816875
37205.,3.8075
37206.,3.7865625
37207.,3.8159375
37208.,3.8071875
37209.,3.803125
37210.,3.778125
37211.,3.819375
37212.,3.7956250000
37213.,3.8484375
37214.,3.7909375
37215.,3.8175
37216.,3.8334375
37217.,3.8112500000
37218.,3.788125
37219.,3.7896875
37220.,3.8284375
37221.,3.8159375
37222.,3.78125
37223.,3.7903125
37224.,3.785625
37225.,3.7809375000
37226.,3.7665625
37227.,3.7865625
37228.,3.796875
37229.,3.769375
37230.,3.7965625000
37231.,3.765625
37232.,3.7878125000
37233.,3.8000000000
37234.,3.783125
37235.,3.7828125
37236.,3.7575000000
37237.,3.7971875
37238.,3.8028125
37239.,3.7834375000
37240.,3.8028125
37241.,3.7921875000
37242.,3.7959375
37243.,3.7734375
37244.,3.799375
37245.,3.77125
37246.,3.78625
37247.,3.7453125000
37248.,3.7953125
37249.,3.7865625
37250.,3.7843750000
37251.,3.778125
37252.,3.778125
37253.,3.7609375000
37254.,3.781875
37255.,3.7840625
37256.,3.7903125
37257.,3.8078125000
37258.,3.7934375
37259.,3.8003125
37260.,3.7703125
37261.,3.7959375
37262.,3.7731250000
37263.,3.795
37264.,3.765625
37265.,3.7796875
37266.,3.8112500000
37267.,3.8084375
37268.,3.800625
37269.,3.788125
37270.,3.78125
37271.,3.7909375
37272.,3.7946875
37273.,3.7596875
37274.,3.7796875
37275.,3.7800000000
37276.,3.7734375
37277.,3.7615625
37278.,3.760625
37279.,3.8134375
37280.,3.8034375000
37281.,3.786875
37282.,3.7596875
37283.,3.745
37284.,3.770625
37285.,3.7440625
37286.,3.77375
37287.,3.7509375
37288.,3.76625
37289.,3.7646875
37290.,3.766875
37291.,3.7440625
37292.,3.7815625
37293.,3.750625
37294.,3.7434375
37295.,3.7584375
37296.,3.749375
37297.,3.7646875
37298.,3.738125
37299.,3.774375
37300.,3.7396875
37301.,3.80125
37302.,3.7528125
37303.,3.77375
37304.,3.7625
37305.,3.7465625
37306.,3.7571875
37307.,3.765625
37308.,3.7821875
37309.,3.7531250000
37310.,3.7553125
37311.,3.7565625000
37312.,3.7453125000
37313.,3.7740625
37314.,3.760625
37315.,3.7371875
37316.,3.7490625
37317.,3.7540625
37318.,3.794375
37319.,3.7684375
37320.,3.7671875
37321.,3.771875
37322.,3.7603125
37323.,3.7771875
37324.,3.7490625
37325.,3.7421875
37326.,3.759375
37327.,3.7515625
37328.,3.7796875
37329.,3.7509375
37330.,3.7809375000
37331.,3.7946875
37332.,3.7978125
37333.,3.7878125000
37334.,3.7571875
37335.,3.803125
37336.,3.7965625000
37337.,3.7753125
37338.,3.7784375
37339.,3.754375
37340.,3.7687500000
37341.,3.7778125
37342.,3.7634375
37343.,3.7759375
37344.,3.7778125
37345.,3.77375
37346.,3.7709375
37347.,3.793125
37348.,3.7959375
37349.,3.7984375
37350.,3.7571875
37351.,3.78375
37352.,3.7759375
37353.,3.7984375
37354.,3.8025
37355.,3.7728125
37356.,3.796875
37357.,3.8153125
37358.,3.7740625
37359.,3.7803125
37360.,3.7725
37361.,3.8246875
37362.,3.7553125
37363.,3.7559375
37364.,3.7696875
37365.,3.774375
37366.,3.7678125000
37367.,3.7784375
37368.,3.758125
37369.,3.7796875
37370.,3.7740625
37371.,3.7803125
37372.,3.739375
37373.,3.7675
37374.,3.7896875
37375.,3.75875
37376.,3.7853125
37377.,3.7696875
37378.,3.7925
37379.,3.7703125
37380.,3.7728125
37381.,3.755625
37382.,3.745
37383.,3.7671875
37384.,3.745625
37385.,3.7584375
37386.,3.7640625
37387.,3.776875
37388.,3.7765625000
37389.,3.7471875
37390.,3.76375
37391.,3.7540625
37392.,3.788125
37393.,3.7840625
37394.,3.776875
37395.,3.7759375
37396.,3.765
37397.,3.7796875
37398.,3.7715625
37399.,3.7487500000
37400.,3.763125
37401.,3.755
37402.,3.748125
37403.,3.7825
37404.,3.760625
37405.,3.7534375
37406.,3.739375
37407.,3.7246875
37408.,3.754375
37409.,3.7796875
37410.,3.7790625
37411.,3.749375
37412.,3.7790625
37413.,3.7565625000
37414.,3.76625
37415.,3.7765625000
37416.,3.7409375000
37417.,3.7853125
37418.,3.7771875
37419.,3.74375
37420.,3.790625
37421.,3.7665625
37422.,3.7440625
37423.,3.7475
37424.,3.7487500000
37425.,3.74375
37426.,3.75375
37427.,3.7321875
37428.,3.75375
37429.,3.72375
37430.,3.7384375
37431.,3.7684375
37432.,3.759375
37433.,3.7803125
37434.,3.7418750000
37435.,3.7484375
37436.,3.75875
37437.,3.7521875000
37438.,3.7756250000
37439.,3.7671875
37440.,3.72125
37441.,3.7253125000
37442.,3.748125
37443.,3.7634375
37444.,3.723125
37445.,3.7525
37446.,3.7487500000
37447.,3.7625
37448.,3.7778125
37449.,3.7684375
37450.,3.7734375
37451.,3.7821875
37452.,3.7553125
37453.,3.731875
37454.,3.734375
37455.,3.770625
37456.,3.7184375000
37457.,3.736875
37458.,3.73875
37459.,3.725625
37460.,3.745625
37461.,3.7084375
37462.,3.7287500000
37463.,3.7484375
37464.,3.724375
37465.,3.735
37466.,3.7078125
37467.,3.7271875
37468.,3.7106250000
37469.,3.7096875000
37470.,3.7109375
37471.,3.73
37472.,3.7278125
37473.,3.7396875
37474.,3.7271875
37475.,3.7218750000
37476.,3.7484375
37477.,3.7540625
37478.,3.75125
37479.,3.72
37480.,3.76375
37481.,3.74125
37482.,3.7128125
37483.,3.71375
37484.,3.729375
37485.,3.7425
37486.,3.7525
37487.,3.7528125
37488.,3.7259375
37489.,3.7575000000
37490.,3.7384375
37491.,3.7290625
37492.,3.7290625
37493.,3.7490625
37494.,3.7331250000
37495.,3.7325
37496.,3.75375
37497.,3.76375
37498.,3.7603125
37499.,3.7475
37500.,3.7240625
37501.,3.7521875000
37502.,3.7646875
37503.,3.7265625
37504.,3.7421875
37505.,3.7453125000
37506.,3.7418750000
37507.,3.750625
37508.,3.7246875
37509.,3.73
37510.,3.7396875
37511.,3.7487500000
37512.,3.7265625
37513.,3.7478125
37514.,3.7496875000
37515.,3.7465625
37516.,3.7271875
37517.,3.7459375
37518.,3.72375
37519.,3.7678125000
37520.,3.743125
37521.,3.7634375
37522.,3.7643750000
37523.,3.7709375
37524.,3.7365625000
37525.,3.760625
37526.,3.7446875
37527.,3.7309375
37528.,3.7331250000
37529.,3.74
37530.,3.75625
37531.,3.7531250000
37532.,3.72375
37533.,3.7275
37534.,3.75
37535.,3.7175000000
37536.,3.73125
37537.,3.7334375
37538.,3.7428125
37539.,3.7465625
37540.,3.7509375
37541.,3.7443750000
37542.,3.7475
37543.,3.725625
37544.,3.7221875
37545.,3.735625
37546.,3.743125
37547.,3.7600000000
37548.,3.7553125
37549.,3.7646875
37550.,3.7640625
37551.,3.7953125
37552.,3.7409375000
37553.,3.7503125
37554.,3.7596875
37555.,3.760625
37556.,3.740625
37557.,3.7265625
37558.,3.7371875
37559.,3.7353125
37560.,3.77125
37561.,3.7384375
37562.,3.7240625
37563.,3.7384375
37564.,3.7453125000
37565.,3.755
37566.,3.728125
37567.,3.73125
37568.,3.7521875000
37569.,3.7425
37570.,3.7287500000
37571.,3.7259375
37572.,3.75
37573.,3.7446875
37574.,3.7703125
37575.,3.7234375
37576.,3.731875
37577.,3.76375
37578.,3.7375000000
37579.,3.7503125
37580.,3.7603125
37581.,3.736875
37582.,3.7515625
37583.,3.73625
37584.,3.7253125000
37585.,3.7534375
37586.,3.7515625
37587.,3.745625
37588.,3.7275
37589.,3.7625
37590.,3.765625
37591.,3.75125
37592.,3.729375
37593.,3.7553125
37594.,3.74375
37595.,3.7440625
37596.,3.709375
37597.,3.7471875
37598.,3.7434375
37599.,3.7446875
37600.,3.730625
37601.,3.7531250000
37602.,3.7234375
37603.,3.7209375000
37604.,3.7578125
37605.,3.7590625
37606.,3.7553125
37607.,3.7234375
37608.,3.76125
37609.,3.750625
37610.,3.755
37611.,3.75625
37612.,3.7559375
37613.,3.726875
37614.,3.7403125
37615.,3.7615625
37616.,3.75125
37617.,3.7284375
37618.,3.7490625
37619.,3.77375
37620.,3.745
37621.,3.7528125
37622.,3.7375000000
37623.,3.7471875
37624.,3.7425
37625.,3.7490625
37626.,3.7365625000
37627.,3.751875
37628.,3.734375
37629.,3.740625
37630.,3.7621875
37631.,3.745625
37632.,3.7515625
37633.,3.725
37634.,3.769375
37635.,3.73875
37636.,3.7415625
37637.,3.74625
37638.,3.72125
37639.,3.725
37640.,3.725625
37641.,3.75125
37642.,3.7315625
37643.,3.708125
37644.,3.7271875
37645.,3.7146875
37646.,3.7125
37647.,3.7287500000
37648.,3.7246875
37649.,3.7203125
37650.,3.7221875
37651.,3.7103125
37652.,3.7190625
37653.,3.7090625
37654.,3.739375
37655.,3.7446875
37656.,3.7331250000
37657.,3.7475
37658.,3.7271875
37659.,3.7121875
37660.,3.7209375000
37661.,3.7218750000
37662.,3.7340625000
37663.,3.7487500000
37664.,3.7225
37665.,3.7328125
37666.,3.7487500000
37667.,3.748125
37668.,3.7246875
37669.,3.723125
37670.,3.728125
37671.,3.7353125
37672.,3.7540625
37673.,3.726875
37674.,3.7390625
37675.,3.74125
37676.,3.765625
37677.,3.7309375
37678.,3.7440625
37679.,3.746875
37680.,3.7515625
37681.,3.7331250000
37682.,3.716875
37683.,3.736875
37684.,3.711875
37685.,3.71125
37686.,3.7234375
37687.,3.7175000000
37688.,3.7184375000
37689.,3.730625
37690.,3.716875
37691.,3.69875
37692.,3.711875
37693.,3.7584375
37694.,3.7290625
37695.,3.735625
37696.,3.7434375
37697.,3.7334375
37698.,3.7265625
37699.,3.7384375
37700.,3.7331250000
37701.,3.75375
37702.,3.7515625
37703.,3.70125
37704.,3.7375000000
37705.,3.7346875
37706.,3.7271875
37707.,3.71875
37708.,3.7234375
37709.,3.7225
37710.,3.73375
37711.,3.7062500000
37712.,3.7421875
37713.,3.7578125
37714.,3.7203125
37715.,3.724375
37716.,3.7271875
37717.,3.728125
37718.,3.7296875000
37719.,3.7384375
37720.,3.735625
37721.,3.74125
37722.,3.766875
37723.,3.7440625
37724.,3.75625
37725.,3.73375
37726.,3.7534375
37727.,3.7634375
37728.,3.7278125
37729.,3.7196875
37730.,3.7584375
37731.,3.7534375
37732.,3.7321875
37733.,3.714375
37734.,3.7184375000
37735.,3.7590625
37736.,3.7515625
37737.,3.751875
37738.,3.7428125
37739.,3.7609375000
37740.,3.7421875
37741.,3.7359375
37742.,3.770625
37743.,3.7353125
37744.,3.7646875
37745.,3.755
37746.,3.729375
37747.,3.723125
37748.,3.731875
37749.,3.740625
37750.,3.7434375
37751.,3.74625
37752.,3.7331250000
37753.,3.7771875
37754.,3.7912500000
37755.,3.7578125
37756.,3.751875
37757.,3.7553125
37758.,3.6862500000
37759.,3.74625
37760.,3.749375
37761.,3.755
37762.,3.7334375
37763.,3.7418750000
37764.,3.7215625
37765.,3.7125
37766.,3.7425
37767.,3.723125
37768.,3.7290625
37769.,3.7140625000
37770.,3.729375
37771.,3.7284375
37772.,3.7271875
37773.,3.7153125
37774.,3.7084375
37775.,3.71875
37776.,3.73875
37777.,3.71125
37778.,3.73
37779.,3.7290625
37780.,3.7131250000
37781.,3.7459375
37782.,3.7375000000
37783.,3.7115625
37784.,3.7418750000
37785.,3.7103125
37786.,3.74
37787.,3.71375
37788.,3.725
37789.,3.7290625
37790.,3.7071875
37791.,3.75
37792.,3.7303125
37793.,3.728125
37794.,3.7290625
37795.,3.7315625
37796.,3.7284375
37797.,3.7190625
37798.,3.731875
37799.,3.7253125000
37800.,3.7503125
37801.,3.7303125
37802.,3.7125
37803.,3.7609375000
37804.,3.7459375
37805.,3.7575000000
37806.,3.745625
37807.,3.751875
37808.,3.760625
37809.,3.7528125
37810.,3.7253125000
37811.,3.7490625
37812.,3.7225
37813.,3.7371875
37814.,3.7353125
37815.,3.7171875
37816.,3.7109375
37817.,3.736875
37818.,3.7390625
37819.,3.7325
37820.,3.72
37821.,3.7159375
37822.,3.736875
37823.,3.7331250000
37824.,3.7434375
37825.,3.7034375
37826.,3.7315625
37827.,3.7334375
37828.,3.73125
37829.,3.730625
37830.,3.7559375
37831.,3.7225
37832.,3.7440625
37833.,3.7403125
37834.,3.735
37835.,3.76125
37836.,3.71375
37837.,3.7296875000
37838.,3.766875
37839.,3.7287500000
37840.,3.73625
37841.,3.7525
37842.,3.73875
37843.,3.726875
37844.,3.7290625
37845.,3.746875
37846.,3.758125
37847.,3.7128125
37848.,3.7503125
37849.,3.775
37850.,3.74625
37851.,3.724375
37852.,3.7443750000
37853.,3.7659375
37854.,3.775
37855.,3.7634375
37856.,3.7643750000
37857.,3.7690625
37858.,3.7640625
37859.,3.7484375
37860.,3.7509375
37861.,3.7443750000
37862.,3.7756250000
37863.,3.7896875
37864.,3.758125
37865.,3.7643750000
37866.,3.774375
37867.,3.7828125
37868.,3.725625
37869.,3.738125
37870.,3.7440625
37871.,3.7671875
37872.,3.7609375000
37873.,3.7471875
37874.,3.7531250000
37875.,3.7403125
37876.,3.7584375
37877.,3.73625
37878.,3.7784375
37879.,3.7746875
37880.,3.7634375
37881.,3.7571875
37882.,3.7725
37883.,3.7490625
37884.,3.783125
37885.,3.7525
37886.,3.7521875000
37887.,3.7809375000
37888.,3.780625
37889.,3.734375
37890.,3.7353125
37891.,3.7871875
37892.,3.750625
37893.,3.7828125
37894.,3.774375
37895.,3.751875
37896.,3.77
37897.,3.761875
37898.,3.76125
37899.,3.769375
37900.,3.7853125
37901.,3.788125
37902.,3.7903125
37903.,3.7643750000
37904.,3.78125
37905.,3.754375
37906.,3.7853125
37907.,3.7471875
37908.,3.77875
37909.,3.7484375
37910.,3.7675
37911.,3.7912500000
37912.,3.7684375
37913.,3.7759375
37914.,3.7871875
37915.,3.779375
37916.,3.7578125
37917.,3.8003125
37918.,3.769375
37919.,3.7709375
37920.,3.7756250000
37921.,3.78625
37922.,3.7756250000
37923.,3.7687500000
37924.,3.7490625
37925.,3.7621875
37926.,3.76125
37927.,3.758125
37928.,3.7615625
37929.,3.76125
37930.,3.7459375
37931.,3.70875
37932.,3.7375000000
37933.,3.7478125
37934.,3.7609375000
37935.,3.75
37936.,3.7353125
37937.,3.7634375
37938.,3.7784375
37939.,3.7503125
37940.,3.7921875000
37941.,3.761875
37942.,3.7578125
37943.,3.75
37944.,3.7496875000
37945.,3.7625
37946.,3.755625
37947.,3.7946875
37948.,3.7487500000
37949.,3.7403125
37950.,3.7484375
37951.,3.750625
37952.,3.760625
37953.,3.7515625
37954.,3.768125
37955.,3.7643750000
37956.,3.75875
37957.,3.7740625
37958.,3.7515625
37959.,3.74125
37960.,3.7584375
37961.,3.7671875
37962.,3.7453125000
37963.,3.7471875
37964.,3.7871875
37965.,3.74625
37966.,3.7615625
37967.,3.751875
37968.,3.7446875
37969.,3.7559375
37970.,3.7340625000
37971.,3.7590625
37972.,3.738125
37973.,3.7671875
37974.,3.7084375
37975.,3.7646875
37976.,3.7790625
37977.,3.720625
37978.,3.76375
37979.,3.76625
37980.,3.7675
37981.,3.7531250000
37982.,3.72375
37983.,3.7540625
37984.,3.75875
37985.,3.7403125
37986.,3.7446875
37987.,3.7259375
37988.,3.7465625
37989.,3.7600000000
37990.,3.7578125
37991.,3.730625
37992.,3.7534375
37993.,3.7484375
37994.,3.729375
37995.,3.7271875
37996.,3.703125
37997.,3.7609375000
37998.,3.7096875000
37999.,3.7265625
38000.,3.7378125
38001.,3.7328125
38002.,3.7228125
38003.,3.7121875
38004.,3.696875
38005.,3.7296875000
38006.,3.7046875
38007.,3.759375
38008.,3.7059375
38009.,3.7359375
38010.,3.755
38011.,3.73625
38012.,3.736875
38013.,3.7540625
38014.,3.7609375000
38015.,3.7443750000
38016.,3.75125
38017.,3.75125
38018.,3.7525
38019.,3.7403125
38020.,3.7346875
38021.,3.7490625
38022.,3.7653125000
38023.,3.7615625
38024.,3.7509375
38025.,3.755
38026.,3.7646875
38027.,3.780625
38028.,3.75875
38029.,3.7771875
38030.,3.7453125000
38031.,3.7684375
38032.,3.7421875
38033.,3.74625
38034.,3.749375
38035.,3.7756250000
38036.,3.7478125
38037.,3.73625
38038.,3.7621875
38039.,3.7596875
38040.,3.7621875
38041.,3.7465625
38042.,3.7715625
38043.,3.77
38044.,3.778125
38045.,3.765
38046.,3.761875
38047.,3.759375
38048.,3.8240625
38049.,3.779375
38050.,3.7734375
38051.,3.759375
38052.,3.75875
38053.,3.765
38054.,3.7440625
38055.,3.79625
38056.,3.7659375
38057.,3.7756250000
38058.,3.7759375
38059.,3.75875
38060.,3.7809375000
38061.,3.7909375
38062.,3.7525
38063.,3.7790625
38064.,3.7471875
38065.,3.78125
38066.,3.7443750000
38067.,3.7446875
38068.,3.736875
38069.,3.788125
38070.,3.7531250000
38071.,3.7396875
38072.,3.7821875
38073.,3.7865625
38074.,3.7615625
38075.,3.7843750000
38076.,3.7884375
38077.,3.766875
38078.,3.7800000000
38079.,3.788125
38080.,3.77
38081.,3.8043750000
38082.,3.7696875
38083.,3.7496875000
38084.,3.7753125
38085.,3.77875
38086.,3.7821875
38087.,3.774375
38088.,3.76125
38089.,3.779375
38090.,3.7990625000
38091.,3.783125
38092.,3.7878125000
38093.,3.7628125
38094.,3.754375
38095.,3.775
38096.,3.783125
38097.,3.759375
38098.,3.7784375
38099.,3.8015625
38100.,3.7703125
38101.,3.786875
38102.,3.78125
38103.,3.7628125
38104.,3.771875
38105.,3.7575000000
38106.,3.7525
38107.,3.7909375
38108.,3.7621875
38109.,3.7803125
38110.,3.769375
38111.,3.771875
38112.,3.7371875
38113.,3.745
38114.,3.7840625
38115.,3.7834375000
38116.,3.77
38117.,3.7528125
38118.,3.72
38119.,3.7525
38120.,3.7475
38121.,3.7478125
38122.,3.7721875000
38123.,3.7496875000
38124.,3.763125
38125.,3.726875
38126.,3.7421875
38127.,3.7453125000
38128.,3.7459375
38129.,3.7421875
38130.,3.7575000000
38131.,3.77
38132.,3.8003125
38133.,3.7978125
38134.,3.740625
38135.,3.73125
38136.,3.7428125
38137.,3.7646875
38138.,3.7040625
38139.,3.78375
38140.,3.740625
38141.,3.7553125
38142.,3.7459375
38143.,3.7378125
38144.,3.7515625
38145.,3.7353125
38146.,3.7215625
38147.,3.7531250000
38148.,3.768125
38149.,3.7715625
38150.,3.7378125
38151.,3.7228125
38152.,3.75375
38153.,3.7246875
38154.,3.736875
38155.,3.745
38156.,3.7471875
38157.,3.75625
38158.,3.7565625000
38159.,3.7578125
38160.,3.7471875
38161.,3.738125
38162.,3.7446875
38163.,3.715625
38164.,3.7425
38165.,3.68875
38166.,3.7459375
38167.,3.7515625
38168.,3.736875
38169.,3.7434375
38170.,3.73125
38171.,3.7262500000
38172.,3.735625
38173.,3.7159375
38174.,3.72125
38175.,3.71375
38176.,3.72
38177.,3.74125
38178.,3.7325
38179.,3.7315625
38180.,3.7475
38181.,3.7253125000
38182.,3.75375
38183.,3.74375
38184.,3.7421875
38185.,3.755
38186.,3.7609375000
38187.,3.7628125
38188.,3.7746875
38189.,3.740625
38190.,3.74375
38191.,3.761875
38192.,3.7728125
38193.,3.754375
38194.,3.7484375
38195.,3.7687500000
38196.,3.7525
38197.,3.7425
38198.,3.7596875
38199.,3.7740625
38200.,3.780625
38201.,3.7540625
38202.,3.79625
38203.,3.7928125
38204.,3.76625
38205.,3.781875
38206.,3.7721875000
38207.,3.771875
38208.,3.7809375000
38209.,3.7928125
38210.,3.7734375
38211.,3.7825
38212.,3.798125
38213.,3.755
38214.,3.791875
38215.,3.7915625
38216.,3.8025
38217.,3.7728125
38218.,3.78375
38219.,3.760625
38220.,3.7790625
38221.,3.7721875000
38222.,3.7865625
38223.,3.7803125
38224.,3.7578125
38225.,3.7778125
38226.,3.769375
38227.,3.7575000000
38228.,3.7584375
38229.,3.7425
38230.,3.7996875
38231.,3.7887500000
38232.,3.8021875
38233.,3.7887500000
38234.,3.78625
38235.,3.765
38236.,3.7528125
38237.,3.7715625
38238.,3.755
38239.,3.7271875
38240.,3.7459375
38241.,3.7528125
38242.,3.7771875
38243.,3.7531250000
38244.,3.7687500000
38245.,3.754375
38246.,3.75
38247.,3.7225
38248.,3.776875
38249.,3.7740625
38250.,3.7825
38251.,3.7843750000
38252.,3.8028125
38253.,3.7540625
38254.,3.7690625
38255.,3.7640625
38256.,3.7428125
38257.,3.7262500000
38258.,3.735
38259.,3.7465625
38260.,3.781875
38261.,3.766875
38262.,3.7528125
38263.,3.740625
38264.,3.743125
38265.,3.74
38266.,3.7659375
38267.,3.751875
38268.,3.771875
38269.,3.755
38270.,3.7390625
38271.,3.7346875
38272.,3.7684375
38273.,3.7315625
38274.,3.73625
38275.,3.7428125
38276.,3.7643750000
38277.,3.7315625
38278.,3.7425
38279.,3.7653125000
38280.,3.7418750000
38281.,3.7428125
38282.,3.7756250000
38283.,3.7815625
38284.,3.7525
38285.,3.76125
38286.,3.7531250000
38287.,3.7225
38288.,3.74125
38289.,3.743125
38290.,3.7428125
38291.,3.75625
38292.,3.7540625
38293.,3.7331250000
38294.,3.7409375000
38295.,3.749375
38296.,3.7390625
38297.,3.75625
38298.,3.7584375
38299.,3.7090625
38300.,3.7609375000
38301.,3.766875
38302.,3.7659375
38303.,3.7496875000
38304.,3.726875
38305.,3.7540625
38306.,3.7287500000
38307.,3.7378125
38308.,3.7487500000
38309.,3.748125
38310.,3.7484375
38311.,3.7496875000
38312.,3.7628125
38313.,3.7465625
38314.,3.7346875
38315.,3.75125
38316.,3.7459375
38317.,3.7418750000
38318.,3.751875
38319.,3.7509375
38320.,3.7290625
38321.,3.74625
38322.,3.7553125
38323.,3.7378125
38324.,3.725
38325.,3.7487500000
38326.,3.73875
38327.,3.7671875
38328.,3.7418750000
38329.,3.74375
38330.,3.7346875
38331.,3.765
38332.,3.755625
38333.,3.7415625
38334.,3.715
38335.,3.7534375
38336.,3.7396875
38337.,3.7340625000
38338.,3.734375
38339.,3.7175000000
38340.,3.7503125
38341.,3.760625
38342.,3.760625
38343.,3.7025
38344.,3.75375
38345.,3.7590625
38346.,3.734375
38347.,3.7228125
38348.,3.7578125
38349.,3.7465625
38350.,3.7425
38351.,3.750625
38352.,3.7540625
38353.,3.7575000000
38354.,3.7440625
38355.,3.7465625
38356.,3.755
38357.,3.7696875
38358.,3.75
38359.,3.7325
38360.,3.7846875
38361.,3.7696875
38362.,3.780625
38363.,3.7515625
38364.,3.771875
38365.,3.7459375
38366.,3.781875
38367.,3.795
38368.,3.7803125
38369.,3.7571875
38370.,3.77125
38371.,3.7715625
38372.,3.7503125
38373.,3.7646875
38374.,3.7740625
38375.,3.76625
38376.,3.769375
38377.,3.7825
38378.,3.786875
38379.,3.813125
38380.,3.7659375
38381.,3.7746875
38382.,3.7840625
38383.,3.7756250000
38384.,3.793125
38385.,3.760625
38386.,3.80375
38387.,3.8046875
38388.,3.8103125
38389.,3.8184375
38390.,3.7778125
38391.,3.7696875
38392.,3.7903125
38393.,3.761875
38394.,3.783125
38395.,3.7778125
38396.,3.78375
38397.,3.77625
38398.,3.790625
38399.,3.7515625
38400.,3.7940625
38401.,3.77375
38402.,3.7790625
38403.,3.7575000000
38404.,3.8015625
38405.,3.7690625
38406.,3.7740625
38407.,3.7584375
38408.,3.760625
38409.,3.7753125
38410.,3.74625
38411.,3.7271875
38412.,3.7571875
38413.,3.7921875000
38414.,3.7903125
38415.,3.7609375000
38416.,3.794375
38417.,3.79375
38418.,3.7675
38419.,3.735625
38420.,3.7815625
38421.,3.793125
38422.,3.7803125
38423.,3.7684375
38424.,3.779375
38425.,3.78125
38426.,3.7946875
38427.,3.7628125
38428.,3.765625
38429.,3.78375
38430.,3.7771875
38431.,3.7815625
38432.,3.7740625
38433.,3.7559375
38434.,3.78375
38435.,3.788125
38436.,3.7690625
38437.,3.760625
38438.,3.7646875
38439.,3.7990625000
38440.,3.7671875
38441.,3.799375
38442.,3.7643750000
38443.,3.785
38444.,3.77625
38445.,3.7909375
38446.,3.7628125
38447.,3.7896875
38448.,3.7534375
38449.,3.76125
38450.,3.776875
38451.,3.755
38452.,3.7696875
38453.,3.75875
38454.,3.7653125000
38455.,3.7703125
38456.,3.7571875
38457.,3.778125
38458.,3.7496875000
38459.,3.7734375
38460.,3.7665625
38461.,3.77875
38462.,3.77125
38463.,3.775
38464.,3.73875
38465.,3.7709375
38466.,3.7684375
38467.,3.7790625
38468.,3.761875
38469.,3.7418750000
38470.,3.756875
38471.,3.739375
38472.,3.76125
38473.,3.77375
38474.,3.7428125
38475.,3.79
38476.,3.7621875
38477.,3.738125
38478.,3.7728125
38479.,3.7709375
38480.,3.77625
38481.,3.7746875
38482.,3.7731250000
38483.,3.759375
38484.,3.7471875
38485.,3.7703125
38486.,3.7834375000
38487.,3.7634375
38488.,3.76625
38489.,3.7903125
38490.,3.7600000000
38491.,3.75875
38492.,3.7403125
38493.,3.74625
38494.,3.77375
38495.,3.7503125
38496.,3.7621875
38497.,3.745625
38498.,3.729375
38499.,3.7475
38500.,3.7515625
38501.,3.7525
38502.,3.7643750000
38503.,3.7384375
38504.,3.735625
38505.,3.7325
38506.,3.73875
38507.,3.6965625
38508.,3.738125
38509.,3.7509375
38510.,3.7528125
38511.,3.7590625
38512.,3.7453125000
38513.,3.7540625
38514.,3.72
38515.,3.7215625
38516.,3.725
38517.,3.7175000000
38518.,3.743125
38519.,3.7009375
38520.,3.7371875
38521.,3.7040625
38522.,3.73875
38523.,3.7287500000
38524.,3.7384375
38525.,3.7390625
38526.,3.7443750000
38527.,3.7340625000
38528.,3.7421875
38529.,3.7440625
38530.,3.7778125
38531.,3.7287500000
38532.,3.74125
38533.,3.7253125000
38534.,3.73375
38535.,3.7403125
38536.,3.738125
38537.,3.7684375
38538.,3.7487500000
38539.,3.7815625
38540.,3.7659375
38541.,3.7590625
38542.,3.7653125000
38543.,3.7734375
38544.,3.7534375
38545.,3.76625
38546.,3.75125
38547.,3.78375
38548.,3.7746875
38549.,3.74
38550.,3.770625
38551.,3.7446875
38552.,3.72125
38553.,3.78375
38554.,3.735
38555.,3.740625
38556.,3.7496875000
38557.,3.7853125
38558.,3.7425
38559.,3.7459375
38560.,3.779375
38561.,3.748125
38562.,3.76625
38563.,3.7534375
38564.,3.7578125
38565.,3.7746875
38566.,3.7600000000
38567.,3.7721875000
38568.,3.7646875
38569.,3.7800000000
38570.,3.7703125
38571.,3.7215625
38572.,3.7803125
38573.,3.7575000000
38574.,3.7884375
38575.,3.7865625
38576.,3.790625
38577.,3.7796875
38578.,3.781875
38579.,3.7703125
38580.,3.7643750000
38581.,3.7696875
38582.,3.7878125000
38583.,3.7921875000
38584.,3.78625
38585.,3.7790625
38586.,3.7896875
38587.,3.776875
38588.,3.800625
38589.,3.788125
38590.,3.774375
38591.,3.7815625
38592.,3.76125
38593.,3.768125
38594.,3.7334375
38595.,3.7615625
38596.,3.758125
38597.,3.7696875
38598.,3.7534375
38599.,3.7715625
38600.,3.7775
38601.,3.7525
38602.,3.7796875
38603.,3.7809375000
38604.,3.7796875
38605.,3.7703125
38606.,3.77125
38607.,3.7821875
38608.,3.7371875
38609.,3.7796875
38610.,3.765
38611.,3.7565625000
38612.,3.776875
38613.,3.75875
38614.,3.765
38615.,3.8121875000
38616.,3.761875
38617.,3.765625
38618.,3.7696875
38619.,3.776875
38620.,3.7709375
38621.,3.74625
38622.,3.7725
38623.,3.7759375
38624.,3.7925
38625.,3.7796875
38626.,3.7621875
38627.,3.7715625
38628.,3.778125
38629.,3.7378125
38630.,3.766875
38631.,3.7809375000
38632.,3.7684375
38633.,3.7578125
38634.,3.75375
38635.,3.7625
38636.,3.768125
38637.,3.7515625
38638.,3.7696875
38639.,3.7853125
38640.,3.78125
38641.,3.7840625
38642.,3.7803125
38643.,3.7721875000
38644.,3.775
38645.,3.7603125
38646.,3.75375
38647.,3.7596875
38648.,3.7815625
38649.,3.7540625
38650.,3.7571875
38651.,3.7525
38652.,3.7446875
38653.,3.760625
38654.,3.7634375
38655.,3.749375
38656.,3.7496875000
38657.,3.75375
38658.,3.7503125
38659.,3.7784375
38660.,3.7690625
38661.,3.7553125
38662.,3.7553125
38663.,3.7684375
38664.,3.7575000000
38665.,3.7715625
38666.,3.7721875000
38667.,3.7578125
38668.,3.7403125
38669.,3.7609375000
38670.,3.755625
38671.,3.765625
38672.,3.7784375
38673.,3.7584375
38674.,3.79
38675.,3.7640625
38676.,3.7678125000
38677.,3.7440625
38678.,3.7465625
38679.,3.7571875
38680.,3.7390625
38681.,3.774375
38682.,3.7756250000
38683.,3.7828125
38684.,3.7940625
38685.,3.7731250000
38686.,3.7465625
38687.,3.7487500000
38688.,3.7571875
38689.,3.7321875
38690.,3.7565625000
38691.,3.786875
38692.,3.7353125
38693.,3.754375
38694.,3.7403125
38695.,3.765
38696.,3.756875
38697.,3.7540625
38698.,3.7487500000
38699.,3.7503125
38700.,3.7421875
38701.,3.7584375
38702.,3.7553125
38703.,3.760625
38704.,3.7740625
38705.,3.7425
38706.,3.739375
38707.,3.7531250000
38708.,3.7234375
38709.,3.758125
38710.,3.738125
38711.,3.7403125
38712.,3.7834375000
38713.,3.7375000000
38714.,3.743125
38715.,3.769375
38716.,3.7659375
38717.,3.7796875
38718.,3.76375
38719.,3.76625
38720.,3.7740625
38721.,3.7778125
38722.,3.7625
38723.,3.745
38724.,3.7659375
38725.,3.78625
38726.,3.7775
38727.,3.75125
38728.,3.7728125
38729.,3.7640625
38730.,3.7443750000
38731.,3.7778125
38732.,3.78625
38733.,3.7643750000
38734.,3.7703125
38735.,3.7865625
38736.,3.7834375000
38737.,3.796875
38738.,3.8009375
38739.,3.7678125000
38740.,3.7915625
38741.,3.8015625
38742.,3.8121875000
38743.,3.7834375000
38744.,3.7912500000
38745.,3.791875
38746.,3.7921875000
38747.,3.805
38748.,3.811875
38749.,3.789375
38750.,3.8000000000
38751.,3.7834375000
38752.,3.77875
38753.,3.776875
38754.,3.791875
38755.,3.785
38756.,3.8009375
38757.,3.8025
38758.,3.8112500000
38759.,3.7875
38760.,3.76375
38761.,3.7678125000
38762.,3.7909375
38763.,3.788125
38764.,3.7775
38765.,3.75625
38766.,3.7728125
38767.,3.8009375
38768.,3.7584375
38769.,3.794375
38770.,3.7859375
38771.,3.79375
38772.,3.79625
38773.,3.7825
38774.,3.783125
38775.,3.80125
38776.,3.7840625
38777.,3.796875
38778.,3.766875
38779.,3.7925
38780.,3.8068750000
38781.,3.8028125
38782.,3.8109375
38783.,3.808125
38784.,3.8175
38785.,3.7853125
38786.,3.7909375
38787.,3.79875
38788.,3.7778125
38789.,3.8096875
38790.,3.785625
38791.,3.7934375
38792.,3.799375
38793.,3.8053125
38794.,3.8003125
38795.,3.7887500000
38796.,3.794375
38797.,3.7796875
38798.,3.7756250000
38799.,3.7771875
38800.,3.785
38801.,3.7990625000
38802.,3.778125
38803.,3.789375
38804.,3.7834375000
38805.,3.7771875
38806.,3.7840625
38807.,3.7509375
38808.,3.8075
38809.,3.7734375
38810.,3.793125
38811.,3.7684375
38812.,3.761875
38813.,3.7871875
38814.,3.781875
38815.,3.766875
38816.,3.7825
38817.,3.810625
38818.,3.7834375000
38819.,3.7775
38820.,3.7596875
38821.,3.7721875000
38822.,3.79625
38823.,3.7946875
38824.,3.794375
38825.,3.788125
38826.,3.796875
38827.,3.7925
38828.,3.8015625
38829.,3.791875
38830.,3.7815625
38831.,3.763125
38832.,3.795
38833.,3.7753125
38834.,3.7803125
38835.,3.790625
38836.,3.766875
38837.,3.7843750000
38838.,3.79
38839.,3.765
38840.,3.7525
38841.,3.7821875
38842.,3.7825
38843.,3.770625
38844.,3.7553125
38845.,3.7721875000
38846.,3.7975
38847.,3.7803125
38848.,3.8140625
38849.,3.790625
38850.,3.7887500000
38851.,3.781875
38852.,3.805625
38853.,3.7959375
38854.,3.80125
38855.,3.7984375
38856.,3.769375
38857.,3.7865625
38858.,3.7959375
38859.,3.7834375000
38860.,3.7815625
38861.,3.7915625
38862.,3.7678125000
38863.,3.7487500000
38864.,3.779375
38865.,3.746875
38866.,3.7553125
38867.,3.75625
38868.,3.780625
38869.,3.7709375
38870.,3.768125
38871.,3.7487500000
38872.,3.7428125
38873.,3.7615625
38874.,3.7415625
38875.,3.7384375
38876.,3.7775
38877.,3.759375
38878.,3.7215625
38879.,3.7646875
38880.,3.7546875
38881.,3.7590625
38882.,3.7515625
38883.,3.765
38884.,3.765
38885.,3.7728125
38886.,3.748125
38887.,3.7675
38888.,3.7784375
38889.,3.7475
38890.,3.7484375
38891.,3.8059375
38892.,3.7625
38893.,3.7675
38894.,3.77125
38895.,3.7671875
38896.,3.7731250000
38897.,3.7415625
38898.,3.7671875
38899.,3.76125
38900.,3.7828125
38901.,3.768125
38902.,3.7746875
38903.,3.7590625
38904.,3.7434375
38905.,3.758125
38906.,3.748125
38907.,3.735625
38908.,3.745625
38909.,3.7746875
38910.,3.74375
38911.,3.7603125
38912.,3.7715625
38913.,3.7728125
38914.,3.766875
38915.,3.7715625
38916.,3.7890625
38917.,3.7725
38918.,3.7887500000
38919.,3.7828125
38920.,3.7871875
38921.,3.77625
38922.,3.761875
38923.,3.7603125
38924.,3.7503125
38925.,3.7546875
38926.,3.7690625
38927.,3.783125
38928.,3.77
38929.,3.7771875
38930.,3.77
38931.,3.75375
38932.,3.7800000000
38933.,3.7471875
38934.,3.7884375
38935.,3.739375
38936.,3.750625
38937.,3.77125
38938.,3.751875
38939.,3.7853125
38940.,3.7425
38941.,3.7646875
38942.,3.7596875
38943.,3.7453125000
38944.,3.771875
38945.,3.75125
38946.,3.77125
38947.,3.765625
38948.,3.76375
38949.,3.7546875
38950.,3.775
38951.,3.7790625
38952.,3.7728125
38953.,3.805625
38954.,3.7765625000
38955.,3.7956250000
38956.,3.7721875000
38957.,3.78375
38958.,3.7653125000
38959.,3.8043750000
38960.,3.8015625
38961.,3.7959375
38962.,3.8103125
38963.,3.80375
38964.,3.78625
38965.,3.8134375
38966.,3.763125
38967.,3.82875
38968.,3.7784375
38969.,3.7865625
38970.,3.771875
38971.,3.7628125
38972.,3.7840625
38973.,3.78375
38974.,3.7753125
38975.,3.7759375
38976.,3.7921875000
38977.,3.7965625000
38978.,3.7953125
38979.,3.766875
38980.,3.7746875
38981.,3.760625
38982.,3.7565625000
38983.,3.7600000000
38984.,3.7909375
38985.,3.7840625
38986.,3.758125
38987.,3.7465625
38988.,3.76125
38989.,3.77375
38990.,3.754375
38991.,3.765
38992.,3.77125
38993.,3.760625
38994.,3.7765625000
38995.,3.7884375
38996.,3.75
38997.,3.735625
38998.,3.786875
38999.,3.77375
39000.,3.755
39001.,3.7478125
39002.,3.766875
39003.,3.7696875
39004.,3.7643750000
39005.,3.751875
39006.,3.77375
39007.,3.759375
39008.,3.750625
39009.,3.7371875
39010.,3.7325
39011.,3.769375
39012.,3.7540625
39013.,3.770625
39014.,3.7809375000
39015.,3.7540625
39016.,3.7540625
39017.,3.7634375
39018.,3.75625
39019.,3.75125
39020.,3.7575000000
39021.,3.7328125
39022.,3.7253125000
39023.,3.74
39024.,3.7615625
39025.,3.7665625
39026.,3.751875
39027.,3.7496875000
39028.,3.7709375
39029.,3.763125
39030.,3.7953125
39031.,3.7690625
39032.,3.7921875000
39033.,3.7715625
39034.,3.758125
39035.,3.7503125
39036.,3.751875
39037.,3.7275
39038.,3.735
39039.,3.7309375
39040.,3.735
39041.,3.735
39042.,3.7621875
39043.,3.730625
39044.,3.73
39045.,3.7684375
39046.,3.771875
39047.,3.7803125
39048.,3.7278125
39049.,3.75125
39050.,3.7287500000
39051.,3.748125
39052.,3.71375
39053.,3.75
39054.,3.714375
39055.,3.725625
39056.,3.70375
39057.,3.7140625000
39058.,3.7403125
39059.,3.7425
39060.,3.7259375
39061.,3.731875
39062.,3.7671875
39063.,3.750625
39064.,3.735625
39065.,3.73375
39066.,3.7440625
39067.,3.7640625
39068.,3.740625
39069.,3.7309375
39070.,3.731875
39071.,3.76125
39072.,3.7578125
39073.,3.756875
39074.,3.75875
39075.,3.7262500000
39076.,3.731875
39077.,3.7634375
39078.,3.7721875000
39079.,3.7443750000
39080.,3.748125
39081.,3.7559375
39082.,3.77
39083.,3.73625
39084.,3.736875
39085.,3.7421875
39086.,3.7421875
39087.,3.7771875
39088.,3.7503125
39089.,3.75125
39090.,3.7584375
39091.,3.7678125000
39092.,3.7625
39093.,3.7528125
39094.,3.7265625
39095.,3.7321875
39096.,3.766875
39097.,3.735625
39098.,3.7553125
39099.,3.7515625
39100.,3.7509375
39101.,3.74
39102.,3.745625
39103.,3.7846875
39104.,3.7425
39105.,3.7528125
39106.,3.7287500000
39107.,3.760625
39108.,3.7765625000
39109.,3.781875
39110.,3.724375
39111.,3.770625
39112.,3.7665625
39113.,3.7534375
39114.,3.7990625000
39115.,3.7459375
39116.,3.7515625
39117.,3.7703125
39118.,3.7496875000
39119.,3.801875
39120.,3.7731250000
39121.,3.8003125
39122.,3.77
39123.,3.780625
39124.,3.7546875
39125.,3.76375
39126.,3.788125
39127.,3.7978125
39128.,3.7828125
39129.,3.80625
39130.,3.79375
39131.,3.7559375
39132.,3.8134375
39133.,3.7796875
39134.,3.7887500000
39135.,3.7653125000
39136.,3.770625
39137.,3.819375
39138.,3.785
39139.,3.8096875
39140.,3.7671875
39141.,3.7953125
39142.,3.755625
39143.,3.796875
39144.,3.7525
39145.,3.788125
39146.,3.7800000000
39147.,3.7825
39148.,3.763125
39149.,3.7734375
39150.,3.768125
39151.,3.8003125
39152.,3.77
39153.,3.765625
39154.,3.7646875
39155.,3.77375
39156.,3.7978125
39157.,3.77125
39158.,3.7731250000
39159.,3.7687500000
39160.,3.7775
39161.,3.7715625
39162.,3.76125
39163.,3.7715625
39164.,3.7671875
39165.,3.785625
39166.,3.79875
39167.,3.775
39168.,3.7915625
39169.,3.7578125
39170.,3.7540625
39171.,3.761875
39172.,3.743125
39173.,3.763125
39174.,3.755
39175.,3.7665625
39176.,3.7553125
39177.,3.7609375000
39178.,3.779375
39179.,3.7465625
39180.,3.77625
39181.,3.7946875
39182.,3.7725
39183.,3.745
39184.,3.76375
39185.,3.7687500000
39186.,3.7953125
39187.,3.769375
39188.,3.7628125
39189.,3.7825
39190.,3.7821875
39191.,3.7684375
39192.,3.7540625
39193.,3.78375
39194.,3.7375000000
39195.,3.7809375000
39196.,3.7600000000
39197.,3.780625
39198.,3.7978125
39199.,3.7709375
39200.,3.7321875
39201.,3.7753125
39202.,3.7821875
39203.,3.7646875
39204.,3.78625
39205.,3.765625
39206.,3.7578125
39207.,3.7640625
39208.,3.7600000000
39209.,3.75125
39210.,3.7234375
39211.,3.7596875
39212.,3.7425
39213.,3.7628125
39214.,3.750625
39215.,3.7715625
39216.,3.7553125
39217.,3.7640625
39218.,3.7446875
39219.,3.749375
39220.,3.7421875
39221.,3.7546875
39222.,3.7378125
39223.,3.72
39224.,3.749375
39225.,3.749375
39226.,3.7478125
39227.,3.7487500000
39228.,3.7621875
39229.,3.76375
39230.,3.754375
39231.,3.7634375
39232.,3.7778125
39233.,3.723125
39234.,3.7546875
39235.,3.745625
39236.,3.7575000000
39237.,3.7471875
39238.,3.74375
39239.,3.7487500000
39240.,3.7459375
39241.,3.7571875
39242.,3.7409375000
39243.,3.7609375000
39244.,3.7403125
39245.,3.738125
39246.,3.7546875
39247.,3.7528125
39248.,3.7790625
39249.,3.760625
39250.,3.7756250000
39251.,3.7809375000
39252.,3.765
39253.,3.7828125
39254.,3.755625
39255.,3.73125
39256.,3.7584375
39257.,3.7915625
39258.,3.7634375
39259.,3.75625
39260.,3.7571875
39261.,3.7671875
39262.,3.7753125
39263.,3.7725
39264.,3.7800000000
39265.,3.7840625
39266.,3.7621875
39267.,3.800625
39268.,3.7946875
39269.,3.780625
39270.,3.776875
39271.,3.7809375000
39272.,3.794375
39273.,3.7671875
39274.,3.7859375
39275.,3.7875
39276.,3.7884375
39277.,3.793125
39278.,3.7790625
39279.,3.789375
39280.,3.7865625
39281.,3.7875
39282.,3.809375
39283.,3.7509375
39284.,3.7759375
39285.,3.7646875
39286.,3.7887500000
39287.,3.82125
39288.,3.7846875
39289.,3.785
39290.,3.798125
39291.,3.78125
39292.,3.82375
39293.,3.8059375
39294.,3.8028125
39295.,3.7821875
39296.,3.8000000000
39297.,3.7878125000
39298.,3.7756250000
39299.,3.791875
39300.,3.8246875
39301.,3.810625
39302.,3.8015625
39303.,3.7934375
39304.,3.8440625
39305.,3.83
39306.,3.781875
39307.,3.820625
39308.,3.7840625
39309.,3.844375
39310.,3.8096875
39311.,3.808125
39312.,3.8140625
39313.,3.823125
39314.,3.7809375000
39315.,3.7925
39316.,3.8478125000
39317.,3.8046875
39318.,3.825
39319.,3.8075
39320.,3.8068750000
39321.,3.8171875
39322.,3.786875
39323.,3.7934375
39324.,3.76625
39325.,3.7853125
39326.,3.7578125
39327.,3.779375
39328.,3.8065625
39329.,3.794375
39330.,3.78125
39331.,3.791875
39332.,3.781875
39333.,3.7753125
39334.,3.7884375
39335.,3.7731250000
39336.,3.7634375
39337.,3.7965625000
39338.,3.7721875000
39339.,3.7503125
39340.,3.7690625
39341.,3.76375
39342.,3.77375
39343.,3.7890625
39344.,3.774375
39345.,3.7912500000
39346.,3.775
39347.,3.765625
39348.,3.7425
39349.,3.76625
39350.,3.7875
39351.,3.7403125
39352.,3.7528125
39353.,3.7803125
39354.,3.7865625
39355.,3.796875
39356.,3.7396875
39357.,3.7778125
39358.,3.7803125
39359.,3.7975
39360.,3.7971875
39361.,3.7721875000
39362.,3.8259375
39363.,3.8134375
39364.,3.7875
39365.,3.7731250000
39366.,3.776875
39367.,3.7846875
39368.,3.7959375
39369.,3.8025
39370.,3.7731250000
39371.,3.8015625
39372.,3.7884375
39373.,3.7996875
39374.,3.7846875
39375.,3.7925
39376.,3.7621875
39377.,3.7643750000
39378.,3.7956250000
39379.,3.825
39380.,3.8000000000
39381.,3.785
39382.,3.7953125
39383.,3.7800000000
39384.,3.79
39385.,3.7978125
39386.,3.790625
39387.,3.778125
39388.,3.800625
39389.,3.7646875
39390.,3.8025
39391.,3.756875
39392.,3.765625
39393.,3.7634375
39394.,3.7409375000
39395.,3.768125
39396.,3.7756250000
39397.,3.754375
39398.,3.76625
39399.,3.7771875
39400.,3.7684375
39401.,3.7696875
39402.,3.75875
39403.,3.7753125
39404.,3.761875
39405.,3.785625
39406.,3.78125
39407.,3.765625
39408.,3.8000000000
39409.,3.7928125
39410.,3.7434375
39411.,3.7715625
39412.,3.7978125
39413.,3.7578125
39414.,3.77625
39415.,3.7796875
39416.,3.775
39417.,3.80125
39418.,3.7740625
39419.,3.7778125
39420.,3.810625
39421.,3.7896875
39422.,3.7840625
39423.,3.8068750000
39424.,3.814375
39425.,3.8290625
39426.,3.7956250000
39427.,3.785625
39428.,3.7915625
39429.,3.8190625000
39430.,3.80375
39431.,3.8259375
39432.,3.7996875
39433.,3.8028125
39434.,3.8128125
39435.,3.7990625000
39436.,3.7809375000
39437.,3.79875
39438.,3.778125
39439.,3.789375
39440.,3.7928125
39441.,3.8025
39442.,3.818125
39443.,3.788125
39444.,3.765625
39445.,3.7534375
39446.,3.765625
39447.,3.740625
39448.,3.7671875
39449.,3.7756250000
39450.,3.791875
39451.,3.8121875000
39452.,3.7975
39453.,3.7825
39454.,3.7646875
39455.,3.7843750000
39456.,3.79375
39457.,3.75875
39458.,3.7465625
39459.,3.7796875
39460.,3.7678125000
39461.,3.7800000000
39462.,3.7728125
39463.,3.77625
39464.,3.778125
39465.,3.7509375
39466.,3.7940625
39467.,3.783125
39468.,3.75875
39469.,3.7978125
39470.,3.7675
39471.,3.771875
39472.,3.75375
39473.,3.7665625
39474.,3.75375
39475.,3.7596875
39476.,3.7709375
39477.,3.786875
39478.,3.7509375
39479.,3.7825
39480.,3.785
39481.,3.7715625
39482.,3.7790625
39483.,3.8040625
39484.,3.8034375000
39485.,3.7996875
39486.,3.791875
39487.,3.778125
39488.,3.7853125
39489.,3.8046875
39490.,3.7934375
39491.,3.813125
39492.,3.81375
39493.,3.781875
39494.,3.7715625
39495.,3.7928125
39496.,3.7809375000
39497.,3.7821875
39498.,3.8268750000
39499.,3.8209375
39500.,3.795
39501.,3.7653125000
39502.,3.7956250000
39503.,3.81
39504.,3.78375
39505.,3.7946875
39506.,3.8034375000
39507.,3.8215625
39508.,3.794375
39509.,3.8040625
39510.,3.8156250000
39511.,3.8040625
39512.,3.8146875000
39513.,3.7915625
39514.,3.8128125
39515.,3.785625
39516.,3.78625
39517.,3.7503125
39518.,3.77375
39519.,3.7728125
39520.,3.7675
39521.,3.7734375
39522.,3.809375
39523.,3.8068750000
39524.,3.7896875
39525.,3.79875
39526.,3.7840625
39527.,3.8065625
39528.,3.7865625
39529.,3.79875
39530.,3.788125
39531.,3.8003125
39532.,3.781875
39533.,3.7671875
39534.,3.7925
39535.,3.8196875
39536.,3.7865625
39537.,3.7965625000
39538.,3.7996875
39539.,3.7890625
39540.,3.7903125
39541.,3.801875
39542.,3.7878125000
39543.,3.77125
39544.,3.8021875
39545.,3.8009375
39546.,3.7996875
39547.,3.8009375
39548.,3.809375
39549.,3.814375
39550.,3.7871875
39551.,3.81375
39552.,3.796875
39553.,3.7715625
39554.,3.7915625
39555.,3.8043750000
39556.,3.7796875
39557.,3.7865625
39558.,3.7703125
39559.,3.7703125
39560.,3.7775
39561.,3.760625
39562.,3.7796875
39563.,3.785
39564.,3.791875
39565.,3.794375
39566.,3.73875
39567.,3.7740625
39568.,3.760625
39569.,3.770625
39570.,3.774375
39571.,3.758125
39572.,3.7721875000
39573.,3.7690625
39574.,3.7784375
39575.,3.7531250000
39576.,3.7528125
39577.,3.739375
39578.,3.7634375
39579.,3.7690625
39580.,3.7784375
39581.,3.805
39582.,3.7884375
39583.,3.768125
39584.,3.7903125
39585.,3.7709375
39586.,3.8159375
39587.,3.80625
39588.,3.7740625
39589.,3.7915625
39590.,3.7871875
39591.,3.7690625
39592.,3.7840625
39593.,3.7940625
39594.,3.8112500000
39595.,3.7878125000
39596.,3.8046875
39597.,3.7940625
39598.,3.8043750000
39599.,3.7940625
39600.,3.8021875
39601.,3.805625
39602.,3.7756250000
39603.,3.8068750000
39604.,3.789375
39605.,3.7946875
39606.,3.7740625
39607.,3.7887500000
39608.,3.754375
39609.,3.77875
39610.,3.778125
39611.,3.7728125
39612.,3.7890625
39613.,3.7765625000
39614.,3.8046875
39615.,3.77875
39616.,3.785
39617.,3.7809375000
39618.,3.7821875
39619.,3.76125
39620.,3.779375
39621.,3.7934375
39622.,3.7928125
39623.,3.771875
39624.,3.7859375
39625.,3.7859375
39626.,3.7453125000
39627.,3.793125
39628.,3.7965625000
39629.,3.77375
39630.,3.77625
39631.,3.73
39632.,3.8003125
39633.,3.796875
39634.,3.7946875
39635.,3.7878125000
39636.,3.768125
39637.,3.7634375
39638.,3.7709375
39639.,3.785625
39640.,3.7875
39641.,3.77625
39642.,3.8040625
39643.,3.7525
39644.,3.7884375
39645.,3.7903125
39646.,3.8009375
39647.,3.790625
39648.,3.7825
39649.,3.8065625
39650.,3.810625
39651.,3.78125
39652.,3.79875
39653.,3.81
39654.,3.8240625
39655.,3.795
39656.,3.7865625
39657.,3.7978125
39658.,3.795
39659.,3.7928125
39660.,3.7659375
39661.,3.7771875
39662.,3.7815625
39663.,3.788125
39664.,3.7628125
39665.,3.8034375000
39666.,3.8028125
39667.,3.7956250000
39668.,3.785625
39669.,3.7912500000
39670.,3.785625
39671.,3.7843750000
39672.,3.7890625
39673.,3.7871875
39674.,3.775
39675.,3.7784375
39676.,3.8068750000
39677.,3.796875
39678.,3.7978125
39679.,3.776875
39680.,3.800625
39681.,3.7725
39682.,3.805625
39683.,3.7934375
39684.,3.7703125
39685.,3.774375
39686.,3.7634375
39687.,3.7728125
39688.,3.78625
39689.,3.7775
39690.,3.774375
39691.,3.7765625000
39692.,3.7840625
39693.,3.776875
39694.,3.7528125
39695.,3.7828125
39696.,3.80125
39697.,3.77
39698.,3.7584375
39699.,3.7609375000
39700.,3.796875
39701.,3.7721875000
39702.,3.7759375
39703.,3.779375
39704.,3.7728125
39705.,3.7684375
39706.,3.75875
39707.,3.7940625
39708.,3.761875
39709.,3.7878125000
39710.,3.7675
39711.,3.76375
39712.,3.763125
39713.,3.7725
39714.,3.7775
39715.,3.7896875
39716.,3.765625
39717.,3.7671875
39718.,3.78625
39719.,3.771875
39720.,3.769375
39721.,3.749375
39722.,3.7759375
39723.,3.760625
39724.,3.76625
39725.,3.7890625
39726.,3.7615625
39727.,3.7715625
39728.,3.7615625
39729.,3.75375
39730.,3.7687500000
39731.,3.7784375
39732.,3.7575000000
39733.,3.7546875
39734.,3.755
39735.,3.7715625
39736.,3.7903125
39737.,3.7490625
39738.,3.766875
39739.,3.793125
39740.,3.768125
39741.,3.7459375
39742.,3.7443750000
39743.,3.7734375
39744.,3.7803125
39745.,3.765
39746.,3.7340625000
39747.,3.7403125
39748.,3.75375
39749.,3.75125
39750.,3.763125
39751.,3.769375
39752.,3.788125
39753.,3.7425
39754.,3.7534375
39755.,3.7796875
39756.,3.7984375
39757.,3.7828125
39758.,3.7825
39759.,3.77875
39760.,3.77125
39761.,3.7643750000
39762.,3.7478125
39763.,3.75625
39764.,3.77875
39765.,3.763125
39766.,3.7709375
39767.,3.8043750000
39768.,3.8043750000
39769.,3.79625
39770.,3.8146875000
39771.,3.7984375
39772.,3.821875
39773.,3.7959375
39774.,3.7896875
39775.,3.8068750000
39776.,3.796875
39777.,3.8059375
39778.,3.8112500000
39779.,3.789375
39780.,3.7946875
39781.,3.791875
39782.,3.79875
39783.,3.75875
39784.,3.76625
39785.,3.7715625
39786.,3.765
39787.,3.78625
39788.,3.7728125
39789.,3.7915625
39790.,3.7975
39791.,3.7909375
39792.,3.7659375
39793.,3.803125
39794.,3.8034375000
39795.,3.7756250000
39796.,3.7878125000
39797.,3.7871875
39798.,3.7834375000
39799.,3.80875
39800.,3.789375
39801.,3.789375
39802.,3.808125
39803.,3.8003125
39804.,3.7634375
39805.,3.77
39806.,3.788125
39807.,3.7721875000
39808.,3.79875
39809.,3.7946875
39810.,3.7840625
39811.,3.7653125000
39812.,3.760625
39813.,3.779375
39814.,3.7825
39815.,3.7746875
39816.,3.7621875
39817.,3.780625
39818.,3.755
39819.,3.803125
39820.,3.7978125
39821.,3.7625
39822.,3.7584375
39823.,3.7921875000
39824.,3.7865625
39825.,3.7653125000
39826.,3.7803125
39827.,3.786875
39828.,3.7984375
39829.,3.7990625000
39830.,3.7646875
39831.,3.76375
39832.,3.7959375
39833.,3.79875
39834.,3.7965625000
39835.,3.7643750000
39836.,3.7953125
39837.,3.7959375
39838.,3.7621875
39839.,3.7840625
39840.,3.8153125
39841.,3.7925
39842.,3.7815625
39843.,3.7809375000
39844.,3.8065625
39845.,3.8028125
39846.,3.7871875
39847.,3.7934375
39848.,3.8009375
39849.,3.7753125
39850.,3.8196875
39851.,3.7840625
39852.,3.766875
39853.,3.7634375
39854.,3.77125
39855.,3.7571875
39856.,3.770625
39857.,3.75875
39858.,3.7843750000
39859.,3.7690625
39860.,3.776875
39861.,3.758125
39862.,3.79625
39863.,3.761875
39864.,3.7828125
39865.,3.7778125
39866.,3.8159375
39867.,3.7759375
39868.,3.7871875
39869.,3.7890625
39870.,3.7846875
39871.,3.77625
39872.,3.7853125
39873.,3.7871875
39874.,3.7959375
39875.,3.7921875000
39876.,3.7690625
39877.,3.7690625
39878.,3.7884375
39879.,3.8028125
39880.,3.77625
39881.,3.785625
39882.,3.793125
39883.,3.8128125
39884.,3.7915625
39885.,3.8178125
39886.,3.8009375
39887.,3.8090625
39888.,3.8103125
39889.,3.8040625
39890.,3.7921875000
39891.,3.7765625000
39892.,3.8043750000
39893.,3.7690625
39894.,3.778125
39895.,3.80875
39896.,3.7953125
39897.,3.7843750000
39898.,3.77875
39899.,3.7740625
39900.,3.8046875
39901.,3.77625
39902.,3.7418750000
39903.,3.7853125
39904.,3.7756250000
39905.,3.7559375
39906.,3.7659375
39907.,3.7609375000
39908.,3.7765625000
39909.,3.75875
39910.,3.7846875
39911.,3.7896875
39912.,3.7703125
39913.,3.799375
39914.,3.7978125
39915.,3.7840625
39916.,3.77125
39917.,3.7756250000
39918.,3.7625
39919.,3.740625
39920.,3.760625
39921.,3.7415625
39922.,3.725
39923.,3.7640625
39924.,3.745
39925.,3.7821875
39926.,3.7684375
39927.,3.7375000000
39928.,3.8065625
39929.,3.7928125
39930.,3.79
39931.,3.760625
39932.,3.7731250000
39933.,3.7731250000
39934.,3.7596875
39935.,3.7228125
39936.,3.765625
39937.,3.77125
39938.,3.786875
39939.,3.7846875
39940.,3.810625
39941.,3.7887500000
39942.,3.7971875
39943.,3.7940625
39944.,3.8028125
39945.,3.755
39946.,3.8128125
39947.,3.775
39948.,3.800625
39949.,3.770625
39950.,3.7784375
39951.,3.800625
39952.,3.7815625
39953.,3.7865625
39954.,3.796875
39955.,3.7703125
39956.,3.754375
39957.,3.8040625
39958.,3.785625
39959.,3.7834375000
39960.,3.7875
39961.,3.8096875
39962.,3.790625
39963.,3.80375
39964.,3.8003125
39965.,3.8000000000
39966.,3.8268750000
39967.,3.8121875000
39968.,3.78625
39969.,3.7709375
39970.,3.779375
39971.,3.7956250000
39972.,3.7965625000
39973.,3.78625
39974.,3.7887500000
39975.,3.7965625000
39976.,3.8009375
39977.,3.7800000000
39978.,3.779375
39979.,3.7921875000
39980.,3.840625
39981.,3.795
39982.,3.778125
39983.,3.7678125000
39984.,3.7953125
39985.,3.80125
39986.,3.7846875
39987.,3.8112500000
39988.,3.7840625
39989.,3.7709375
39990.,3.7687500000
39991.,3.7834375000
39992.,3.7396875
39993.,3.7540625
39994.,3.7578125
39995.,3.79625
39996.,3.77375
39997.,3.786875
39998.,3.7575000000
39999.,3.77375
40000.,3.7859375
40001.,3.7934375
40002.,3.7878125000
40003.,3.7578125
40004.,3.7759375
40005.,3.8046875
40006.,3.80125
40007.,3.781875
40008.,3.805
40009.,3.7975
40010.,3.7778125
40011.,3.7765625000
40012.,3.7740625
40013.,3.7865625
40014.,3.801875
40015.,3.798125
40016.,3.8190625000
40017.,3.7615625
40018.,3.78125
40019.,3.7840625
40020.,3.7759375
40021.,3.80875
40022.,3.778125
40023.,3.7690625
40024.,3.7690625
40025.,3.778125
40026.,3.7715625
40027.,3.75125
40028.,3.7765625000
40029.,3.7734375
40030.,3.7778125
40031.,3.77625
40032.,3.756875
40033.,3.7709375
40034.,3.755625
40035.,3.75125
40036.,3.761875
40037.,3.7640625
40038.,3.7628125
40039.,3.763125
40040.,3.7746875
40041.,3.7790625
40042.,3.7634375
40043.,3.7953125
40044.,3.7925
40045.,3.7459375
40046.,3.7628125
40047.,3.776875
40048.,3.7621875
40049.,3.7796875
40050.,3.771875
40051.,3.7590625
40052.,3.776875
40053.,3.7578125
40054.,3.761875
40055.,3.7643750000
40056.,3.7778125
40057.,3.7925
40058.,3.7531250000
40059.,3.75125
40060.,3.8034375000
40061.,3.8040625
40062.,3.7778125
40063.,3.8040625
40064.,3.79375
40065.,3.810625
40066.,3.79875
40067.,3.7809375000
40068.,3.8184375
40069.,3.789375
40070.,3.79
40071.,3.76625
40072.,3.7921875000
40073.,3.793125
40074.,3.7740625
40075.,3.7821875
40076.,3.7790625
40077.,3.7565625000
40078.,3.7871875
40079.,3.781875
40080.,3.7887500000
40081.,3.79875
40082.,3.8078125000
40083.,3.7884375
40084.,3.7921875000
40085.,3.7834375000
40086.,3.808125
40087.,3.8109375
40088.,3.8109375
40089.,3.80375
40090.,3.8356250000
40091.,3.8059375
40092.,3.785
40093.,3.8140625
40094.,3.7934375
40095.,3.8028125
40096.,3.7803125
40097.,3.785
40098.,3.765625
40099.,3.7678125000
40100.,3.79
40101.,3.7740625
40102.,3.7840625
40103.,3.7784375
40104.,3.7775
40105.,3.7684375
40106.,3.79375
40107.,3.7912500000
40108.,3.7975
40109.,3.7496875000
40110.,3.77625
40111.,3.7875
40112.,3.7746875
40113.,3.7478125
40114.,3.7653125000
40115.,3.7396875
40116.,3.7734375
40117.,3.7840625
40118.,3.7834375000
40119.,3.790625
40120.,3.7875
40121.,3.803125
40122.,3.7796875
40123.,3.775
40124.,3.7559375
40125.,3.7784375
40126.,3.7925
40127.,3.7815625
40128.,3.7875
40129.,3.8225000000
40130.,3.8009375
40131.,3.8156250000
40132.,3.7965625000
40133.,3.8259375
40134.,3.790625
40135.,3.8115625
40136.,3.8200000000
40137.,3.8246875
40138.,3.825625
40139.,3.81375
40140.,3.7771875
40141.,3.778125
40142.,3.8040625
40143.,3.8096875
40144.,3.8090625
40145.,3.8171875
40146.,3.8096875
40147.,3.8059375
40148.,3.81625
40149.,3.815
40150.,3.8071875
40151.,3.820625
40152.,3.7871875
40153.,3.8015625
40154.,3.8134375
40155.,3.8328125
40156.,3.820625
40157.,3.8378125
40158.,3.793125
40159.,3.8503125000
40160.,3.8215625
40161.,3.839375
40162.,3.82125
40163.,3.81
40164.,3.8471875
40165.,3.82875
40166.,3.8240625
40167.,3.8165625
40168.,3.8478125000
40169.,3.839375
40170.,3.8112500000
40171.,3.8453125
40172.,3.8215625
40173.,3.816875
40174.,3.81375
40175.,3.8034375000
40176.,3.828125
40177.,3.8537500000
40178.,3.84875
40179.,3.845625
40180.,3.830625
40181.,3.8590625000
40182.,3.825625
40183.,3.8296875
40184.,3.8512500000
40185.,3.84125
40186.,3.8196875
40187.,3.8084375
40188.,3.8353125
40189.,3.850625
40190.,3.8534375
40191.,3.8446875
40192.,3.825625
40193.,3.8228125
40194.,3.8340625
40195.,3.8268750000
40196.,3.82625
40197.,3.80875
40198.,3.836875
40199.,3.8259375
40200.,3.8240625
40201.,3.821875
40202.,3.8103125
40203.,3.790625
40204.,3.798125
40205.,3.8125
40206.,3.81625
40207.,3.8000000000
40208.,3.829375
40209.,3.790625
40210.,3.809375
40211.,3.8071875
40212.,3.80125
40213.,3.8121875000
40214.,3.84375
40215.,3.8396875
40216.,3.798125
40217.,3.825625
40218.,3.8478125000
40219.,3.8043750000
40220.,3.8346875000
40221.,3.8290625
40222.,3.8196875
40223.,3.8484375
40224.,3.8153125
40225.,3.82875
40226.,3.8303125000
40227.,3.8271875
40228.,3.824375
40229.,3.80125
40230.,3.8209375
40231.,3.8043750000
40232.,3.8271875
40233.,3.8134375
40234.,3.8096875
40235.,3.805
40236.,3.814375
40237.,3.8125
40238.,3.8312500000
40239.,3.8203125
40240.,3.8075
40241.,3.778125
40242.,3.8156250000
40243.,3.8009375
40244.,3.828125
40245.,3.825625
40246.,3.8159375
40247.,3.8034375000
40248.,3.8043750000
40249.,3.8065625
40250.,3.8103125
40251.,3.809375
40252.,3.821875
40253.,3.7859375
40254.,3.8068750000
40255.,3.81
40256.,3.810625
40257.,3.79875
40258.,3.8121875000
40259.,3.81375
40260.,3.8190625000
40261.,3.8278125000
40262.,3.7928125
40263.,3.780625
40264.,3.8128125
40265.,3.798125
40266.,3.814375
40267.,3.8000000000
40268.,3.8084375
40269.,3.8003125
40270.,3.8053125
40271.,3.80125
40272.,3.7887500000
40273.,3.8068750000
40274.,3.80875
40275.,3.814375
40276.,3.814375
40277.,3.8190625000
40278.,3.8071875
40279.,3.801875
40280.,3.8253125
40281.,3.833125
40282.,3.84375
40283.,3.8468750000
40284.,3.8153125
40285.,3.7890625
40286.,3.8225000000
40287.,3.8112500000
40288.,3.7890625
40289.,3.8234375000
40290.,3.8259375
40291.,3.8140625
40292.,3.8078125000
40293.,3.7921875000
40294.,3.8140625
40295.,3.8340625
40296.,3.8209375
40297.,3.8390625000
40298.,3.8321875
40299.,3.8475
40300.,3.8565625
40301.,3.79
40302.,3.8384375
40303.,3.8540625
40304.,3.82125
40305.,3.8028125
40306.,3.8409375
40307.,3.8115625
40308.,3.845
40309.,3.8196875
40310.,3.824375
40311.,3.84
40312.,3.8200000000
40313.,3.80625
40314.,3.8040625
40315.,3.8025
40316.,3.831875
40317.,3.8075
40318.,3.840625
40319.,3.8312500000
40320.,3.8178125
40321.,3.8234375000
40322.,3.8225000000
40323.,3.845
40324.,3.828125
40325.,3.8278125000
40326.,3.8221875
40327.,3.8234375000
40328.,3.8356250000
40329.,3.8325
40330.,3.8246875
40331.,3.8290625
40332.,3.8043750000
40333.,3.795
40334.,3.796875
40335.,3.80875
40336.,3.8115625
40337.,3.8321875
40338.,3.8165625
40339.,3.80875
40340.,3.79375
40341.,3.8190625000
40342.,3.825625
40343.,3.803125
40344.,3.818125
40345.,3.8175
40346.,3.8053125
40347.,3.8040625
40348.,3.8000000000
40349.,3.8159375
40350.,3.8096875
40351.,3.8140625
40352.,3.8028125
40353.,3.816875
40354.,3.82375
40355.,3.794375
40356.,3.80125
40357.,3.8321875
40358.,3.8228125
40359.,3.8178125
40360.,3.8303125000
40361.,3.8265625
40362.,3.8325
40363.,3.85875
40364.,3.8271875
40365.,3.8296875
40366.,3.8415625
40367.,3.854375
40368.,3.8375
40369.,3.8309375
40370.,3.8575
40371.,3.8615625000
40372.,3.8346875000
40373.,3.82875
40374.,3.8290625
40375.,3.8415625
40376.,3.835
40377.,3.8271875
40378.,3.836875
40379.,3.8409375
40380.,3.811875
40381.,3.848125
40382.,3.84
40383.,3.8556250000
40384.,3.843125
40385.,3.8068750000
40386.,3.80375
40387.,3.813125
40388.,3.8328125
40389.,3.8159375
40390.,3.811875
40391.,3.798125
40392.,3.8375
40393.,3.7996875
40394.,3.8025
40395.,3.8240625
40396.,3.816875
40397.,3.8065625
40398.,3.8078125000
40399.,3.80125
40400.,3.8146875000
40401.,3.8268750000
40402.,3.824375
40403.,3.808125
40404.,3.830625
40405.,3.790625
40406.,3.8112500000
40407.,3.8125
40408.,3.801875
40409.,3.8090625
40410.,3.77375
40411.,3.8075
40412.,3.8046875
40413.,3.791875
40414.,3.8090625
40415.,3.805625
40416.,3.793125
40417.,3.7865625
40418.,3.84
40419.,3.8175
40420.,3.788125
40421.,3.8259375
40422.,3.8071875
40423.,3.8209375
40424.,3.820625
40425.,3.8284375
40426.,3.8356250000
40427.,3.84875
40428.,3.8000000000
40429.,3.82375
40430.,3.7956250000
40431.,3.80625
40432.,3.8246875
40433.,3.7984375
40434.,3.82625
40435.,3.8325
40436.,3.8171875
40437.,3.8284375
40438.,3.815
40439.,3.840625
40440.,3.7912500000
40441.,3.7878125000
40442.,3.8140625
40443.,3.809375
40444.,3.78375
40445.,3.7800000000
40446.,3.8121875000
40447.,3.7731250000
40448.,3.814375
40449.,3.77
40450.,3.7875
40451.,3.7875
40452.,3.798125
40453.,3.7840625
40454.,3.79625
40455.,3.8021875
40456.,3.7903125
40457.,3.8159375
40458.,3.76625
40459.,3.8053125
40460.,3.7946875
40461.,3.8200000000
40462.,3.7865625
40463.,3.816875
40464.,3.81
40465.,3.7978125
40466.,3.799375
40467.,3.7921875000
40468.,3.7878125000
40469.,3.8015625
40470.,3.8043750000
40471.,3.8009375
40472.,3.8015625
40473.,3.840625
40474.,3.8028125
40475.,3.8025
40476.,3.8003125
40477.,3.8421875
40478.,3.830625
40479.,3.7921875000
40480.,3.82125
40481.,3.811875
40482.,3.8059375
40483.,3.810625
40484.,3.7946875
40485.,3.8059375
40486.,3.8090625
40487.,3.805625
40488.,3.80625
40489.,3.7934375
40490.,3.8156250000
40491.,3.8165625
40492.,3.8021875
40493.,3.7834375000
40494.,3.81375
40495.,3.8025
40496.,3.8200000000
40497.,3.841875
40498.,3.82875
40499.,3.7753125
40500.,3.7859375
40501.,3.7953125
40502.,3.799375
40503.,3.8184375
40504.,3.778125
40505.,3.8090625
40506.,3.8171875
40507.,3.8190625000
40508.,3.7887500000
40509.,3.8028125
40510.,3.830625
40511.,3.79875
40512.,3.7875
40513.,3.7896875
40514.,3.7725
40515.,3.7934375
40516.,3.780625
40517.,3.799375
40518.,3.7834375000
40519.,3.809375
40520.,3.7865625
40521.,3.7896875
40522.,3.7978125
40523.,3.835
40524.,3.7978125
40525.,3.78625
40526.,3.820625
40527.,3.79
40528.,3.821875
40529.,3.8009375
40530.,3.8059375
40531.,3.803125
40532.,3.8228125
40533.,3.8178125
40534.,3.8009375
40535.,3.800625
40536.,3.7984375
40537.,3.8090625
40538.,3.78125
40539.,3.7859375
40540.,3.821875
40541.,3.8096875
40542.,3.794375
40543.,3.8078125000
40544.,3.8028125
40545.,3.813125
40546.,3.8025
40547.,3.8328125
40548.,3.849375
40549.,3.8312500000
40550.,3.82875
40551.,3.7846875
40552.,3.8196875
40553.,3.8268750000
40554.,3.82625
40555.,3.7884375
40556.,3.7887500000
40557.,3.800625
40558.,3.7809375000
40559.,3.778125
40560.,3.7859375
40561.,3.8159375
40562.,3.7940625
40563.,3.780625
40564.,3.7884375
40565.,3.82125
40566.,3.799375
40567.,3.8040625
40568.,3.8003125
40569.,3.7853125
40570.,3.780625
40571.,3.8068750000
40572.,3.8140625
40573.,3.8028125
40574.,3.80375
40575.,3.7990625000
40576.,3.8053125
40577.,3.79375
40578.,3.7934375
40579.,3.75625
40580.,3.7675
40581.,3.7775
40582.,3.799375
40583.,3.8096875
40584.,3.7634375
40585.,3.805
40586.,3.7875
40587.,3.8146875000
40588.,3.7709375
40589.,3.7925
40590.,3.798125
40591.,3.7765625000
40592.,3.776875
40593.,3.7734375
40594.,3.7756250000
40595.,3.79625
40596.,3.7756250000
40597.,3.75875
40598.,3.7721875000
40599.,3.7756250000
40600.,3.7934375
40601.,3.7878125000
40602.,3.7896875
40603.,3.805
40604.,3.8115625
40605.,3.7896875
40606.,3.8043750000
40607.,3.8125
40608.,3.7890625
40609.,3.816875
40610.,3.7915625
40611.,3.8128125
40612.,3.8140625
40613.,3.8109375
40614.,3.7853125
40615.,3.8071875
40616.,3.7746875
40617.,3.796875
40618.,3.779375
40619.,3.801875
40620.,3.7934375
40621.,3.7921875000
40622.,3.788125
40623.,3.7728125
40624.,3.7675
40625.,3.7928125
40626.,3.7609375000
40627.,3.7843750000
40628.,3.761875
40629.,3.7775
40630.,3.7546875
40631.,3.7815625
40632.,3.781875
40633.,3.7678125000
40634.,3.7709375
40635.,3.751875
40636.,3.7903125
40637.,3.771875
40638.,3.75875
40639.,3.7615625
40640.,3.7828125
40641.,3.79
40642.,3.7934375
40643.,3.800625
40644.,3.7559375
40645.,3.8025
40646.,3.8084375
40647.,3.8165625
40648.,3.805
40649.,3.8103125
40650.,3.794375
40651.,3.79625
40652.,3.7871875
40653.,3.8290625
40654.,3.789375
40655.,3.8009375
40656.,3.7709375
40657.,3.801875
40658.,3.8153125
40659.,3.8043750000
40660.,3.7884375
40661.,3.805625
40662.,3.7975
40663.,3.8115625
40664.,3.7956250000
40665.,3.7946875
40666.,3.791875
40667.,3.8109375
40668.,3.7890625
40669.,3.816875
40670.,3.7828125
40671.,3.8125
40672.,3.810625
40673.,3.7909375
40674.,3.805625
40675.,3.801875
40676.,3.8225000000
40677.,3.7853125
40678.,3.790625
40679.,3.8165625
40680.,3.7984375
40681.,3.7515625
40682.,3.8346875000
40683.,3.8153125
40684.,3.8028125
40685.,3.7887500000
40686.,3.79
40687.,3.7734375
40688.,3.786875
40689.,3.786875
40690.,3.8075
40691.,3.7956250000
40692.,3.808125
40693.,3.8315625
40694.,3.83375
40695.,3.810625
40696.,3.8109375
40697.,3.8053125
40698.,3.8165625
40699.,3.7940625
40700.,3.796875
40701.,3.7746875
40702.,3.7978125
40703.,3.793125
40704.,3.813125
40705.,3.8381250000
40706.,3.810625
40707.,3.8071875
40708.,3.8165625
40709.,3.8203125
40710.,3.79375
40711.,3.8090625
40712.,3.8309375
40713.,3.81
40714.,3.801875
40715.,3.8109375
40716.,3.805625
40717.,3.7940625
40718.,3.8421875
40719.,3.8015625
40720.,3.7834375000
40721.,3.7925
40722.,3.7896875
40723.,3.80375
40724.,3.805
40725.,3.80375
40726.,3.786875
40727.,3.7909375
40728.,3.7821875
40729.,3.8078125000
40730.,3.7731250000
40731.,3.8325
40732.,3.7984375
40733.,3.8153125
40734.,3.785625
40735.,3.790625
40736.,3.80625
40737.,3.7903125
40738.,3.789375
40739.,3.8025
40740.,3.7921875000
40741.,3.7840625
40742.,3.8068750000
40743.,3.7740625
40744.,3.78125
40745.,3.7846875
40746.,3.789375
40747.,3.795
40748.,3.7878125000
40749.,3.80375
40750.,3.7796875
40751.,3.7940625
40752.,3.788125
40753.,3.7753125
40754.,3.7731250000
40755.,3.808125
40756.,3.795
40757.,3.7840625
40758.,3.7809375000
40759.,3.785
40760.,3.781875
40761.,3.7890625
40762.,3.801875
40763.,3.7575000000
40764.,3.7925
40765.,3.7653125000
40766.,3.7871875
40767.,3.7925
40768.,3.814375
40769.,3.77375
40770.,3.7871875
40771.,3.7640625
40772.,3.77375
40773.,3.749375
40774.,3.793125
40775.,3.798125
40776.,3.8228125
40777.,3.800625
40778.,3.7843750000
40779.,3.8043750000
40780.,3.794375
40781.,3.801875
40782.,3.8353125
40783.,3.8146875000
40784.,3.794375
40785.,3.801875
40786.,3.8109375
40787.,3.7934375
40788.,3.7871875
40789.,3.7996875
40790.,3.7687500000
40791.,3.7878125000
40792.,3.7709375
40793.,3.818125
40794.,3.82625
40795.,3.8125
40796.,3.766875
40797.,3.7609375000
40798.,3.7840625
40799.,3.7759375
40800.,3.7715625
40801.,3.796875
40802.,3.7775
40803.,3.7731250000
40804.,3.7671875
40805.,3.7815625
40806.,3.7884375
40807.,3.7865625
40808.,3.7825
40809.,3.7825
40810.,3.7934375
40811.,3.774375
40812.,3.7756250000
40813.,3.783125
40814.,3.7953125
40815.,3.7965625000
40816.,3.8015625
40817.,3.7843750000
40818.,3.776875
40819.,3.79375
40820.,3.8078125000
40821.,3.79625
40822.,3.7821875
40823.,3.7896875
40824.,3.7725
40825.,3.775
40826.,3.8156250000
40827.,3.8196875
40828.,3.8059375
40829.,3.8059375
40830.,3.820625
40831.,3.7840625
40832.,3.808125
40833.,3.795
40834.,3.79625
40835.,3.8284375
40836.,3.8165625
40837.,3.779375
40838.,3.8215625
40839.,3.8284375
40840.,3.7834375000
40841.,3.8025
40842.,3.769375
40843.,3.7746875
40844.,3.8259375
40845.,3.805625
40846.,3.7790625
40847.,3.791875
40848.,3.7709375
40849.,3.7953125
40850.,3.776875
40851.,3.7759375
40852.,3.7875
40853.,3.794375
40854.,3.7715625
40855.,3.75375
40856.,3.8003125
40857.,3.794375
40858.,3.76375
40859.,3.788125
40860.,3.7628125
40861.,3.7903125
40862.,3.8000000000
40863.,3.770625
40864.,3.8175
40865.,3.8015625
40866.,3.7843750000
40867.,3.8078125000
40868.,3.815
40869.,3.799375
40870.,3.7978125
40871.,3.7784375
40872.,3.7965625000
40873.,3.7690625
40874.,3.80125
40875.,3.7843750000
40876.,3.7840625
40877.,3.7840625
40878.,3.7956250000
40879.,3.7859375
40880.,3.7809375000
40881.,3.785
40882.,3.7843750000
40883.,3.79875
40884.,3.798125
40885.,3.808125
40886.,3.80375
40887.,3.829375
40888.,3.791875
40889.,3.8134375
40890.,3.798125
40891.,3.7912500000
40892.,3.785
40893.,3.7884375
40894.,3.7915625
40895.,3.8178125
40896.,3.7890625
40897.,3.78375
40898.,3.7946875
40899.,3.785625
40900.,3.8053125
40901.,3.80875
40902.,3.7865625
40903.,3.7771875
40904.,3.810625
40905.,3.8025
40906.,3.80375
40907.,3.8209375
40908.,3.8153125
40909.,3.7828125
40910.,3.776875
40911.,3.7975
40912.,3.7815625
40913.,3.8084375
40914.,3.769375
40915.,3.7671875
40916.,3.7912500000
40917.,3.7487500000
40918.,3.7903125
40919.,3.7615625
40920.,3.7571875
40921.,3.7775
40922.,3.7912500000
40923.,3.7703125
40924.,3.7825
40925.,3.8184375
40926.,3.763125
40927.,3.79875
40928.,3.7990625000
40929.,3.8068750000
40930.,3.8078125000
40931.,3.8000000000
40932.,3.7790625
40933.,3.8065625
40934.,3.788125
40935.,3.78625
40936.,3.775
40937.,3.786875
40938.,3.7984375
40939.,3.7953125
40940.,3.7809375000
40941.,3.7971875
40942.,3.805625
40943.,3.7740625
40944.,3.791875
40945.,3.8000000000
40946.,3.79
40947.,3.78375
40948.,3.8043750000
40949.,3.8103125
40950.,3.7984375
40951.,3.8053125
40952.,3.8015625
40953.,3.8015625
40954.,3.815
40955.,3.8225000000
40956.,3.78625
40957.,3.7934375
40958.,3.8340625
40959.,3.8053125
40960.,3.8234375000
40961.,3.794375
40962.,3.8221875
40963.,3.8034375000
40964.,3.8125
40965.,3.8103125
40966.,3.8084375
40967.,3.815
40968.,3.7996875
40969.,3.81875
40970.,3.796875
40971.,3.8375
40972.,3.8134375
40973.,3.8040625
40974.,3.7878125000
40975.,3.8078125000
40976.,3.785625
40977.,3.8225000000
40978.,3.8159375
40979.,3.8200000000
40980.,3.819375
40981.,3.7684375
40982.,3.7884375
40983.,3.8034375000
40984.,3.7846875
40985.,3.7659375
40986.,3.8021875
40987.,3.794375
40988.,3.8015625
40989.,3.805625
40990.,3.7903125
40991.,3.8043750000
40992.,3.805
40993.,3.82375
40994.,3.8140625
40995.,3.82625
40996.,3.799375
40997.,3.8046875
40998.,3.808125
40999.,3.786875
41000.,3.84625
41001.,3.8112500000
41002.,3.7996875
41003.,3.8146875000
41004.,3.82375
41005.,3.7959375
41006.,3.7953125
41007.,3.79875
41008.,3.8025
41009.,3.819375
41010.,3.8315625
41011.,3.79375
41012.,3.818125
41013.,3.80625
41014.,3.8209375
41015.,3.8043750000
41016.,3.7912500000
41017.,3.801875
41018.,3.8065625
41019.,3.8153125
41020.,3.81375
41021.,3.8175
41022.,3.8068750000
41023.,3.81375
41024.,3.8184375
41025.,3.8140625
41026.,3.811875
41027.,3.8109375
41028.,3.8140625
41029.,3.81875
41030.,3.8278125000
41031.,3.8009375
41032.,3.8159375
41033.,3.829375
41034.,3.8565625
41035.,3.82625
41036.,3.80875
41037.,3.8296875
41038.,3.84125
41039.,3.82875
41040.,3.8303125000
41041.,3.819375
41042.,3.839375
41043.,3.8125
41044.,3.7925
41045.,3.8175
41046.,3.8371875
41047.,3.8053125
41048.,3.805
41049.,3.8146875000
41050.,3.8356250000
41051.,3.825
41052.,3.8068750000
41053.,3.823125
41054.,3.8521875
41055.,3.8378125
41056.,3.825
41057.,3.8096875
41058.,3.8484375
41059.,3.8290625
41060.,3.8043750000
41061.,3.8043750000
41062.,3.8381250000
41063.,3.8153125
41064.,3.8356250000
41065.,3.8265625
41066.,3.793125
41067.,3.808125
41068.,3.8112500000
41069.,3.7834375000
41070.,3.7871875
41071.,3.7746875
41072.,3.824375
41073.,3.8312500000
41074.,3.8071875
41075.,3.8234375000
41076.,3.8146875000
41077.,3.8096875
41078.,3.8140625
41079.,3.8290625
41080.,3.8284375
41081.,3.8028125
41082.,3.8340625
41083.,3.841875
41084.,3.8175
41085.,3.8190625000
41086.,3.83625
41087.,3.79875
41088.,3.8278125000
41089.,3.813125
41090.,3.81625
41091.,3.8084375
41092.,3.8268750000
41093.,3.8009375
41094.,3.821875
41095.,3.7975
41096.,3.8000000000
41097.,3.8209375
41098.,3.816875
41099.,3.80125
41100.,3.7940625
41101.,3.805
41102.,3.7825
41103.,3.7971875
41104.,3.7865625
41105.,3.785625
41106.,3.80125
41107.,3.8068750000
41108.,3.8000000000
41109.,3.7775
41110.,3.8090625
41111.,3.7912500000
41112.,3.7843750000
41113.,3.7640625
41114.,3.7971875
41115.,3.7759375
41116.,3.78625
41117.,3.7753125
41118.,3.800625
41119.,3.7934375
41120.,3.7790625
41121.,3.7803125
41122.,3.8000000000
41123.,3.778125
41124.,3.77125
41125.,3.77125
41126.,3.780625
41127.,3.7984375
41128.,3.7887500000
41129.,3.7775
41130.,3.79375
41131.,3.7603125
41132.,3.789375
41133.,3.7715625
41134.,3.79375
41135.,3.7775
41136.,3.8003125
41137.,3.825625
41138.,3.79375
41139.,3.7846875
41140.,3.8000000000
41141.,3.811875
41142.,3.7846875
41143.,3.774375
41144.,3.76125
41145.,3.7840625
41146.,3.7771875
41147.,3.7940625
41148.,3.7878125000
41149.,3.7578125
41150.,3.7828125
41151.,3.7846875
41152.,3.7703125
41153.,3.79625
41154.,3.8040625
41155.,3.7934375
41156.,3.7934375
41157.,3.783125
41158.,3.7765625000
41159.,3.774375
41160.,3.765625
41161.,3.7984375
41162.,3.8043750000
41163.,3.7728125
41164.,3.7771875
41165.,3.7759375
41166.,3.7675
41167.,3.7746875
41168.,3.780625
41169.,3.7903125
41170.,3.759375
41171.,3.755625
41172.,3.78625
41173.,3.75875
41174.,3.7625
41175.,3.7725
41176.,3.8059375
41177.,3.7703125
41178.,3.7809375000
41179.,3.7740625
41180.,3.7875
41181.,3.790625
41182.,3.7721875000
41183.,3.7940625
41184.,3.7978125
41185.,3.77875
41186.,3.77625
41187.,3.809375
41188.,3.7734375
41189.,3.7915625
41190.,3.771875
41191.,3.7503125
41192.,3.80375
41193.,3.7890625
41194.,3.774375
41195.,3.790625
41196.,3.7934375
41197.,3.7843750000
41198.,3.77
41199.,3.785
41200.,3.79875
41201.,3.7996875
41202.,3.765
41203.,3.761875
41204.,3.7834375000
41205.,3.785
41206.,3.7371875
41207.,3.7846875
41208.,3.7909375
41209.,3.7909375
41210.,3.799375
41211.,3.794375
41212.,3.8021875
41213.,3.7909375
41214.,3.8103125
41215.,3.7840625
41216.,3.7940625
41217.,3.80125
41218.,3.7996875
41219.,3.7778125
41220.,3.7921875000
41221.,3.791875
41222.,3.8084375
41223.,3.81625
41224.,3.7846875
41225.,3.77625
41226.,3.8196875
41227.,3.8321875
41228.,3.8043750000
41229.,3.7828125
41230.,3.8121875000
41231.,3.7971875
41232.,3.8103125
41233.,3.7915625
41234.,3.80375
41235.,3.7800000000
41236.,3.7853125
41237.,3.8225000000
41238.,3.8184375
41239.,3.830625
41240.,3.8034375000
41241.,3.80875
41242.,3.8268750000
41243.,3.8184375
41244.,3.793125
41245.,3.8065625
41246.,3.7940625
41247.,3.8128125
41248.,3.8440625
41249.,3.8015625
41250.,3.8484375
41251.,3.809375
41252.,3.819375
41253.,3.7934375
41254.,3.810625
41255.,3.7996875
41256.,3.800625
41257.,3.7990625000
41258.,3.8312500000
41259.,3.819375
41260.,3.8271875
41261.,3.8271875
41262.,3.8096875
41263.,3.8140625
41264.,3.8340625
41265.,3.83
41266.,3.8246875
41267.,3.7771875
41268.,3.80625
41269.,3.7871875
41270.,3.8325
41271.,3.8234375000
41272.,3.8178125
41273.,3.80125
41274.,3.8203125
41275.,3.7940625
41276.,3.8034375000
41277.,3.81375
41278.,3.8246875
41279.,3.8125
41280.,3.785
41281.,3.805
41282.,3.798125
41283.,3.8259375
41284.,3.80125
41285.,3.8040625
41286.,3.815
41287.,3.7843750000
41288.,3.803125
41289.,3.7928125
41290.,3.7934375
41291.,3.803125
41292.,3.8171875
41293.,3.786875
41294.,3.7800000000
41295.,3.7990625000
41296.,3.8103125
41297.,3.8034375000
41298.,3.7871875
41299.,3.779375
41300.,3.8234375000
41301.,3.7790625
41302.,3.79375
41303.,3.799375
41304.,3.8190625000
41305.,3.7975
41306.,3.81
41307.,3.8321875
41308.,3.811875
41309.,3.8140625
41310.,3.814375
41311.,3.8046875
41312.,3.8153125
41313.,3.8265625
41314.,3.819375
41315.,3.8325
41316.,3.813125
41317.,3.7956250000
41318.,3.7890625
41319.,3.8000000000
41320.,3.8384375
41321.,3.8121875000
41322.,3.7940625
41323.,3.798125
41324.,3.8090625
41325.,3.7887500000
41326.,3.7790625
41327.,3.7809375000
41328.,3.78125
41329.,3.781875
41330.,3.7853125
41331.,3.7684375
41332.,3.77
41333.,3.78375
41334.,3.8115625
41335.,3.775
41336.,3.8028125
41337.,3.776875
41338.,3.8040625
41339.,3.795
41340.,3.7859375
41341.,3.7815625
41342.,3.8078125000
41343.,3.8075
41344.,3.8034375000
41345.,3.7815625
41346.,3.7896875
41347.,3.7956250000
41348.,3.7965625000
41349.,3.7990625000
41350.,3.80875
41351.,3.803125
41352.,3.7809375000
41353.,3.8121875000
41354.,3.785625
41355.,3.8096875
41356.,3.789375
41357.,3.789375
41358.,3.8159375
41359.,3.8468750000
41360.,3.8009375
41361.,3.8490625
41362.,3.823125
41363.,3.8356250000
41364.,3.81
41365.,3.805625
41366.,3.815
41367.,3.81
41368.,3.8121875000
41369.,3.8156250000
41370.,3.833125
41371.,3.833125
41372.,3.8240625
41373.,3.805625
41374.,3.7959375
41375.,3.8115625
41376.,3.8159375
41377.,3.8315625
41378.,3.8303125000
41379.,3.8165625
41380.,3.8109375
41381.,3.7909375
41382.,3.79875
41383.,3.83
41384.,3.821875
41385.,3.81375
41386.,3.8159375
41387.,3.81625
41388.,3.8365625
41389.,3.8178125
41390.,3.84125
41391.,3.8021875
41392.,3.82125
41393.,3.8465625
41394.,3.81875
41395.,3.82625
41396.,3.823125
41397.,3.8381250000
41398.,3.8240625
41399.,3.8271875
41400.,3.82375
41401.,3.8540625
41402.,3.83625
41403.,3.8156250000
41404.,3.843125
41405.,3.8200000000
41406.,3.81875
41407.,3.8225000000
41408.,3.8146875000
41409.,3.8265625
41410.,3.8325
41411.,3.8209375
41412.,3.7959375
41413.,3.8140625
41414.,3.816875
41415.,3.8421875
41416.,3.80875
41417.,3.8371875
41418.,3.836875
41419.,3.8125
41420.,3.840625
41421.,3.8171875
41422.,3.8421875
41423.,3.80875
41424.,3.8571875
41425.,3.8375
41426.,3.8546875000
41427.,3.820625
41428.,3.8259375
41429.,3.8471875
41430.,3.8328125
41431.,3.8134375
41432.,3.7990625000
41433.,3.8259375
41434.,3.845625
41435.,3.851875
41436.,3.8125
41437.,3.8153125
41438.,3.815
41439.,3.8359375
41440.,3.8309375
41441.,3.8471875
41442.,3.8203125
41443.,3.820625
41444.,3.8121875000
41445.,3.780625
41446.,3.8215625
41447.,3.815
41448.,3.824375
41449.,3.7978125
41450.,3.7953125
41451.,3.8275
41452.,3.831875
41453.,3.799375
41454.,3.8028125
41455.,3.8146875000
41456.,3.8112500000
41457.,3.8328125
41458.,3.809375
41459.,3.8109375
41460.,3.8000000000
41461.,3.8209375
41462.,3.7846875
41463.,3.8334375
41464.,3.840625
41465.,3.7965625000
41466.,3.8009375
41467.,3.8128125
41468.,3.829375
41469.,3.816875
41470.,3.8378125
41471.,3.7828125
41472.,3.7853125
41473.,3.7684375
41474.,3.7946875
41475.,3.801875
41476.,3.78375
41477.,3.8184375
41478.,3.8200000000
41479.,3.794375
41480.,3.785625
41481.,3.7912500000
41482.,3.82375
41483.,3.8103125
41484.,3.7875
41485.,3.7956250000
41486.,3.813125
41487.,3.80375
41488.,3.8009375
41489.,3.8021875
41490.,3.793125
41491.,3.7959375
41492.,3.8000000000
41493.,3.8034375000
41494.,3.8112500000
41495.,3.8021875
41496.,3.79625
41497.,3.7915625
41498.,3.7953125
41499.,3.8075
41500.,3.8175
41501.,3.8000000000
41502.,3.7903125
41503.,3.781875
41504.,3.8209375
41505.,3.7934375
41506.,3.80375
41507.,3.7775
41508.,3.805
41509.,3.8146875000
41510.,3.7853125
41511.,3.79
41512.,3.8046875
41513.,3.781875
41514.,3.8003125
41515.,3.8009375
41516.,3.80375
41517.,3.8003125
41518.,3.800625
41519.,3.7915625
41520.,3.7859375
41521.,3.7775
41522.,3.765
41523.,3.8015625
41524.,3.8090625
41525.,3.8059375
41526.,3.7859375
41527.,3.774375
41528.,3.8296875
41529.,3.8021875
41530.,3.783125
41531.,3.7800000000
41532.,3.78375
41533.,3.800625
41534.,3.7803125
41535.,3.7515625
41536.,3.789375
41537.,3.77125
41538.,3.781875
41539.,3.7796875
41540.,3.7865625
41541.,3.79
41542.,3.783125
41543.,3.8034375000
41544.,3.801875
41545.,3.833125
41546.,3.8078125000
41547.,3.8315625
41548.,3.80625
41549.,3.8028125
41550.,3.8140625
41551.,3.8215625
41552.,3.7978125
41553.,3.778125
41554.,3.80375
41555.,3.8000000000
41556.,3.766875
41557.,3.795
41558.,3.811875
41559.,3.7584375
41560.,3.8025
41561.,3.7909375
41562.,3.80875
41563.,3.80875
41564.,3.77625
41565.,3.7971875
41566.,3.78125
41567.,3.805
41568.,3.79875
41569.,3.7887500000
41570.,3.8140625
41571.,3.79375
41572.,3.7934375
41573.,3.805
41574.,3.7896875
41575.,3.818125
41576.,3.8125
41577.,3.8328125
41578.,3.8275
41579.,3.785625
41580.,3.8440625
41581.,3.8121875000
41582.,3.8275
41583.,3.8040625
41584.,3.8268750000
41585.,3.815
41586.,3.800625
41587.,3.81375
41588.,3.8240625
41589.,3.829375
41590.,3.798125
41591.,3.8159375
41592.,3.8478125000
41593.,3.8403125
41594.,3.83375
41595.,3.8346875000
41596.,3.8165625
41597.,3.8115625
41598.,3.8346875000
41599.,3.835
41600.,3.8340625
41601.,3.84
41602.,3.8468750000
41603.,3.8446875
41604.,3.8309375
41605.,3.8340625
41606.,3.8378125
41607.,3.833125
41608.,3.8246875
41609.,3.8043750000
41610.,3.8525
41611.,3.8278125000
41612.,3.816875
41613.,3.8068750000
41614.,3.829375
41615.,3.8025
41616.,3.810625
41617.,3.830625
41618.,3.8115625
41619.,3.8028125
41620.,3.815
41621.,3.8040625
41622.,3.82125
41623.,3.80375
41624.,3.8140625
41625.,3.828125
41626.,3.8234375000
41627.,3.8478125000
41628.,3.7925
41629.,3.8059375
41630.,3.8025
41631.,3.789375
41632.,3.7684375
41633.,3.7775
41634.,3.80375
41635.,3.790625
41636.,3.7625
41637.,3.80625
41638.,3.8159375
41639.,3.795
41640.,3.7821875
41641.,3.81875
41642.,3.8115625
41643.,3.840625
41644.,3.803125
41645.,3.820625
41646.,3.82875
41647.,3.8378125
41648.,3.774375
41649.,3.7834375000
41650.,3.77125
41651.,3.8078125000
41652.,3.82125
41653.,3.7946875
41654.,3.8109375
41655.,3.801875
41656.,3.7953125
41657.,3.785625
41658.,3.7884375
41659.,3.8071875
41660.,3.8090625
41661.,3.76375
41662.,3.769375
41663.,3.790625
41664.,3.796875
41665.,3.7796875
41666.,3.783125
41667.,3.7771875
41668.,3.80125
41669.,3.799375
41670.,3.7678125000
41671.,3.7953125
41672.,3.800625
41673.,3.7956250000
41674.,3.7640625
41675.,3.7865625
41676.,3.8021875
41677.,3.7971875
41678.,3.796875
41679.,3.789375
41680.,3.80625
41681.,3.8043750000
41682.,3.7903125
41683.,3.7953125
41684.,3.8000000000
41685.,3.8171875
41686.,3.8068750000
41687.,3.785
41688.,3.801875
41689.,3.829375
41690.,3.8065625
41691.,3.7703125
41692.,3.810625
41693.,3.8000000000
41694.,3.8103125
41695.,3.7984375
41696.,3.79
41697.,3.7965625000
41698.,3.7859375
41699.,3.8071875
41700.,3.783125
41701.,3.7984375
41702.,3.7971875
41703.,3.82125
41704.,3.8209375
41705.,3.8112500000
41706.,3.8215625
41707.,3.83
41708.,3.7878125000
41709.,3.8140625
41710.,3.796875
41711.,3.8071875
41712.,3.788125
41713.,3.805
41714.,3.8112500000
41715.,3.840625
41716.,3.8053125
41717.,3.79375
41718.,3.805625
41719.,3.785625
41720.,3.818125
41721.,3.7778125
41722.,3.81875
41723.,3.8021875
41724.,3.7934375
41725.,3.7843750000
41726.,3.796875
41727.,3.8303125000
41728.,3.810625
41729.,3.789375
41730.,3.798125
41731.,3.7912500000
41732.,3.8046875
41733.,3.7871875
41734.,3.7890625
41735.,3.7909375
41736.,3.844375
41737.,3.7984375
41738.,3.8034375000
41739.,3.8000000000
41740.,3.79375
41741.,3.798125
41742.,3.7834375000
41743.,3.814375
41744.,3.8034375000
41745.,3.8103125
41746.,3.805625
41747.,3.84625
41748.,3.7940625
41749.,3.8253125
41750.,3.8153125
41751.,3.809375
41752.,3.8096875
41753.,3.7887500000
41754.,3.771875
41755.,3.7884375
41756.,3.8140625
41757.,3.813125
41758.,3.8115625
41759.,3.81625
41760.,3.7875
41761.,3.8134375
41762.,3.8334375
41763.,3.8321875
41764.,3.8275
41765.,3.83875
41766.,3.83375
41767.,3.80375
41768.,3.79625
41769.,3.819375
41770.,3.8240625
41771.,3.8159375
41772.,3.8128125
41773.,3.816875
41774.,3.8278125000
41775.,3.833125
41776.,3.8240625
41777.,3.8240625
41778.,3.855
41779.,3.8646875
41780.,3.8278125000
41781.,3.8446875
41782.,3.8125
41783.,3.8265625
41784.,3.8381250000
41785.,3.8128125
41786.,3.820625
41787.,3.8521875
41788.,3.8381250000
41789.,3.84
41790.,3.810625
41791.,3.8375
41792.,3.8453125
41793.,3.83
41794.,3.805625
41795.,3.7934375
41796.,3.8068750000
41797.,3.8459375000
41798.,3.84125
41799.,3.814375
41800.,3.828125
41801.,3.8512500000
41802.,3.8209375
41803.,3.84375
41804.,3.816875
41805.,3.8246875
41806.,3.80875
41807.,3.801875
41808.,3.805625
41809.,3.8159375
41810.,3.799375
41811.,3.8112500000
41812.,3.7878125000
41813.,3.78625
41814.,3.8015625
41815.,3.7796875
41816.,3.77125
41817.,3.8025
41818.,3.8153125
41819.,3.800625
41820.,3.783125
41821.,3.798125
41822.,3.8084375
41823.,3.79625
41824.,3.783125
41825.,3.803125
41826.,3.7890625
41827.,3.8153125
41828.,3.7584375
41829.,3.7984375
41830.,3.8325
41831.,3.8000000000
41832.,3.8215625
41833.,3.80625
41834.,3.8134375
41835.,3.7887500000
41836.,3.76625
41837.,3.7871875
41838.,3.811875
41839.,3.803125
41840.,3.7996875
41841.,3.80625
41842.,3.775
41843.,3.8028125
41844.,3.7678125000
41845.,3.7959375
41846.,3.7971875
41847.,3.8021875
41848.,3.814375
41849.,3.7971875
41850.,3.8000000000
41851.,3.8121875000
41852.,3.795
41853.,3.77875
41854.,3.7884375
41855.,3.7878125000
41856.,3.779375
41857.,3.8071875
41858.,3.7721875000
41859.,3.7646875
41860.,3.7687500000
41861.,3.7578125
41862.,3.766875
41863.,3.768125
41864.,3.7875
41865.,3.76375
41866.,3.8003125
41867.,3.7921875000
41868.,3.7646875
41869.,3.790625
41870.,3.7815625
41871.,3.7809375000
41872.,3.7871875
41873.,3.7828125
41874.,3.7828125
41875.,3.7890625
41876.,3.7921875000
41877.,3.8000000000
41878.,3.7903125
41879.,3.7990625000
41880.,3.8090625
41881.,3.8096875
41882.,3.7921875000
41883.,3.81625
41884.,3.8000000000
41885.,3.8046875
41886.,3.7971875
41887.,3.7775
41888.,3.8156250000
41889.,3.81
41890.,3.81
41891.,3.7809375000
41892.,3.781875
41893.,3.743125
41894.,3.7753125
41895.,3.795
41896.,3.7953125
41897.,3.7940625
41898.,3.7859375
41899.,3.8228125
41900.,3.815
41901.,3.8221875
41902.,3.799375
41903.,3.821875
41904.,3.783125
41905.,3.7775
41906.,3.788125
41907.,3.79625
41908.,3.78625
41909.,3.7940625
41910.,3.8040625
41911.,3.791875
41912.,3.82625
41913.,3.795
41914.,3.8203125
41915.,3.8171875
41916.,3.783125
41917.,3.815
41918.,3.7825
41919.,3.80625
41920.,3.7790625
41921.,3.818125
41922.,3.7956250000
41923.,3.7753125
41924.,3.8096875
41925.,3.7725
41926.,3.7771875
41927.,3.8059375
41928.,3.809375
41929.,3.805625
41930.,3.805
41931.,3.811875
41932.,3.7915625
41933.,3.8000000000
41934.,3.778125
41935.,3.811875
41936.,3.815
41937.,3.7875
41938.,3.8025
41939.,3.8309375
41940.,3.7909375
41941.,3.819375
41942.,3.8134375
41943.,3.8112500000
41944.,3.8290625
41945.,3.7903125
41946.,3.803125
41947.,3.8043750000
41948.,3.8128125
41949.,3.8146875000
41950.,3.823125
41951.,3.8196875
41952.,3.8234375000
41953.,3.8571875
41954.,3.8228125
41955.,3.8109375
41956.,3.8053125
41957.,3.830625
41958.,3.7859375
41959.,3.8059375
41960.,3.8078125000
41961.,3.8171875
41962.,3.79
41963.,3.8171875
41964.,3.8121875000
41965.,3.8334375
41966.,3.808125
41967.,3.8112500000
41968.,3.805625
41969.,3.8421875
41970.,3.840625
41971.,3.8065625
41972.,3.7834375000
41973.,3.8215625
41974.,3.8509375
41975.,3.816875
41976.,3.8046875
41977.,3.8140625
41978.,3.7871875
41979.,3.825625
41980.,3.79375
41981.,3.8209375
41982.,3.8121875000
41983.,3.8196875
41984.,3.8009375
41985.,3.8125
41986.,3.7903125
41987.,3.79
41988.,3.80125
41989.,3.8034375000
41990.,3.811875
41991.,3.799375
41992.,3.7953125
41993.,3.791875
41994.,3.7853125
41995.,3.8175
41996.,3.7809375000
41997.,3.80875
41998.,3.7978125
41999.,3.82375
42000.,3.818125
42001.,3.811875
42002.,3.8065625
42003.,3.81875
42004.,3.8068750000
42005.,3.8059375
42006.,3.7903125
42007.,3.8043750000
42008.,3.8225000000
42009.,3.816875
42010.,3.8284375
42011.,3.83625
42012.,3.830625
42013.,3.7865625
42014.,3.8043750000
42015.,3.7984375
42016.,3.8021875
42017.,3.81625
42018.,3.8043750000
42019.,3.8184375
42020.,3.791875
42021.,3.8153125
42022.,3.7878125000
42023.,3.8034375000
42024.,3.828125
42025.,3.8221875
42026.,3.8175
42027.,3.799375
42028.,3.7934375
42029.,3.814375
42030.,3.7959375
42031.,3.789375
42032.,3.7859375
42033.,3.8140625
42034.,3.8156250000
42035.,3.78625
42036.,3.7887500000
42037.,3.775
42038.,3.7925
42039.,3.776875
42040.,3.79875
42041.,3.8159375
42042.,3.7928125
42043.,3.7871875
42044.,3.8121875000
42045.,3.8259375
42046.,3.796875
42047.,3.8034375000
42048.,3.78625
42049.,3.78125
42050.,3.8315625
42051.,3.80875
42052.,3.7978125
42053.,3.8125
42054.,3.8325
42055.,3.820625
42056.,3.8068750000
42057.,3.8059375
42058.,3.8340625
42059.,3.81625
42060.,3.8090625
42061.,3.79
42062.,3.8178125
42063.,3.8303125000
42064.,3.840625
42065.,3.8228125
42066.,3.7765625000
42067.,3.7909375
42068.,3.7903125
42069.,3.800625
42070.,3.7843750000
42071.,3.8034375000
42072.,3.8240625
42073.,3.808125
42074.,3.84125
42075.,3.8290625
42076.,3.8503125000
42077.,3.8421875
42078.,3.7953125
42079.,3.81375
42080.,3.81875
42081.,3.803125
42082.,3.8125
42083.,3.8200000000
42084.,3.79625
42085.,3.8053125
42086.,3.8268750000
42087.,3.7884375
42088.,3.7875
42089.,3.7921875000
42090.,3.825
42091.,3.8065625
42092.,3.785625
42093.,3.7721875000
42094.,3.8078125000
42095.,3.824375
42096.,3.793125
42097.,3.8021875
42098.,3.81375
42099.,3.8165625
42100.,3.7946875
42101.,3.79875
42102.,3.8028125
42103.,3.78375
42104.,3.77625
42105.,3.7996875
42106.,3.819375
42107.,3.7840625
42108.,3.8178125
42109.,3.8003125
42110.,3.7903125
42111.,3.79875
42112.,3.8075
42113.,3.81
42114.,3.81625
42115.,3.8096875
42116.,3.8259375
42117.,3.8128125
42118.,3.8021875
42119.,3.7859375
42120.,3.8075
42121.,3.8225000000
42122.,3.8265625
42123.,3.781875
42124.,3.8103125
42125.,3.8140625
42126.,3.8156250000
42127.,3.8003125
42128.,3.8034375000
42129.,3.81375
42130.,3.7925
42131.,3.8146875000
42132.,3.798125
42133.,3.80625
42134.,3.8065625
42135.,3.8146875000
42136.,3.81
42137.,3.780625
42138.,3.788125
42139.,3.789375
42140.,3.785
42141.,3.7971875
42142.,3.7840625
42143.,3.829375
42144.,3.8112500000
42145.,3.803125
42146.,3.8068750000
42147.,3.7940625
42148.,3.795
42149.,3.80125
42150.,3.79375
42151.,3.8025
42152.,3.7953125
42153.,3.84125
42154.,3.8065625
42155.,3.8003125
42156.,3.80875
42157.,3.8234375000
42158.,3.8075
42159.,3.7800000000
42160.,3.790625
42161.,3.8140625
42162.,3.799375
42163.,3.79
42164.,3.8078125000
42165.,3.831875
42166.,3.7946875
42167.,3.828125
42168.,3.8103125
42169.,3.8075
42170.,3.825
42171.,3.8134375
42172.,3.82375
42173.,3.828125
42174.,3.8125
42175.,3.800625
42176.,3.8271875
42177.,3.8259375
42178.,3.8353125
42179.,3.7996875
42180.,3.8043750000
42181.,3.7978125
42182.,3.8146875000
42183.,3.8128125
42184.,3.8290625
42185.,3.8171875
42186.,3.8125
42187.,3.79875
42188.,3.8321875
42189.,3.805
42190.,3.810625
42191.,3.8315625
42192.,3.8090625
42193.,3.80375
42194.,3.81
42195.,3.816875
42196.,3.795
42197.,3.79
42198.,3.7853125
42199.,3.801875
42200.,3.790625
42201.,3.7925
42202.,3.7887500000
42203.,3.8084375
42204.,3.790625
42205.,3.7912500000
42206.,3.790625
42207.,3.779375
42208.,3.789375
42209.,3.7912500000
42210.,3.7946875
42211.,3.80625
42212.,3.8075
42213.,3.7971875
42214.,3.7659375
42215.,3.800625
42216.,3.7834375000
42217.,3.7915625
42218.,3.77
42219.,3.7875
42220.,3.8165625
42221.,3.7828125
42222.,3.7828125
42223.,3.7834375000
42224.,3.8078125000
42225.,3.8071875
42226.,3.7915625
42227.,3.8043750000
42228.,3.8134375
42229.,3.8046875
42230.,3.7984375
42231.,3.7940625
42232.,3.7915625
42233.,3.794375
42234.,3.8071875
42235.,3.798125
42236.,3.821875
42237.,3.8028125
42238.,3.8159375
42239.,3.823125
42240.,3.8159375
42241.,3.808125
42242.,3.831875
42243.,3.8125
42244.,3.825
42245.,3.8140625
42246.,3.81625
42247.,3.7753125
42248.,3.7912500000
42249.,3.810625
42250.,3.81
42251.,3.7956250000
42252.,3.8125
42253.,3.79625
42254.,3.810625
42255.,3.809375
42256.,3.79625
42257.,3.7815625
42258.,3.8353125
42259.,3.8065625
42260.,3.8075
42261.,3.82625
42262.,3.8290625
42263.,3.8371875
42264.,3.8478125000
42265.,3.8156250000
42266.,3.8234375000
42267.,3.823125
42268.,3.7912500000
42269.,3.7934375
42270.,3.788125
42271.,3.7925
42272.,3.808125
42273.,3.79375
42274.,3.7778125
42275.,3.8153125
42276.,3.8259375
42277.,3.7915625
42278.,3.8190625000
42279.,3.8103125
42280.,3.8312500000
42281.,3.8075
42282.,3.8200000000
42283.,3.8246875
42284.,3.8328125
42285.,3.834375
42286.,3.8428125
42287.,3.82375
42288.,3.8459375000
42289.,3.834375
42290.,3.8475
42291.,3.8803125
42292.,3.8428125
42293.,3.8425000000
42294.,3.8240625
42295.,3.82875
42296.,3.8571875
42297.,3.8112500000
42298.,3.821875
42299.,3.8521875
42300.,3.8125
42301.,3.8203125
42302.,3.8440625
42303.,3.824375
42304.,3.8540625
42305.,3.8778125
42306.,3.8275
42307.,3.7934375
42308.,3.856875
42309.,3.8378125
42310.,3.84375
42311.,3.836875
42312.,3.805625
42313.,3.8578125
42314.,3.8359375
42315.,3.8156250000
42316.,3.8090625
42317.,3.796875
42318.,3.8384375
42319.,3.805
42320.,3.818125
42321.,3.829375
42322.,3.8278125000
42323.,3.8200000000
42324.,3.791875
42325.,3.7971875
42326.,3.8353125
42327.,3.8356250000
42328.,3.825625
42329.,3.8134375
42330.,3.8071875
42331.,3.8059375
42332.,3.7912500000
42333.,3.814375
42334.,3.805625
42335.,3.7675
42336.,3.7828125
42337.,3.7746875
42338.,3.78125
42339.,3.7875
42340.,3.7912500000
42341.,3.7915625
42342.,3.77125
42343.,3.7721875000
42344.,3.805625
42345.,3.791875
42346.,3.788125
42347.,3.798125
42348.,3.7965625000
42349.,3.7803125
42350.,3.799375
42351.,3.7912500000
42352.,3.7684375
42353.,3.7753125
42354.,3.77125
42355.,3.8021875
42356.,3.805625
42357.,3.7843750000
42358.,3.7903125
42359.,3.7746875
42360.,3.7896875
42361.,3.8009375
42362.,3.76125
42363.,3.7796875
42364.,3.7890625
42365.,3.814375
42366.,3.8034375000
42367.,3.79625
42368.,3.805
42369.,3.789375
42370.,3.7843750000
42371.,3.7796875
42372.,3.7940625
42373.,3.7890625
42374.,3.7840625
42375.,3.785
42376.,3.766875
42377.,3.7603125
42378.,3.77875
42379.,3.7521875000
42380.,3.7625
42381.,3.7346875
42382.,3.7675
42383.,3.7790625
42384.,3.7696875
42385.,3.8190625000
42386.,3.8003125
42387.,3.7784375
42388.,3.760625
42389.,3.759375
42390.,3.7809375000
42391.,3.8021875
42392.,3.7871875
42393.,3.7928125
42394.,3.80125
42395.,3.785
42396.,3.7784375
42397.,3.74375
42398.,3.7815625
42399.,3.8021875
42400.,3.7875
42401.,3.7884375
42402.,3.8103125
42403.,3.7953125
42404.,3.78625
42405.,3.81625
42406.,3.8171875
42407.,3.786875
42408.,3.8003125
42409.,3.7759375
42410.,3.7940625
42411.,3.781875
42412.,3.779375
42413.,3.783125
42414.,3.7815625
42415.,3.7896875
42416.,3.8065625
42417.,3.7565625000
42418.,3.81
42419.,3.77625
42420.,3.8240625
42421.,3.7903125
42422.,3.8384375
42423.,3.82375
42424.,3.823125
42425.,3.8028125
42426.,3.8009375
42427.,3.801875
42428.,3.796875
42429.,3.79
42430.,3.7959375
42431.,3.7875
42432.,3.7912500000
42433.,3.8040625
42434.,3.8209375
42435.,3.785625
42436.,3.8059375
42437.,3.8200000000
42438.,3.8071875
42439.,3.799375
42440.,3.829375
42441.,3.8225000000
42442.,3.8125
42443.,3.8303125000
42444.,3.83
42445.,3.8156250000
42446.,3.8375
42447.,3.791875
42448.,3.8084375
42449.,3.820625
42450.,3.8215625
42451.,3.785625
42452.,3.7912500000
42453.,3.8309375
42454.,3.8040625
42455.,3.8040625
42456.,3.7928125
42457.,3.7896875
42458.,3.7859375
42459.,3.7896875
42460.,3.79875
42461.,3.7865625
42462.,3.8009375
42463.,3.815
42464.,3.810625
42465.,3.8259375
42466.,3.814375
42467.,3.830625
42468.,3.8209375
42469.,3.8000000000
42470.,3.805
42471.,3.8215625
42472.,3.8128125
42473.,3.8215625
42474.,3.8240625
42475.,3.824375
42476.,3.8190625000
42477.,3.8200000000
42478.,3.8115625
42479.,3.829375
42480.,3.8040625
42481.,3.8096875
42482.,3.805625
42483.,3.8268750000
42484.,3.82625
42485.,3.8196875
42486.,3.8246875
42487.,3.8234375000
42488.,3.8153125
42489.,3.8034375000
42490.,3.809375
42491.,3.7984375
42492.,3.7809375000
42493.,3.8228125
42494.,3.7978125
42495.,3.795
42496.,3.7946875
42497.,3.8171875
42498.,3.7925
42499.,3.8040625
42500.,3.8021875
42501.,3.8268750000
42502.,3.8071875
42503.,3.820625
42504.,3.8046875
42505.,3.7971875
42506.,3.8128125
42507.,3.813125
42508.,3.8065625
42509.,3.7940625
42510.,3.7784375
42511.,3.783125
42512.,3.790625
42513.,3.7925
42514.,3.8046875
42515.,3.8084375
42516.,3.839375
42517.,3.811875
42518.,3.8115625
42519.,3.8175
42520.,3.7965625000
42521.,3.8240625
42522.,3.8156250000
42523.,3.83
42524.,3.8134375
42525.,3.816875
42526.,3.8381250000
42527.,3.82875
42528.,3.7971875
42529.,3.79625
42530.,3.8309375
42531.,3.8084375
42532.,3.7971875
42533.,3.79625
42534.,3.8315625
42535.,3.8268750000
42536.,3.798125
42537.,3.8296875
42538.,3.8221875
42539.,3.811875
42540.,3.7925
42541.,3.776875
42542.,3.7778125
42543.,3.7996875
42544.,3.8159375
42545.,3.7640625
42546.,3.7990625000
42547.,3.77
42548.,3.7696875
42549.,3.77625
42550.,3.759375
42551.,3.7821875
42552.,3.7921875000
42553.,3.7709375
42554.,3.7971875
42555.,3.7784375
42556.,3.78125
42557.,3.7671875
42558.,3.75625
42559.,3.7865625
42560.,3.7956250000
42561.,3.7775
42562.,3.8015625
42563.,3.8071875
42564.,3.7859375
42565.,3.80625
42566.,3.791875
42567.,3.8109375
42568.,3.790625
42569.,3.8028125
42570.,3.8128125
42571.,3.8134375
42572.,3.8134375
42573.,3.825625
42574.,3.8125
42575.,3.80125
42576.,3.809375
42577.,3.8275
42578.,3.7778125
42579.,3.8321875
42580.,3.8009375
42581.,3.7790625
42582.,3.7846875
42583.,3.80875
42584.,3.8053125
42585.,3.84125
42586.,3.830625
42587.,3.8390625000
42588.,3.81875
42589.,3.80875
42590.,3.84875
42591.,3.820625
42592.,3.81
42593.,3.8225000000
42594.,3.8271875
42595.,3.80125
42596.,3.81875
42597.,3.80625
42598.,3.81875
42599.,3.801875
42600.,3.81625
42601.,3.8075
42602.,3.8428125
42603.,3.8303125000
42604.,3.80875
42605.,3.801875
42606.,3.8059375
42607.,3.8215625
42608.,3.805
42609.,3.800625
42610.,3.8025
42611.,3.816875
42612.,3.7778125
42613.,3.8112500000
42614.,3.8046875
42615.,3.7975
42616.,3.7859375
42617.,3.811875
42618.,3.840625
42619.,3.8059375
42620.,3.7759375
42621.,3.7834375000
42622.,3.815
42623.,3.8090625
42624.,3.8209375
42625.,3.8196875
42626.,3.7884375
42627.,3.7971875
42628.,3.79375
42629.,3.8134375
42630.,3.79875
42631.,3.80875
42632.,3.81625
42633.,3.79625
42634.,3.7875
42635.,3.809375
42636.,3.844375
42637.,3.8028125
42638.,3.816875
42639.,3.831875
42640.,3.809375
42641.,3.8196875
42642.,3.851875
42643.,3.8415625
42644.,3.82375
42645.,3.80875
42646.,3.8084375
42647.,3.7890625
42648.,3.8040625
42649.,3.803125
42650.,3.8000000000
42651.,3.8325
42652.,3.7975
42653.,3.8075
42654.,3.80125
42655.,3.809375
42656.,3.8134375
42657.,3.8134375
42658.,3.8165625
42659.,3.805625
42660.,3.8015625
42661.,3.80625
42662.,3.80375
42663.,3.7912500000
42664.,3.8225000000
42665.,3.8178125
42666.,3.821875
42667.,3.8309375
42668.,3.8253125
42669.,3.8471875
42670.,3.82125
42671.,3.8156250000
42672.,3.8228125
42673.,3.7912500000
42674.,3.815
42675.,3.7975
42676.,3.808125
42677.,3.789375
42678.,3.825
42679.,3.8209375
42680.,3.8453125
42681.,3.82125
42682.,3.8265625
42683.,3.8040625
42684.,3.813125
42685.,3.785625
42686.,3.8328125
42687.,3.8109375
42688.,3.794375
42689.,3.8146875000
42690.,3.8121875000
42691.,3.7800000000
42692.,3.7887500000
42693.,3.788125
42694.,3.7843750000
42695.,3.7953125
42696.,3.8128125
42697.,3.8112500000
42698.,3.780625
42699.,3.7884375
42700.,3.7800000000
42701.,3.7896875
42702.,3.774375
42703.,3.8228125
42704.,3.8156250000
42705.,3.8115625
42706.,3.7825
42707.,3.7934375
42708.,3.813125
42709.,3.81875
42710.,3.7921875000
42711.,3.7978125
42712.,3.7921875000
42713.,3.8296875
42714.,3.8246875
42715.,3.809375
42716.,3.824375
42717.,3.8396875
42718.,3.8146875000
42719.,3.8203125
42720.,3.80875
42721.,3.8146875000
42722.,3.7975
42723.,3.7756250000
42724.,3.7978125
42725.,3.80375
42726.,3.75625
42727.,3.7503125
42728.,3.761875
42729.,3.775
42730.,3.7853125
42731.,3.7687500000
42732.,3.7590625
42733.,3.7759375
42734.,3.748125
42735.,3.774375
42736.,3.7946875
42737.,3.811875
42738.,3.783125
42739.,3.7603125
42740.,3.7740625
42741.,3.8040625
42742.,3.78625
42743.,3.80375
42744.,3.7665625
42745.,3.815
42746.,3.80875
42747.,3.8140625
42748.,3.8140625
42749.,3.7646875
42750.,3.819375
42751.,3.80625
42752.,3.79
42753.,3.81625
42754.,3.7903125
42755.,3.798125
42756.,3.7890625
42757.,3.7759375
42758.,3.7996875
42759.,3.7946875
42760.,3.8084375
42761.,3.7825
42762.,3.8190625000
42763.,3.82125
42764.,3.81625
42765.,3.8043750000
42766.,3.8225000000
42767.,3.8003125
42768.,3.8053125
42769.,3.7940625
42770.,3.805
42771.,3.7809375000
42772.,3.8121875000
42773.,3.8000000000
42774.,3.7843750000
42775.,3.78625
42776.,3.7959375
42777.,3.8184375
42778.,3.7884375
42779.,3.7578125
42780.,3.7809375000
42781.,3.7731250000
42782.,3.793125
42783.,3.7746875
42784.,3.7771875
42785.,3.8090625
42786.,3.7971875
42787.,3.809375
42788.,3.779375
42789.,3.8140625
42790.,3.7815625
42791.,3.781875
42792.,3.8068750000
42793.,3.78375
42794.,3.80375
42795.,3.7978125
42796.,3.8003125
42797.,3.8175
42798.,3.8028125
42799.,3.813125
42800.,3.7965625000
42801.,3.835
42802.,3.7912500000
42803.,3.82125
42804.,3.811875
42805.,3.8371875
42806.,3.8240625
42807.,3.794375
42808.,3.766875
42809.,3.7828125
42810.,3.809375
42811.,3.793125
42812.,3.800625
42813.,3.816875
42814.,3.82875
42815.,3.805
42816.,3.8068750000
42817.,3.813125
42818.,3.8240625
42819.,3.795
42820.,3.77
42821.,3.7909375
42822.,3.8140625
42823.,3.816875
42824.,3.821875
42825.,3.8178125
42826.,3.8203125
42827.,3.8246875
42828.,3.83625
42829.,3.8171875
42830.,3.81625
42831.,3.808125
42832.,3.8112500000
42833.,3.818125
42834.,3.80625
42835.,3.785
42836.,3.820625
42837.,3.7846875
42838.,3.7928125
42839.,3.798125
42840.,3.80875
42841.,3.823125
42842.,3.8234375000
42843.,3.8553125
42844.,3.850625
42845.,3.8440625
42846.,3.8225000000
42847.,3.8303125000
42848.,3.8209375
42849.,3.796875
42850.,3.80875
42851.,3.8259375
42852.,3.8425000000
42853.,3.80375
42854.,3.8171875
42855.,3.8215625
42856.,3.795
42857.,3.8078125000
42858.,3.799375
42859.,3.8065625
42860.,3.808125
42861.,3.7971875
42862.,3.82875
42863.,3.80125
42864.,3.795
42865.,3.79375
42866.,3.7934375
42867.,3.791875
42868.,3.8040625
42869.,3.798125
42870.,3.76125
42871.,3.7709375
42872.,3.785
42873.,3.7715625
42874.,3.771875
42875.,3.8234375000
42876.,3.798125
42877.,3.81875
42878.,3.7896875
42879.,3.8075
42880.,3.77
42881.,3.8253125
42882.,3.8246875
42883.,3.7975
42884.,3.7978125
42885.,3.810625
42886.,3.7803125
42887.,3.7625
42888.,3.82875
42889.,3.808125
42890.,3.7934375
42891.,3.808125
42892.,3.8040625
42893.,3.7978125
42894.,3.79
42895.,3.820625
42896.,3.7928125
42897.,3.8068750000
42898.,3.7953125
42899.,3.8015625
42900.,3.803125
42901.,3.8009375
42902.,3.7875
42903.,3.80625
42904.,3.8059375
42905.,3.7984375
42906.,3.8190625000
42907.,3.78625
42908.,3.779375
42909.,3.8025
42910.,3.763125
42911.,3.8046875
42912.,3.8053125
42913.,3.8000000000
42914.,3.8053125
42915.,3.8156250000
42916.,3.8215625
42917.,3.79
42918.,3.7734375
42919.,3.790625
42920.,3.794375
42921.,3.7815625
42922.,3.7796875
42923.,3.8053125
42924.,3.8159375
42925.,3.8384375
42926.,3.8059375
42927.,3.8112500000
42928.,3.818125
42929.,3.7984375
42930.,3.8043750000
42931.,3.80375
42932.,3.81625
42933.,3.8203125
42934.,3.794375
42935.,3.833125
42936.,3.8015625
42937.,3.8034375000
42938.,3.798125
42939.,3.79
42940.,3.8121875000
42941.,3.80875
42942.,3.795
42943.,3.7956250000
42944.,3.8165625
42945.,3.791875
42946.,3.8140625
42947.,3.8028125
42948.,3.8384375
42949.,3.8390625000
42950.,3.8303125000
42951.,3.8290625
42952.,3.813125
42953.,3.8315625
42954.,3.8296875
42955.,3.785
42956.,3.7975
42957.,3.8246875
42958.,3.7796875
42959.,3.7971875
42960.,3.8159375
42961.,3.8171875
42962.,3.8028125
42963.,3.8103125
42964.,3.8034375000
42965.,3.83875
42966.,3.8425000000
42967.,3.813125
42968.,3.8415625
42969.,3.805
42970.,3.834375
42971.,3.8215625
42972.,3.8178125
42973.,3.829375
42974.,3.8290625
42975.,3.8234375000
42976.,3.8040625
42977.,3.825
42978.,3.8284375
42979.,3.8140625
42980.,3.811875
42981.,3.836875
42982.,3.8278125000
42983.,3.844375
42984.,3.8003125
42985.,3.8071875
42986.,3.79875
42987.,3.78375
42988.,3.8240625
42989.,3.8275
42990.,3.8128125
42991.,3.8446875
42992.,3.8453125
42993.,3.830625
42994.,3.8215625
42995.,3.8581250000
42996.,3.8275
42997.,3.8065625
42998.,3.823125
42999.,3.8421875
43000.,3.848125
43001.,3.81625
43002.,3.8171875
43003.,3.80875
43004.,3.7728125
43005.,3.814375
43006.,3.80125
43007.,3.8075
43008.,3.7959375
43009.,3.7800000000
43010.,3.8015625
43011.,3.8378125
43012.,3.818125
43013.,3.7996875
43014.,3.7871875
43015.,3.7990625000
43016.,3.8090625
43017.,3.7731250000
43018.,3.7884375
43019.,3.7925
43020.,3.78125
43021.,3.813125
43022.,3.785625
43023.,3.7959375
43024.,3.786875
43025.,3.8053125
43026.,3.7971875
43027.,3.7800000000
43028.,3.8103125
43029.,3.7600000000
43030.,3.7734375
43031.,3.7800000000
43032.,3.8271875
43033.,3.7731250000
43034.,3.790625
43035.,3.7821875
43036.,3.7643750000
43037.,3.790625
43038.,3.7865625
43039.,3.769375
43040.,3.79875
43041.,3.774375
43042.,3.7912500000
43043.,3.799375
43044.,3.7565625000
43045.,3.8021875
43046.,3.7928125
43047.,3.7796875
43048.,3.8146875000
43049.,3.8190625000
43050.,3.8053125
43051.,3.7828125
43052.,3.77625
43053.,3.7946875
43054.,3.8078125000
43055.,3.789375
43056.,3.7971875
43057.,3.7796875
43058.,3.814375
43059.,3.7659375
43060.,3.7628125
43061.,3.7640625
43062.,3.78125
43063.,3.783125
43064.,3.7778125
43065.,3.79
43066.,3.7853125
43067.,3.7956250000
43068.,3.7696875
43069.,3.7915625
43070.,3.785625
43071.,3.7865625
43072.,3.7571875
43073.,3.7725
43074.,3.7825
43075.,3.7859375
43076.,3.7625
43077.,3.7859375
43078.,3.7725
43079.,3.7621875
43080.,3.763125
43081.,3.7746875
43082.,3.7525
43083.,3.7531250000
43084.,3.7475
43085.,3.7643750000
43086.,3.755
43087.,3.77
43088.,3.7665625
43089.,3.765625
43090.,3.7590625
43091.,3.779375
43092.,3.7659375
43093.,3.7828125
43094.,3.77875
43095.,3.7887500000
43096.,3.805625
43097.,3.7643750000
43098.,3.8021875
43099.,3.8071875
43100.,3.8065625
43101.,3.8096875
43102.,3.8068750000
43103.,3.8246875
43104.,3.805
43105.,3.7915625
43106.,3.8346875000
43107.,3.8278125000
43108.,3.8046875
43109.,3.796875
43110.,3.808125
43111.,3.828125
43112.,3.8415625
43113.,3.8428125
43114.,3.8378125
43115.,3.8259375
43116.,3.8284375
43117.,3.8040625
43118.,3.833125
43119.,3.8153125
43120.,3.8365625
43121.,3.8153125
43122.,3.8321875
43123.,3.83375
43124.,3.8109375
43125.,3.8284375
43126.,3.810625
43127.,3.8146875000
43128.,3.8059375
43129.,3.8234375000
43130.,3.835
43131.,3.8121875000
43132.,3.8290625
43133.,3.8228125
43134.,3.8215625
43135.,3.799375
43136.,3.818125
43137.,3.8040625
43138.,3.814375
43139.,3.8025
43140.,3.83
43141.,3.8156250000
43142.,3.8059375
43143.,3.824375
43144.,3.803125
43145.,3.7975
43146.,3.8159375
43147.,3.8334375
43148.,3.805
43149.,3.813125
43150.,3.8409375
43151.,3.8171875
43152.,3.7925
43153.,3.8203125
43154.,3.83625
43155.,3.8134375
43156.,3.785
43157.,3.8296875
43158.,3.8084375
43159.,3.8396875
43160.,3.8381250000
43161.,3.8309375
43162.,3.8090625
43163.,3.8381250000
43164.,3.8175
43165.,3.84125
43166.,3.8312500000
43167.,3.816875
43168.,3.8359375
43169.,3.80875
43170.,3.8265625
43171.,3.8309375
43172.,3.8534375
43173.,3.80875
43174.,3.8112500000
43175.,3.86875
43176.,3.8559375
43177.,3.844375
43178.,3.8259375
43179.,3.8325
43180.,3.8465625
43181.,3.841875
43182.,3.833125
43183.,3.85
43184.,3.823125
43185.,3.8365625
43186.,3.8484375
43187.,3.849375
43188.,3.8459375000
43189.,3.8528125
43190.,3.84375
43191.,3.794375
43192.,3.841875
43193.,3.83
43194.,3.84
43195.,3.8228125
43196.,3.8434375000
43197.,3.8515625
43198.,3.8359375
43199.,3.8071875
43200.,3.8053125
43201.,3.824375
43202.,3.8215625
43203.,3.8259375
43204.,3.8259375
43205.,3.8225000000
43206.,3.8621875
43207.,3.8246875
43208.,3.7921875000
43209.,3.8265625
43210.,3.8221875
43211.,3.8325
43212.,3.788125
43213.,3.824375
43214.,3.8246875
43215.,3.835
43216.,3.8315625
43217.,3.833125
43218.,3.8365625
43219.,3.8171875
43220.,3.821875
43221.,3.8112500000
43222.,3.813125
43223.,3.8128125
43224.,3.8325
43225.,3.81
43226.,3.8190625000
43227.,3.8315625
43228.,3.80875
43229.,3.825625
43230.,3.8109375
43231.,3.8171875
43232.,3.8359375
43233.,3.805625
43234.,3.794375
43235.,3.8065625
43236.,3.7800000000
43237.,3.8103125
43238.,3.758125
43239.,3.8115625
43240.,3.8040625
43241.,3.8065625
43242.,3.808125
43243.,3.8309375
43244.,3.8134375
43245.,3.8390625000
43246.,3.810625
43247.,3.8315625
43248.,3.825
43249.,3.8378125
43250.,3.834375
43251.,3.8003125
43252.,3.8065625
43253.,3.761875
43254.,3.785625
43255.,3.7590625
43256.,3.7671875
43257.,3.7978125
43258.,3.7934375
43259.,3.76375
43260.,3.7875
43261.,3.79
43262.,3.8043750000
43263.,3.800625
43264.,3.78125
43265.,3.7709375
43266.,3.785625
43267.,3.805
43268.,3.785
43269.,3.7912500000
43270.,3.77125
43271.,3.801875
43272.,3.7578125
43273.,3.805625
43274.,3.7996875
43275.,3.7690625
43276.,3.7853125
43277.,3.765
43278.,3.7665625
43279.,3.7765625000
43280.,3.775
43281.,3.7843750000
43282.,3.8128125
43283.,3.7875
43284.,3.7940625
43285.,3.77
43286.,3.8015625
43287.,3.845625
43288.,3.8059375
43289.,3.7896875
43290.,3.796875
43291.,3.810625
43292.,3.7940625
43293.,3.791875
43294.,3.7659375
43295.,3.8046875
43296.,3.816875
43297.,3.79375
43298.,3.7796875
43299.,3.78125
43300.,3.8134375
43301.,3.7756250000
43302.,3.7912500000
43303.,3.7884375
43304.,3.7753125
43305.,3.7800000000
43306.,3.7815625
43307.,3.7721875000
43308.,3.801875
43309.,3.76125
43310.,3.791875
43311.,3.7884375
43312.,3.8003125
43313.,3.7734375
43314.,3.8021875
43315.,3.775
43316.,3.793125
43317.,3.8128125
43318.,3.7825
43319.,3.793125
43320.,3.8184375
43321.,3.8275
43322.,3.780625
43323.,3.809375
43324.,3.8346875000
43325.,3.8103125
43326.,3.8034375000
43327.,3.8028125
43328.,3.80375
43329.,3.7887500000
43330.,3.7890625
43331.,3.815
43332.,3.7903125
43333.,3.825625
43334.,3.8146875000
43335.,3.8200000000
43336.,3.80625
43337.,3.8284375
43338.,3.791875
43339.,3.8125
43340.,3.7759375
43341.,3.7759375
43342.,3.761875
43343.,3.786875
43344.,3.7996875
43345.,3.8121875000
43346.,3.803125
43347.,3.8103125
43348.,3.785
43349.,3.7959375
43350.,3.8025
43351.,3.8015625
43352.,3.7896875
43353.,3.76375
43354.,3.7953125
43355.,3.7690625
43356.,3.775
43357.,3.7746875
43358.,3.7875
43359.,3.7946875
43360.,3.800625
43361.,3.7909375
43362.,3.803125
43363.,3.781875
43364.,3.7903125
43365.,3.778125
43366.,3.805
43367.,3.7875
43368.,3.8346875000
43369.,3.8381250000
43370.,3.794375
43371.,3.8065625
43372.,3.791875
43373.,3.8078125000
43374.,3.7928125
43375.,3.81625
43376.,3.8071875
43377.,3.8096875
43378.,3.7865625
43379.,3.8068750000
43380.,3.8015625
43381.,3.8009375
43382.,3.8125
43383.,3.7878125000
43384.,3.79
43385.,3.760625
43386.,3.79
43387.,3.791875
43388.,3.808125
43389.,3.7784375
43390.,3.7815625
43391.,3.771875
43392.,3.7553125
43393.,3.7775
43394.,3.7653125000
43395.,3.7709375
43396.,3.77125
43397.,3.8075
43398.,3.794375
43399.,3.7946875
43400.,3.8000000000
43401.,3.8068750000
43402.,3.8021875
43403.,3.7703125
43404.,3.7771875
43405.,3.8090625
43406.,3.7846875
43407.,3.7875
43408.,3.7990625000
43409.,3.8043750000
43410.,3.825625
43411.,3.78125
43412.,3.76125
43413.,3.781875
43414.,3.7740625
43415.,3.7825
43416.,3.7725
43417.,3.7915625
43418.,3.8053125
43419.,3.80125
43420.,3.8028125
43421.,3.78125
43422.,3.7678125000
43423.,3.7853125
43424.,3.7625
43425.,3.774375
43426.,3.7853125
43427.,3.781875
43428.,3.775
43429.,3.7546875
43430.,3.7784375
43431.,3.7687500000
43432.,3.7571875
43433.,3.769375
43434.,3.768125
43435.,3.78375
43436.,3.7484375
43437.,3.763125
43438.,3.7728125
43439.,3.7834375000
43440.,3.7809375000
43441.,3.7390625
43442.,3.7559375
43443.,3.76625
43444.,3.770625
43445.,3.7559375
43446.,3.7559375
43447.,3.76625
43448.,3.77125
43449.,3.77625
43450.,3.75875
43451.,3.774375
43452.,3.7528125
43453.,3.7265625
43454.,3.760625
43455.,3.7643750000
43456.,3.78125
43457.,3.7728125
43458.,3.8065625
43459.,3.7709375
43460.,3.7884375
43461.,3.8090625
43462.,3.7834375000
43463.,3.77125
43464.,3.7575000000
43465.,3.7846875
43466.,3.795
43467.,3.7659375
43468.,3.77625
43469.,3.7800000000
43470.,3.80375
43471.,3.8021875
43472.,3.8071875
43473.,3.825625
43474.,3.8178125
43475.,3.7946875
43476.,3.8071875
43477.,3.8028125
43478.,3.8021875
43479.,3.7887500000
43480.,3.785
43481.,3.78625
43482.,3.7909375
43483.,3.77625
43484.,3.77375
43485.,3.78375
43486.,3.7731250000
43487.,3.8043750000
43488.,3.7478125
43489.,3.77625
43490.,3.7828125
43491.,3.7896875
43492.,3.7678125000
43493.,3.8096875
43494.,3.7625
43495.,3.81
43496.,3.8046875
43497.,3.803125
43498.,3.7796875
43499.,3.7765625000
43500.,3.805
43501.,3.79875
43502.,3.8109375
43503.,3.8021875
43504.,3.8065625
43505.,3.799375
43506.,3.7990625000
43507.,3.785625
43508.,3.799375
43509.,3.785
43510.,3.7953125
43511.,3.8128125
43512.,3.81875
43513.,3.8040625
43514.,3.7925
43515.,3.8115625
43516.,3.8278125000
43517.,3.795
43518.,3.8178125
43519.,3.825
43520.,3.8084375
43521.,3.8084375
43522.,3.798125
43523.,3.7984375
43524.,3.8121875000
43525.,3.8121875000
43526.,3.80625
43527.,3.8096875
43528.,3.803125
43529.,3.8215625
43530.,3.8365625
43531.,3.816875
43532.,3.8246875
43533.,3.8221875
43534.,3.8040625
43535.,3.8125
43536.,3.8090625
43537.,3.8034375000
43538.,3.811875
43539.,3.77125
43540.,3.7890625
43541.,3.7803125
43542.,3.7878125000
43543.,3.7934375
43544.,3.7887500000
43545.,3.789375
43546.,3.794375
43547.,3.7875
43548.,3.791875
43549.,3.8046875
43550.,3.8053125
43551.,3.8078125000
43552.,3.7843750000
43553.,3.7846875
43554.,3.7956250000
43555.,3.77625
43556.,3.8000000000
43557.,3.8296875
43558.,3.80875
43559.,3.8084375
43560.,3.8253125
43561.,3.819375
43562.,3.84
43563.,3.8115625
43564.,3.8078125000
43565.,3.8078125000
43566.,3.8109375
43567.,3.830625
43568.,3.8396875
43569.,3.8184375
43570.,3.8121875000
43571.,3.8271875
43572.,3.7896875
43573.,3.79
43574.,3.7984375
43575.,3.800625
43576.,3.8034375000
43577.,3.8021875
43578.,3.7859375
43579.,3.7675
43580.,3.8021875
43581.,3.7740625
43582.,3.791875
43583.,3.80375
43584.,3.8196875
43585.,3.796875
43586.,3.7946875
43587.,3.77375
43588.,3.79375
43589.,3.759375
43590.,3.7621875
43591.,3.7790625
43592.,3.7800000000
43593.,3.7796875
43594.,3.776875
43595.,3.7640625
43596.,3.8009375
43597.,3.7734375
43598.,3.7809375000
43599.,3.79375
43600.,3.8090625
43601.,3.7975
43602.,3.7875
43603.,3.788125
43604.,3.803125
43605.,3.781875
43606.,3.7940625
43607.,3.7865625
43608.,3.7584375
43609.,3.785
43610.,3.7778125
43611.,3.7778125
43612.,3.781875
43613.,3.799375
43614.,3.766875
43615.,3.7759375
43616.,3.75625
43617.,3.7790625
43618.,3.768125
43619.,3.791875
43620.,3.7840625
43621.,3.781875
43622.,3.82375
43623.,3.7778125
43624.,3.7690625
43625.,3.786875
43626.,3.7684375
43627.,3.7728125
43628.,3.7843750000
43629.,3.783125
43630.,3.77625
43631.,3.8003125
43632.,3.78125
43633.,3.79
43634.,3.7921875000
43635.,3.7915625
43636.,3.7643750000
43637.,3.796875
43638.,3.7703125
43639.,3.8121875000
43640.,3.7765625000
43641.,3.7553125
43642.,3.798125
43643.,3.808125
43644.,3.80625
43645.,3.7740625
43646.,3.77625
43647.,3.8134375
43648.,3.7959375
43649.,3.8009375
43650.,3.7965625000
43651.,3.8134375
43652.,3.77125
43653.,3.8059375
43654.,3.8109375
43655.,3.7771875
43656.,3.7975
43657.,3.801875
43658.,3.7600000000
43659.,3.7671875
43660.,3.8200000000
43661.,3.814375
43662.,3.7956250000
43663.,3.7771875
43664.,3.7959375
43665.,3.7887500000
43666.,3.790625
43667.,3.7975
43668.,3.8140625
43669.,3.7790625
43670.,3.8078125000
43671.,3.7953125
43672.,3.824375
43673.,3.8090625
43674.,3.778125
43675.,3.8046875
43676.,3.8112500000
43677.,3.8015625
43678.,3.814375
43679.,3.80375
43680.,3.803125
43681.,3.811875
43682.,3.7878125000
43683.,3.7890625
43684.,3.8196875
43685.,3.7996875
43686.,3.7959375
43687.,3.8340625
43688.,3.8053125
43689.,3.8175
43690.,3.8153125
43691.,3.8134375
43692.,3.8078125000
43693.,3.834375
43694.,3.80625
43695.,3.8253125
43696.,3.8390625000
43697.,3.8290625
43698.,3.8465625
43699.,3.8171875
43700.,3.8265625
43701.,3.83625
43702.,3.8253125
43703.,3.7990625000
43704.,3.785625
43705.,3.7921875000
43706.,3.8165625
43707.,3.8043750000
43708.,3.8140625
43709.,3.8075
43710.,3.8040625
43711.,3.8390625000
43712.,3.81
43713.,3.7784375
43714.,3.789375
43715.,3.7796875
43716.,3.7978125
43717.,3.795
43718.,3.7959375
43719.,3.7912500000
43720.,3.801875
43721.,3.7940625
43722.,3.7956250000
43723.,3.7796875
43724.,3.755625
43725.,3.76375
43726.,3.7734375
43727.,3.7978125
43728.,3.765625
43729.,3.771875
43730.,3.809375
43731.,3.76375
43732.,3.7625
43733.,3.7625
43734.,3.7434375
43735.,3.7896875
43736.,3.7765625000
43737.,3.758125
43738.,3.74625
43739.,3.7625
43740.,3.7487500000
43741.,3.7703125
43742.,3.7734375
43743.,3.768125
43744.,3.750625
43745.,3.77
43746.,3.7446875
43747.,3.76125
43748.,3.7671875
43749.,3.759375
43750.,3.769375
43751.,3.769375
43752.,3.774375
43753.,3.755
43754.,3.7759375
43755.,3.7571875
43756.,3.765625
43757.,3.750625
43758.,3.759375
43759.,3.7334375
43760.,3.756875
43761.,3.76125
43762.,3.7615625
43763.,3.7800000000
43764.,3.74
43765.,3.7887500000
43766.,3.756875
43767.,3.7721875000
43768.,3.7775
43769.,3.78125
43770.,3.7828125
43771.,3.7753125
43772.,3.7765625000
43773.,3.7809375000
43774.,3.7646875
43775.,3.7521875000
43776.,3.7753125
43777.,3.7621875
43778.,3.786875
43779.,3.7934375
43780.,3.793125
43781.,3.7796875
43782.,3.7809375000
43783.,3.7725
43784.,3.7521875000
43785.,3.75375
43786.,3.7734375
43787.,3.7912500000
43788.,3.7734375
43789.,3.7731250000
43790.,3.77
43791.,3.7615625
43792.,3.79875
43793.,3.7728125
43794.,3.7443750000
43795.,3.7778125
43796.,3.7615625
43797.,3.759375
43798.,3.73875
43799.,3.796875
43800.,3.758125
43801.,3.7603125
43802.,3.77875
43803.,3.7946875
43804.,3.8015625
43805.,3.7990625000
43806.,3.7703125
43807.,3.7725
43808.,3.8034375000
43809.,3.7746875
43810.,3.7821875
43811.,3.7859375
43812.,3.7871875
43813.,3.7800000000
43814.,3.7721875000
43815.,3.7603125
43816.,3.7721875000
43817.,3.763125
43818.,3.7859375
43819.,3.7803125
43820.,3.77625
43821.,3.7821875
43822.,3.7843750000
43823.,3.80125
43824.,3.8090625
43825.,3.79375
43826.,3.7965625000
43827.,3.7459375
43828.,3.7753125
43829.,3.8165625
43830.,3.7978125
43831.,3.78625
43832.,3.7953125
43833.,3.780625
43834.,3.801875
43835.,3.7625
43836.,3.789375
43837.,3.8178125
43838.,3.79875
43839.,3.7778125
43840.,3.7925
43841.,3.7615625
43842.,3.81625
43843.,3.7925
43844.,3.8340625
43845.,3.8175
43846.,3.8096875
43847.,3.8078125000
43848.,3.7896875
43849.,3.7996875
43850.,3.8175
43851.,3.7984375
43852.,3.808125
43853.,3.8040625
43854.,3.818125
43855.,3.82125
43856.,3.8134375
43857.,3.8053125
43858.,3.8268750000
43859.,3.8268750000
43860.,3.805625
43861.,3.8078125000
43862.,3.8084375
43863.,3.8240625
43864.,3.8068750000
43865.,3.8075
43866.,3.8321875
43867.,3.8315625
43868.,3.824375
43869.,3.8440625
43870.,3.810625
43871.,3.8271875
43872.,3.829375
43873.,3.839375
43874.,3.82625
43875.,3.8346875000
43876.,3.828125
43877.,3.798125
43878.,3.8303125000
43879.,3.8215625
43880.,3.8378125
43881.,3.840625
43882.,3.8390625000
43883.,3.7956250000
43884.,3.8478125000
43885.,3.8215625
43886.,3.796875
43887.,3.7971875
43888.,3.8084375
43889.,3.7928125
43890.,3.8040625
43891.,3.8125
43892.,3.8025
43893.,3.8240625
43894.,3.79375
43895.,3.813125
43896.,3.805
43897.,3.8284375
43898.,3.7684375
43899.,3.8115625
43900.,3.811875
43901.,3.805
43902.,3.7796875
43903.,3.8115625
43904.,3.800625
43905.,3.8184375
43906.,3.8128125
43907.,3.793125
43908.,3.8046875
43909.,3.7903125
43910.,3.801875
43911.,3.77625
43912.,3.809375
43913.,3.8053125
43914.,3.8146875000
43915.,3.7871875
43916.,3.765625
43917.,3.7890625
43918.,3.7965625000
43919.,3.7909375
43920.,3.7928125
43921.,3.7784375
43922.,3.7734375
43923.,3.77625
43924.,3.816875
43925.,3.7821875
43926.,3.7625
43927.,3.7803125
43928.,3.75375
43929.,3.794375
43930.,3.8128125
43931.,3.8000000000
43932.,3.7884375
43933.,3.76375
43934.,3.78625
43935.,3.7753125
43936.,3.7659375
43937.,3.7428125
43938.,3.7575000000
43939.,3.7721875000
43940.,3.7890625
43941.,3.7687500000
43942.,3.7840625
43943.,3.779375
43944.,3.746875
43945.,3.78625
43946.,3.788125
43947.,3.7671875
43948.,3.7771875
43949.,3.796875
43950.,3.7925
43951.,3.761875
43952.,3.7728125
43953.,3.7634375
43954.,3.7684375
43955.,3.7687500000
43956.,3.7625
43957.,3.7903125
43958.,3.7825
43959.,3.7796875
43960.,3.7665625
43961.,3.763125
43962.,3.7725
43963.,3.766875
43964.,3.786875
43965.,3.7778125
43966.,3.810625
43967.,3.7746875
43968.,3.7634375
43969.,3.765
43970.,3.7771875
43971.,3.7365625000
43972.,3.75
43973.,3.7815625
43974.,3.7903125
43975.,3.7671875
43976.,3.75875
43977.,3.763125
43978.,3.7725
43979.,3.7890625
43980.,3.775
43981.,3.801875
43982.,3.755625
43983.,3.7800000000
43984.,3.76625
43985.,3.75625
43986.,3.7975
43987.,3.7915625
43988.,3.77875
43989.,3.785625
43990.,3.768125
43991.,3.79375
43992.,3.7825
43993.,3.7734375
43994.,3.800625
43995.,3.776875
43996.,3.8028125
43997.,3.7703125
43998.,3.7921875000
43999.,3.7853125
44000.,3.785
44001.,3.7971875
44002.,3.7584375
44003.,3.8028125
44004.,3.8190625000
44005.,3.7946875
44006.,3.77875
44007.,3.7800000000
44008.,3.7721875000
44009.,3.7678125000
44010.,3.774375
44011.,3.7790625
44012.,3.783125
44013.,3.7678125000
44014.,3.7709375
44015.,3.755625
44016.,3.76125
44017.,3.770625
44018.,3.7675
44019.,3.7534375
44020.,3.771875
44021.,3.745625
44022.,3.7375000000
44023.,3.7418750000
44024.,3.74125
44025.,3.755
44026.,3.7671875
44027.,3.77
44028.,3.781875
44029.,3.79
44030.,3.7703125
44031.,3.758125
44032.,3.7731250000
44033.,3.7775
44034.,3.7828125
44035.,3.7643750000
44036.,3.7865625
44037.,3.778125
44038.,3.75875
44039.,3.785625
44040.,3.746875
44041.,3.7687500000
44042.,3.765625
44043.,3.738125
44044.,3.75375
44045.,3.7756250000
44046.,3.73875
44047.,3.771875
44048.,3.7934375
44049.,3.7646875
44050.,3.75875
44051.,3.780625
44052.,3.7646875
44053.,3.7843750000
44054.,3.7828125
44055.,3.791875
44056.,3.76625
44057.,3.7784375
44058.,3.7971875
44059.,3.7828125
44060.,3.7928125
44061.,3.81875
44062.,3.8084375
44063.,3.7940625
44064.,3.8078125000
44065.,3.796875
44066.,3.7896875
44067.,3.7734375
44068.,3.780625
44069.,3.7803125
44070.,3.785
44071.,3.8028125
44072.,3.7912500000
44073.,3.7959375
44074.,3.79375
44075.,3.79
44076.,3.810625
44077.,3.7784375
44078.,3.791875
44079.,3.7734375
44080.,3.776875
44081.,3.79625
44082.,3.7634375
44083.,3.799375
44084.,3.7775
44085.,3.7946875
44086.,3.7634375
44087.,3.7534375
44088.,3.775
44089.,3.813125
44090.,3.780625
44091.,3.766875
44092.,3.781875
44093.,3.7946875
44094.,3.80125
44095.,3.794375
44096.,3.7921875000
44097.,3.7921875000
44098.,3.790625
44099.,3.7834375000
44100.,3.78375
44101.,3.7834375000
44102.,3.7765625000
44103.,3.798125
44104.,3.785
44105.,3.7859375
44106.,3.770625
44107.,3.813125
44108.,3.7965625000
44109.,3.7890625
44110.,3.7771875
44111.,3.7571875
44112.,3.7884375
44113.,3.770625
44114.,3.781875
44115.,3.7709375
44116.,3.778125
44117.,3.770625
44118.,3.769375
44119.,3.7815625
44120.,3.7996875
44121.,3.7621875
44122.,3.79
44123.,3.7928125
44124.,3.7903125
44125.,3.7815625
44126.,3.7912500000
44127.,3.7909375
44128.,3.775
44129.,3.7965625000
44130.,3.8078125000
44131.,3.7915625
44132.,3.739375
44133.,3.7696875
44134.,3.7690625
44135.,3.781875
44136.,3.7809375000
44137.,3.763125
44138.,3.7984375
44139.,3.763125
44140.,3.7509375
44141.,3.7540625
44142.,3.7600000000
44143.,3.755625
44144.,3.7503125
44145.,3.7509375
44146.,3.7759375
44147.,3.7534375
44148.,3.745625
44149.,3.78125
44150.,3.7440625
44151.,3.766875
44152.,3.765625
44153.,3.7609375000
44154.,3.761875
44155.,3.7778125
44156.,3.758125
44157.,3.7946875
44158.,3.805
44159.,3.808125
44160.,3.7628125
44161.,3.7953125
44162.,3.7875
44163.,3.7928125
44164.,3.7912500000
44165.,3.8034375000
44166.,3.7690625
44167.,3.789375
44168.,3.7800000000
44169.,3.7928125
44170.,3.7921875000
44171.,3.783125
44172.,3.798125
44173.,3.769375
44174.,3.80375
44175.,3.7740625
44176.,3.7825
44177.,3.778125
44178.,3.7956250000
44179.,3.7559375
44180.,3.7840625
44181.,3.8000000000
44182.,3.790625
44183.,3.7821875
44184.,3.7890625
44185.,3.7925
44186.,3.774375
44187.,3.76125
44188.,3.7912500000
44189.,3.769375
44190.,3.7678125000
44191.,3.781875
44192.,3.7621875
44193.,3.7896875
44194.,3.7540625
44195.,3.7446875
44196.,3.7687500000
44197.,3.7687500000
44198.,3.7731250000
44199.,3.7715625
44200.,3.7734375
44201.,3.7371875
44202.,3.7578125
44203.,3.7478125
44204.,3.7434375
44205.,3.761875
44206.,3.7915625
44207.,3.7790625
44208.,3.7915625
44209.,3.7600000000
44210.,3.77625
44211.,3.7721875000
44212.,3.790625
44213.,3.79375
44214.,3.7753125
44215.,3.7690625
44216.,3.77375
44217.,3.786875
44218.,3.7971875
44219.,3.7843750000
44220.,3.7859375
44221.,3.7765625000
44222.,3.801875
44223.,3.776875
44224.,3.7921875000
44225.,3.8115625
44226.,3.8112500000
44227.,3.8028125
44228.,3.7753125
44229.,3.766875
44230.,3.81
44231.,3.7756250000
44232.,3.7803125
44233.,3.788125
44234.,3.8046875
44235.,3.7643750000
44236.,3.754375
44237.,3.75375
44238.,3.7459375
44239.,3.7709375
44240.,3.7571875
44241.,3.7796875
44242.,3.7965625000
44243.,3.7859375
44244.,3.7784375
44245.,3.7665625
44246.,3.7800000000
44247.,3.7703125
44248.,3.7709375
44249.,3.7309375
44250.,3.7640625
44251.,3.73625
44252.,3.7771875
44253.,3.7934375
44254.,3.7534375
44255.,3.768125
44256.,3.77
44257.,3.7625
44258.,3.7584375
44259.,3.7628125
44260.,3.736875
44261.,3.7503125
44262.,3.7721875000
44263.,3.7575000000
44264.,3.79375
44265.,3.756875
44266.,3.7753125
44267.,3.7296875000
44268.,3.7325
44269.,3.73625
44270.,3.73875
44271.,3.7596875
44272.,3.76625
44273.,3.749375
44274.,3.7465625
44275.,3.7418750000
44276.,3.748125
44277.,3.7459375
44278.,3.7428125
44279.,3.7240625
44280.,3.75
44281.,3.74125
44282.,3.74
44283.,3.7687500000
44284.,3.7825
44285.,3.7725
44286.,3.7834375000
44287.,3.7534375
44288.,3.7540625
44289.,3.7790625
44290.,3.75
44291.,3.7484375
44292.,3.76375
44293.,3.7600000000
44294.,3.7721875000
44295.,3.7878125000
44296.,3.746875
44297.,3.7925
44298.,3.7903125
44299.,3.7596875
44300.,3.820625
44301.,3.7775
44302.,3.7790625
44303.,3.7409375000
44304.,3.7909375
44305.,3.7825
44306.,3.7678125000
44307.,3.763125
44308.,3.7915625
44309.,3.77
44310.,3.7909375
44311.,3.78375
44312.,3.7803125
44313.,3.7903125
44314.,3.7784375
44315.,3.7815625
44316.,3.755
44317.,3.776875
44318.,3.77
44319.,3.7978125
44320.,3.765625
44321.,3.7696875
44322.,3.774375
44323.,3.7725
44324.,3.7778125
44325.,3.7715625
44326.,3.7559375
44327.,3.7578125
44328.,3.759375
44329.,3.7675
44330.,3.7428125
44331.,3.769375
44332.,3.7340625000
44333.,3.7643750000
44334.,3.794375
44335.,3.7825
44336.,3.7809375000
44337.,3.7734375
44338.,3.7984375
44339.,3.8059375
44340.,3.78625
44341.,3.79875
44342.,3.763125
44343.,3.795
44344.,3.7418750000
44345.,3.7709375
44346.,3.78375
44347.,3.7887500000
44348.,3.7715625
44349.,3.7815625
44350.,3.7634375
44351.,3.795
44352.,3.7846875
44353.,3.7640625
44354.,3.7809375000
44355.,3.769375
44356.,3.7753125
44357.,3.7625
44358.,3.7496875000
44359.,3.76625
44360.,3.7731250000
44361.,3.7809375000
44362.,3.769375
44363.,3.7646875
44364.,3.78125
44365.,3.8171875
44366.,3.79875
44367.,3.8021875
44368.,3.7915625
44369.,3.7912500000
44370.,3.7734375
44371.,3.7759375
44372.,3.7684375
44373.,3.7771875
44374.,3.8112500000
44375.,3.7565625000
44376.,3.7740625
44377.,3.77125
44378.,3.78375
44379.,3.814375
44380.,3.780625
44381.,3.80375
44382.,3.7928125
44383.,3.771875
44384.,3.7887500000
44385.,3.783125
44386.,3.793125
44387.,3.813125
44388.,3.7884375
44389.,3.8159375
44390.,3.8284375
44391.,3.81625
44392.,3.8215625
44393.,3.831875
44394.,3.8190625000
44395.,3.849375
44396.,3.8425000000
44397.,3.8134375
44398.,3.8075
44399.,3.8615625000
44400.,3.8353125
44401.,3.8268750000
44402.,3.8334375
44403.,3.8396875
44404.,3.8328125
44405.,3.818125
44406.,3.8415625
44407.,3.825625
44408.,3.83
44409.,3.825625
44410.,3.8021875
44411.,3.8496875
44412.,3.8103125
44413.,3.800625
44414.,3.8071875
44415.,3.7946875
44416.,3.8171875
44417.,3.849375
44418.,3.8003125
44419.,3.803125
44420.,3.7965625000
44421.,3.8312500000
44422.,3.8225000000
44423.,3.811875
44424.,3.815
44425.,3.8200000000
44426.,3.8325
44427.,3.8125
44428.,3.8112500000
44429.,3.7946875
44430.,3.823125
44431.,3.8312500000
44432.,3.8078125000
44433.,3.839375
44434.,3.8153125
44435.,3.8096875
44436.,3.8209375
44437.,3.8334375
44438.,3.828125
44439.,3.8296875
44440.,3.809375
44441.,3.8200000000
44442.,3.8356250000
44443.,3.820625
44444.,3.8271875
44445.,3.7996875
44446.,3.8471875
44447.,3.8043750000
44448.,3.7946875
44449.,3.796875
44450.,3.82125
44451.,3.825
44452.,3.8043750000
44453.,3.8421875
44454.,3.8537500000
44455.,3.83875
44456.,3.8415625
44457.,3.828125
44458.,3.8356250000
44459.,3.825
44460.,3.8346875000
44461.,3.820625
44462.,3.8096875
44463.,3.8225000000
44464.,3.8125
44465.,3.8409375
44466.,3.7990625000
44467.,3.8228125
44468.,3.824375
44469.,3.8268750000
44470.,3.8125
44471.,3.848125
44472.,3.8378125
44473.,3.8346875000
44474.,3.7984375
44475.,3.80625
44476.,3.8040625
44477.,3.833125
44478.,3.78125
44479.,3.8103125
44480.,3.84625
44481.,3.808125
44482.,3.786875
44483.,3.8009375
44484.,3.7784375
44485.,3.8078125000
44486.,3.7946875
44487.,3.765
44488.,3.7896875
44489.,3.80875
44490.,3.8003125
44491.,3.7634375
44492.,3.7684375
44493.,3.8115625
44494.,3.7884375
44495.,3.7803125
44496.,3.793125
44497.,3.79875
44498.,3.8043750000
44499.,3.803125
44500.,3.783125
44501.,3.8156250000
44502.,3.7940625
44503.,3.7825
44504.,3.763125
44505.,3.8090625
44506.,3.8025
44507.,3.8065625
44508.,3.8156250000
44509.,3.8000000000
44510.,3.786875
44511.,3.7784375
44512.,3.8059375
44513.,3.79
44514.,3.7984375
44515.,3.7790625
44516.,3.783125
44517.,3.798125
44518.,3.7703125
44519.,3.828125
44520.,3.80875
44521.,3.7809375000
44522.,3.8121875000
44523.,3.8040625
44524.,3.8075
44525.,3.8200000000
44526.,3.8253125
44527.,3.8246875
44528.,3.8159375
44529.,3.8078125000
44530.,3.803125
44531.,3.84375
44532.,3.8059375
44533.,3.8303125000
44534.,3.8043750000
44535.,3.8159375
44536.,3.8409375
44537.,3.8234375000
44538.,3.7953125
44539.,3.7821875
44540.,3.7884375
44541.,3.7828125
44542.,3.7825
44543.,3.77125
44544.,3.80125
44545.,3.8040625
44546.,3.789375
44547.,3.799375
44548.,3.8053125
44549.,3.7984375
44550.,3.7875
44551.,3.8228125
44552.,3.79625
44553.,3.825625
44554.,3.80125
44555.,3.799375
44556.,3.794375
44557.,3.7965625000
44558.,3.791875
44559.,3.809375
44560.,3.7843750000
44561.,3.7912500000
44562.,3.81375
44563.,3.7759375
44564.,3.7921875000
44565.,3.824375
44566.,3.8084375
44567.,3.7990625000
44568.,3.8065625
44569.,3.8128125
44570.,3.821875
44571.,3.8259375
44572.,3.8203125
44573.,3.79875
44574.,3.8312500000
44575.,3.7990625000
44576.,3.8109375
44577.,3.8084375
44578.,3.79875
44579.,3.8115625
44580.,3.7859375
44581.,3.7975
44582.,3.8315625
44583.,3.8321875
44584.,3.8340625
44585.,3.8275
44586.,3.80875
44587.,3.8121875000
44588.,3.7875
44589.,3.7890625
44590.,3.8000000000
44591.,3.8053125
44592.,3.8328125
44593.,3.7853125
44594.,3.7825
44595.,3.7721875000
44596.,3.7909375
44597.,3.7915625
44598.,3.7865625
44599.,3.8203125
44600.,3.81875
44601.,3.8000000000
44602.,3.8121875000
44603.,3.808125
44604.,3.8228125
44605.,3.803125
44606.,3.799375
44607.,3.8165625
44608.,3.791875
44609.,3.8053125
44610.,3.809375
44611.,3.821875
44612.,3.800625
44613.,3.8309375
44614.,3.8359375
44615.,3.794375
44616.,3.8290625
44617.,3.8246875
44618.,3.801875
44619.,3.793125
44620.,3.813125
44621.,3.8040625
44622.,3.813125
44623.,3.8209375
44624.,3.803125
44625.,3.81875
44626.,3.781875
44627.,3.800625
44628.,3.8309375
44629.,3.810625
44630.,3.818125
44631.,3.805
44632.,3.7909375
44633.,3.828125
44634.,3.783125
44635.,3.828125
44636.,3.8203125
44637.,3.8068750000
44638.,3.81625
44639.,3.7978125
44640.,3.8196875
44641.,3.7853125
44642.,3.798125
44643.,3.7978125
44644.,3.8103125
44645.,3.8043750000
44646.,3.7834375000
44647.,3.801875
44648.,3.8156250000
44649.,3.8071875
44650.,3.7825
44651.,3.8075
44652.,3.8140625
44653.,3.8021875
44654.,3.7765625000
44655.,3.7871875
44656.,3.7815625
44657.,3.7696875
44658.,3.7971875
44659.,3.7756250000
44660.,3.813125
44661.,3.8200000000
44662.,3.7956250000
44663.,3.7884375
44664.,3.783125
44665.,3.7825
44666.,3.7753125
44667.,3.7984375
44668.,3.8096875
44669.,3.810625
44670.,3.785625
44671.,3.791875
44672.,3.7796875
44673.,3.780625
44674.,3.8071875
44675.,3.7800000000
44676.,3.7815625
44677.,3.80375
44678.,3.8134375
44679.,3.8109375
44680.,3.7946875
44681.,3.7734375
44682.,3.8075
44683.,3.8171875
44684.,3.8156250000
44685.,3.8165625
44686.,3.816875
44687.,3.8209375
44688.,3.8003125
44689.,3.8203125
44690.,3.8240625
44691.,3.8321875
44692.,3.854375
44693.,3.81375
44694.,3.7884375
44695.,3.8009375
44696.,3.823125
44697.,3.81
44698.,3.819375
44699.,3.7859375
44700.,3.765625
44701.,3.7896875
44702.,3.79875
44703.,3.79875
44704.,3.7978125
44705.,3.799375
44706.,3.8043750000
44707.,3.8140625
44708.,3.7896875
44709.,3.7746875
44710.,3.816875
44711.,3.814375
44712.,3.7731250000
44713.,3.811875
44714.,3.8009375
44715.,3.7928125
44716.,3.7825
44717.,3.7765625000
44718.,3.7756250000
44719.,3.755
44720.,3.775
44721.,3.770625
44722.,3.7753125
44723.,3.8103125
44724.,3.7971875
44725.,3.8134375
44726.,3.7784375
44727.,3.77125
44728.,3.800625
44729.,3.766875
44730.,3.781875
44731.,3.7953125
44732.,3.7734375
44733.,3.7934375
44734.,3.7912500000
44735.,3.76375
44736.,3.8034375000
44737.,3.76375
44738.,3.775
44739.,3.7721875000
44740.,3.798125
44741.,3.763125
44742.,3.7853125
44743.,3.78625
44744.,3.798125
44745.,3.8203125
44746.,3.7840625
44747.,3.78375
44748.,3.7953125
44749.,3.77875
44750.,3.771875
44751.,3.7884375
44752.,3.78625
44753.,3.8171875
44754.,3.808125
44755.,3.80375
44756.,3.7984375
44757.,3.7903125
44758.,3.7815625
44759.,3.7925
44760.,3.805
44761.,3.794375
44762.,3.766875
44763.,3.7584375
44764.,3.789375
44765.,3.811875
44766.,3.7956250000
44767.,3.7884375
44768.,3.7956250000
44769.,3.7815625
44770.,3.783125
44771.,3.780625
44772.,3.77375
44773.,3.774375
44774.,3.7690625
44775.,3.7903125
44776.,3.795
44777.,3.7709375
44778.,3.8125
44779.,3.791875
44780.,3.78125
44781.,3.7843750000
44782.,3.7678125000
44783.,3.7709375
44784.,3.785
44785.,3.7896875
44786.,3.805
44787.,3.810625
44788.,3.8203125
44789.,3.79
44790.,3.771875
44791.,3.79875
44792.,3.7540625
44793.,3.793125
44794.,3.7953125
44795.,3.80625
44796.,3.8090625
44797.,3.8040625
44798.,3.8103125
44799.,3.7940625
44800.,3.8109375
44801.,3.803125
44802.,3.793125
44803.,3.7796875
44804.,3.7971875
44805.,3.80125
44806.,3.7925
44807.,3.8103125
44808.,3.790625
44809.,3.8053125
44810.,3.794375
44811.,3.805625
44812.,3.8103125
44813.,3.836875
44814.,3.8303125000
44815.,3.8090625
44816.,3.8068750000
44817.,3.8084375
44818.,3.800625
44819.,3.786875
44820.,3.8103125
44821.,3.8184375
44822.,3.80875
44823.,3.7771875
44824.,3.765625
44825.,3.8221875
44826.,3.7821875
44827.,3.785625
44828.,3.81375
44829.,3.7959375
44830.,3.7759375
44831.,3.79625
44832.,3.7687500000
44833.,3.7978125
44834.,3.7953125
44835.,3.791875
44836.,3.81375
44837.,3.8178125
44838.,3.79
44839.,3.8156250000
44840.,3.7740625
44841.,3.7928125
44842.,3.79625
44843.,3.77875
44844.,3.8084375
44845.,3.7925
44846.,3.8075
44847.,3.775
44848.,3.7946875
44849.,3.8009375
44850.,3.80875
44851.,3.78625
44852.,3.810625
44853.,3.8165625
44854.,3.7959375
44855.,3.794375
44856.,3.8140625
44857.,3.800625
44858.,3.796875
44859.,3.8328125
44860.,3.809375
44861.,3.8125
44862.,3.8021875
44863.,3.8075
44864.,3.7903125
44865.,3.8178125
44866.,3.8315625
44867.,3.8503125000
44868.,3.8115625
44869.,3.7934375
44870.,3.8209375
44871.,3.8321875
44872.,3.829375
44873.,3.8153125
44874.,3.8096875
44875.,3.811875
44876.,3.8159375
44877.,3.831875
44878.,3.800625
44879.,3.824375
44880.,3.828125
44881.,3.8284375
44882.,3.8284375
44883.,3.8134375
44884.,3.8396875
44885.,3.8309375
44886.,3.8043750000
44887.,3.7846875
44888.,3.84375
44889.,3.8625000000
44890.,3.8128125
44891.,3.82875
44892.,3.84375
44893.,3.8490625
44894.,3.815
44895.,3.8381250000
44896.,3.8484375
44897.,3.8434375000
44898.,3.8309375
44899.,3.8228125
44900.,3.833125
44901.,3.8353125
44902.,3.8234375000
44903.,3.8356250000
44904.,3.8178125
44905.,3.8471875
44906.,3.8409375
44907.,3.8134375
44908.,3.8356250000
44909.,3.8315625
44910.,3.8453125
44911.,3.8415625
44912.,3.7875
44913.,3.821875
44914.,3.8390625000
44915.,3.840625
44916.,3.8390625000
44917.,3.853125
44918.,3.8309375
44919.,3.8209375
44920.,3.8556250000
44921.,3.8390625000
44922.,3.8628125
44923.,3.83625
44924.,3.8659375000
44925.,3.8203125
44926.,3.84875
44927.,3.8434375000
44928.,3.84875
44929.,3.78375
44930.,3.823125
44931.,3.8309375
44932.,3.8503125000
44933.,3.8253125
44934.,3.8371875
44935.,3.844375
44936.,3.8575
44937.,3.8265625
44938.,3.8103125
44939.,3.843125
44940.,3.839375
44941.,3.833125
44942.,3.8275
44943.,3.81625
44944.,3.88
44945.,3.8378125
44946.,3.8153125
44947.,3.8390625000
44948.,3.8303125000
44949.,3.8425000000
44950.,3.8396875
44951.,3.8409375
44952.,3.8396875
44953.,3.8259375
44954.,3.8434375000
44955.,3.82375
44956.,3.8359375
44957.,3.8312500000
44958.,3.823125
44959.,3.836875
44960.,3.8303125000
44961.,3.82875
44962.,3.829375
44963.,3.8246875
44964.,3.82125
44965.,3.8096875
44966.,3.7965625000
44967.,3.8065625
44968.,3.8112500000
44969.,3.7803125
44970.,3.811875
44971.,3.7984375
44972.,3.8112500000
44973.,3.83375
44974.,3.8196875
44975.,3.785625
44976.,3.8043750000
44977.,3.835
44978.,3.8134375
44979.,3.798125
44980.,3.7978125
44981.,3.7928125
44982.,3.7925
44983.,3.8196875
44984.,3.8112500000
44985.,3.8203125
44986.,3.8090625
44987.,3.8171875
44988.,3.7775
44989.,3.8078125000
44990.,3.7915625
44991.,3.8068750000
44992.,3.8190625000
44993.,3.8043750000
44994.,3.8225000000
44995.,3.793125
44996.,3.8190625000
44997.,3.79375
44998.,3.798125
44999.,3.8059375
45000.,3.8121875000
45001.,3.79375
45002.,3.8071875
45003.,3.8209375
45004.,3.805
45005.,3.7803125
45006.,3.7934375
45007.,3.8125
45008.,3.805625
45009.,3.8015625
45010.,3.7531250000
45011.,3.786875
45012.,3.80875
45013.,3.7925
45014.,3.79
45015.,3.8175
45016.,3.8359375
45017.,3.8196875
45018.,3.82125
45019.,3.8121875000
45020.,3.8165625
45021.,3.8075
45022.,3.805
45023.,3.8128125
45024.,3.8200000000
45025.,3.8053125
45026.,3.8078125000
45027.,3.82625
45028.,3.8075
45029.,3.8525
45030.,3.8315625
45031.,3.8490625
45032.,3.8134375
45033.,3.8121875000
45034.,3.8356250000
45035.,3.809375
45036.,3.8253125
45037.,3.8478125000
45038.,3.8240625
45039.,3.830625
45040.,3.810625
45041.,3.8659375000
45042.,3.8125
45043.,3.8571875
45044.,3.82625
45045.,3.81875
45046.,3.83875
45047.,3.85875
45048.,3.830625
45049.,3.818125
45050.,3.8490625
45051.,3.84375
45052.,3.823125
45053.,3.8371875
45054.,3.8268750000
45055.,3.8596875
45056.,3.8446875
45057.,3.85625
45058.,3.8646875
45059.,3.843125
45060.,3.8378125
45061.,3.876875
45062.,3.8440625
45063.,3.8896875
45064.,3.859375
45065.,3.843125
45066.,3.8546875000
45067.,3.86
45068.,3.8546875000
45069.,3.8528125
45070.,3.8356250000
45071.,3.839375
45072.,3.855
45073.,3.83625
45074.,3.8621875
45075.,3.8678125
45076.,3.8725
45077.,3.8534375
45078.,3.8446875
45079.,3.8415625
45080.,3.87
45081.,3.8290625
45082.,3.8571875
45083.,3.834375
45084.,3.855
45085.,3.8553125
45086.,3.850625
45087.,3.8090625
45088.,3.83625
45089.,3.8290625
45090.,3.8515625
45091.,3.8603125
45092.,3.8290625
45093.,3.813125
45094.,3.7984375
45095.,3.8428125
45096.,3.8390625000
45097.,3.8115625
45098.,3.86875
45099.,3.83875
45100.,3.8196875
45101.,3.8703125000
45102.,3.8465625
45103.,3.8556250000
45104.,3.834375
45105.,3.8375
45106.,3.8565625
45107.,3.8268750000
45108.,3.850625
45109.,3.829375
45110.,3.853125
45111.,3.865
45112.,3.8556250000
45113.,3.8315625
45114.,3.819375
45115.,3.8328125
45116.,3.8446875
45117.,3.85
45118.,3.82875
45119.,3.88125
45120.,3.883125
45121.,3.83875
45122.,3.8693750000
45123.,3.861875
45124.,3.861875
45125.,3.8640625
45126.,3.8581250000
45127.,3.819375
45128.,3.805
45129.,3.851875
45130.,3.8734375
45131.,3.8828125
45132.,3.86875
45133.,3.879375
45134.,3.8725
45135.,3.848125
45136.,3.8515625
45137.,3.8315625
45138.,3.8353125
45139.,3.85
45140.,3.8781250000
45141.,3.83875
45142.,3.8665625
45143.,3.815
45144.,3.8309375
45145.,3.8484375
45146.,3.83375
45147.,3.8356250000
45148.,3.8384375
45149.,3.8215625
45150.,3.8290625
45151.,3.8446875
45152.,3.8178125
45153.,3.8459375000
45154.,3.8209375
45155.,3.8521875
45156.,3.8196875
45157.,3.831875
45158.,3.829375
45159.,3.859375
45160.,3.829375
45161.,3.8634375000
45162.,3.8315625
45163.,3.8375
45164.,3.8565625
45165.,3.8328125
45166.,3.851875
45167.,3.8478125000
45168.,3.8315625
45169.,3.825625
45170.,3.8109375
45171.,3.8275
45172.,3.81625
45173.,3.819375
45174.,3.8165625
45175.,3.823125
45176.,3.8515625
45177.,3.8253125
45178.,3.810625
45179.,3.86
45180.,3.825625
45181.,3.835
45182.,3.8096875
45183.,3.8259375
45184.,3.824375
45185.,3.84
45186.,3.8271875
45187.,3.831875
45188.,3.8334375
45189.,3.843125
45190.,3.8259375
45191.,3.8240625
45192.,3.8353125
45193.,3.8340625
45194.,3.8425000000
45195.,3.816875
45196.,3.8496875
45197.,3.8781250000
45198.,3.8075
45199.,3.805625
45200.,3.7878125000
45201.,3.8546875000
45202.,3.845625
45203.,3.8225000000
45204.,3.8290625
45205.,3.8403125
45206.,3.839375
45207.,3.803125
45208.,3.816875
45209.,3.8109375
45210.,3.8371875
45211.,3.8378125
45212.,3.8265625
45213.,3.8371875
45214.,3.840625
45215.,3.845
45216.,3.8290625
45217.,3.8559375
45218.,3.8409375
45219.,3.8315625
45220.,3.849375
45221.,3.8475
45222.,3.853125
45223.,3.8415625
45224.,3.8390625000
45225.,3.85875
45226.,3.84125
45227.,3.8615625000
45228.,3.8553125
45229.,3.853125
45230.,3.8490625
45231.,3.8365625
45232.,3.841875
45233.,3.8565625
45234.,3.8596875
45235.,3.84125
45236.,3.828125
45237.,3.8312500000
45238.,3.8175
45239.,3.8340625
45240.,3.8409375
45241.,3.8015625
45242.,3.8165625
45243.,3.8303125000
45244.,3.8140625
45245.,3.82375
45246.,3.8356250000
45247.,3.8315625
45248.,3.8525
45249.,3.8434375000
45250.,3.8109375
45251.,3.83375
45252.,3.8328125
45253.,3.7971875
45254.,3.7840625
45255.,3.819375
45256.,3.8159375
45257.,3.8221875
45258.,3.840625
45259.,3.8334375
45260.,3.8228125
45261.,3.833125
45262.,3.8512500000
45263.,3.829375
45264.,3.8240625
45265.,3.8659375000
45266.,3.84625
45267.,3.8396875
45268.,3.8312500000
45269.,3.81375
45270.,3.8296875
45271.,3.798125
45272.,3.83
45273.,3.8465625
45274.,3.8678125
45275.,3.851875
45276.,3.8271875
45277.,3.8271875
45278.,3.865625
45279.,3.843125
45280.,3.8581250000
45281.,3.8484375
45282.,3.8859375000
45283.,3.8503125000
45284.,3.8434375000
45285.,3.8634375000
45286.,3.8825000000
45287.,3.8809375
45288.,3.881875
45289.,3.854375
45290.,3.86625
45291.,3.8790625000
45292.,3.8937500000
45293.,3.8503125000
45294.,3.876875
45295.,3.8603125
45296.,3.8490625
45297.,3.8421875
45298.,3.833125
45299.,3.86875
45300.,3.8784375
45301.,3.8665625
45302.,3.865
45303.,3.86375
45304.,3.856875
45305.,3.831875
45306.,3.8537500000
45307.,3.8440625
45308.,3.8409375
45309.,3.8503125000
45310.,3.8275
45311.,3.8156250000
45312.,3.8696875
45313.,3.8346875000
45314.,3.8221875
45315.,3.8625000000
45316.,3.834375
45317.,3.8128125
45318.,3.8315625
45319.,3.8553125
45320.,3.845
45321.,3.824375
45322.,3.8228125
45323.,3.8409375
45324.,3.8209375
45325.,3.8271875
45326.,3.8375
45327.,3.8475
45328.,3.84125
45329.,3.8312500000
45330.,3.8446875
45331.,3.8640625
45332.,3.8565625
45333.,3.8321875
45334.,3.8415625
45335.,3.841875
45336.,3.83
45337.,3.82875
45338.,3.8203125
45339.,3.820625
45340.,3.8490625
45341.,3.868125
45342.,3.8671875
45343.,3.8215625
45344.,3.813125
45345.,3.8428125
45346.,3.860625
45347.,3.8381250000
45348.,3.818125
45349.,3.8378125
45350.,3.8471875
45351.,3.830625
45352.,3.8156250000
45353.,3.83
45354.,3.835
45355.,3.84125
45356.,3.8268750000
45357.,3.8240625
45358.,3.8153125
45359.,3.84875
45360.,3.8203125
45361.,3.8153125
45362.,3.793125
45363.,3.8090625
45364.,3.8268750000
45365.,3.8340625
45366.,3.8375
45367.,3.8365625
45368.,3.8378125
45369.,3.8240625
45370.,3.8215625
45371.,3.825
45372.,3.7928125
45373.,3.8246875
45374.,3.8290625
45375.,3.819375
45376.,3.854375
45377.,3.8253125
45378.,3.8390625000
45379.,3.821875
45380.,3.8303125000
45381.,3.8540625
45382.,3.805
45383.,3.820625
45384.,3.8159375
45385.,3.845
45386.,3.823125
45387.,3.81375
45388.,3.8084375
45389.,3.820625
45390.,3.8453125
45391.,3.8537500000
45392.,3.8196875
45393.,3.8690625
45394.,3.8296875
45395.,3.828125
45396.,3.84125
45397.,3.8209375
45398.,3.834375
45399.,3.8440625
45400.,3.8409375
45401.,3.8603125
45402.,3.8359375
45403.,3.8115625
45404.,3.8075
45405.,3.8178125
45406.,3.8365625
45407.,3.8375
45408.,3.8325
45409.,3.80375
45410.,3.8128125
45411.,3.834375
45412.,3.8325
45413.,3.8584375
45414.,3.8309375
45415.,3.8284375
45416.,3.8546875000
45417.,3.83625
45418.,3.830625
45419.,3.85625
45420.,3.8459375000
45421.,3.8512500000
45422.,3.8296875
45423.,3.8409375
45424.,3.8409375
45425.,3.8575
45426.,3.825
45427.,3.8259375
45428.,3.825625
45429.,3.8346875000
45430.,3.824375
45431.,3.814375
45432.,3.8421875
45433.,3.8334375
45434.,3.845625
45435.,3.83875
45436.,3.86875
45437.,3.8475
45438.,3.8628125
45439.,3.8221875
45440.,3.8475
45441.,3.820625
45442.,3.8209375
45443.,3.8384375
45444.,3.8340625
45445.,3.811875
45446.,3.8246875
45447.,3.8278125000
45448.,3.8628125
45449.,3.8540625
45450.,3.865625
45451.,3.8596875
45452.,3.8640625
45453.,3.8428125
45454.,3.844375
45455.,3.8628125
45456.,3.8634375000
45457.,3.871875
45458.,3.883125
45459.,3.8690625
45460.,3.8634375000
45461.,3.8784375
45462.,3.8581250000
45463.,3.8871875
45464.,3.8871875
45465.,3.8668750000
45466.,3.863125
45467.,3.833125
45468.,3.8628125
45469.,3.84375
45470.,3.834375
45471.,3.845625
45472.,3.831875
45473.,3.8537500000
45474.,3.8571875
45475.,3.831875
45476.,3.8340625
45477.,3.8346875000
45478.,3.85875
45479.,3.8459375000
45480.,3.875625
45481.,3.845625
45482.,3.8428125
45483.,3.8446875
45484.,3.82875
45485.,3.8584375
45486.,3.845625
45487.,3.8434375000
45488.,3.8434375000
45489.,3.8415625
45490.,3.8628125
45491.,3.8356250000
45492.,3.8646875
45493.,3.8584375
45494.,3.8459375000
45495.,3.8584375
45496.,3.8453125
45497.,3.8646875
45498.,3.8296875
45499.,3.840625
45500.,3.8521875
45501.,3.855
45502.,3.8665625
45503.,3.8725
45504.,3.8628125
45505.,3.840625
45506.,3.85625
45507.,3.8465625
45508.,3.881875
45509.,3.8740625
45510.,3.881875
45511.,3.84375
45512.,3.8371875
45513.,3.861875
45514.,3.8537500000
45515.,3.8421875
45516.,3.8668750000
45517.,3.85
45518.,3.8503125000
45519.,3.8646875
45520.,3.85
45521.,3.813125
45522.,3.8609375
45523.,3.844375
45524.,3.8396875
45525.,3.8890625
45526.,3.8815625000
45527.,3.851875
45528.,3.8796875
45529.,3.8540625
45530.,3.8725
45531.,3.8740625
45532.,3.8715625
45533.,3.8603125
45534.,3.881875
45535.,3.8565625
45536.,3.8475
45537.,3.8425000000
45538.,3.865625
45539.,3.8340625
45540.,3.841875
45541.,3.8590625000
45542.,3.836875
45543.,3.8559375
45544.,3.8409375
45545.,3.8265625
45546.,3.8434375000
45547.,3.8746875000
45548.,3.829375
45549.,3.84375
45550.,3.8381250000
45551.,3.8384375
45552.,3.8709375
45553.,3.87625
45554.,3.8615625000
45555.,3.8634375000
45556.,3.875625
45557.,3.86875
45558.,3.865
45559.,3.8590625000
45560.,3.828125
45561.,3.856875
45562.,3.84875
45563.,3.8390625000
45564.,3.8490625
45565.,3.8590625000
45566.,3.873125
45567.,3.84875
45568.,3.8378125
45569.,3.868125
45570.,3.8590625000
45571.,3.8575
45572.,3.8803125
45573.,3.8415625
45574.,3.8775
45575.,3.8340625
45576.,3.84625
45577.,3.88
45578.,3.8790625000
45579.,3.8825000000
45580.,3.861875
45581.,3.8865625
45582.,3.8546875000
45583.,3.8575
45584.,3.8621875
45585.,3.8540625
45586.,3.873125
45587.,3.89625
45588.,3.8778125
45589.,3.841875
45590.,3.865
45591.,3.864375
45592.,3.85875
45593.,3.8653125
45594.,3.8668750000
45595.,3.88
45596.,3.895625
45597.,3.8737500000
45598.,3.856875
45599.,3.8537500000
45600.,3.8809375
45601.,3.851875
45602.,3.8925
45603.,3.8703125000
45604.,3.87625
45605.,3.868125
45606.,3.850625
45607.,3.8553125
45608.,3.8803125
45609.,3.8515625
45610.,3.845
45611.,3.8640625
45612.,3.8478125000
45613.,3.873125
45614.,3.8540625
45615.,3.8659375000
45616.,3.8725
45617.,3.8734375
45618.,3.8665625
45619.,3.8446875
45620.,3.8509375
45621.,3.8409375
45622.,3.913125
45623.,3.848125
45624.,3.8784375
45625.,3.8653125
45626.,3.8559375
45627.,3.8609375
45628.,3.8946875000
45629.,3.8684375
45630.,3.8475
45631.,3.8575
45632.,3.8815625000
45633.,3.831875
45634.,3.8771875000
45635.,3.874375
45636.,3.8525
45637.,3.8684375
45638.,3.8556250000
45639.,3.839375
45640.,3.856875
45641.,3.845625
45642.,3.873125
45643.,3.835
45644.,3.865
45645.,3.8893750000
45646.,3.8665625
45647.,3.8646875
45648.,3.8540625
45649.,3.8528125
45650.,3.89625
45651.,3.8721875
45652.,3.8781250000
45653.,3.8484375
45654.,3.8490625
45655.,3.8546875000
45656.,3.828125
45657.,3.8115625
45658.,3.8384375
45659.,3.8375
45660.,3.843125
45661.,3.8271875
45662.,3.8240625
45663.,3.8415625
45664.,3.841875
45665.,3.8528125
45666.,3.8834375
45667.,3.8268750000
45668.,3.8490625
45669.,3.859375
45670.,3.8615625000
45671.,3.8690625
45672.,3.8615625000
45673.,3.8537500000
45674.,3.82375
45675.,3.8184375
45676.,3.8403125
45677.,3.8409375
45678.,3.8325
45679.,3.8156250000
45680.,3.8515625
45681.,3.845625
45682.,3.821875
45683.,3.8403125
45684.,3.8471875
45685.,3.870625
45686.,3.834375
45687.,3.8315625
45688.,3.8496875
45689.,3.8709375
45690.,3.8390625000
45691.,3.8390625000
45692.,3.8390625000
45693.,3.8246875
45694.,3.8165625
45695.,3.8121875000
45696.,3.8175
45697.,3.834375
45698.,3.8228125
45699.,3.82375
45700.,3.8159375
45701.,3.8259375
45702.,3.8275
45703.,3.82625
45704.,3.7990625000
45705.,3.8240625
45706.,3.8475
45707.,3.8390625000
45708.,3.81
45709.,3.8000000000
45710.,3.825625
45711.,3.8046875
45712.,3.8278125000
45713.,3.7834375000
45714.,3.8084375
45715.,3.801875
45716.,3.80375
45717.,3.7975
45718.,3.7709375
45719.,3.8046875
45720.,3.8112500000
45721.,3.7778125
45722.,3.7946875
45723.,3.8109375
45724.,3.8053125
45725.,3.7846875
45726.,3.7825
45727.,3.750625
45728.,3.796875
45729.,3.7684375
45730.,3.8346875000
45731.,3.801875
45732.,3.8371875
45733.,3.79875
45734.,3.798125
45735.,3.8196875
45736.,3.83875
45737.,3.7984375
45738.,3.816875
45739.,3.8034375000
45740.,3.81625
45741.,3.80875
45742.,3.8112500000
45743.,3.8075
45744.,3.8015625
45745.,3.8043750000
45746.,3.794375
45747.,3.8034375000
45748.,3.81875
45749.,3.821875
45750.,3.7996875
45751.,3.8115625
45752.,3.800625
45753.,3.8053125
45754.,3.7984375
45755.,3.7965625000
45756.,3.801875
45757.,3.803125
45758.,3.8328125
45759.,3.79875
45760.,3.853125
45761.,3.8371875
45762.,3.8228125
45763.,3.82625
45764.,3.8021875
45765.,3.8240625
45766.,3.7984375
45767.,3.811875
45768.,3.82875
45769.,3.825
45770.,3.81625
45771.,3.805625
45772.,3.8000000000
45773.,3.8296875
45774.,3.845
45775.,3.7990625000
45776.,3.770625
45777.,3.815
45778.,3.82625
45779.,3.823125
45780.,3.813125
45781.,3.7890625
45782.,3.80125
45783.,3.8334375
45784.,3.7946875
45785.,3.8078125000
45786.,3.793125
45787.,3.821875
45788.,3.79625
45789.,3.781875
45790.,3.795
45791.,3.818125
45792.,3.81375
45793.,3.8121875000
45794.,3.7925
45795.,3.7825
45796.,3.80375
45797.,3.8025
45798.,3.8000000000
45799.,3.7956250000
45800.,3.809375
45801.,3.7865625
45802.,3.774375
45803.,3.8075
45804.,3.7903125
45805.,3.819375
45806.,3.81375
45807.,3.818125
45808.,3.81375
45809.,3.796875
45810.,3.790625
45811.,3.8184375
45812.,3.8268750000
45813.,3.805625
45814.,3.8359375
45815.,3.8075
45816.,3.785
45817.,3.8115625
45818.,3.7978125
45819.,3.819375
45820.,3.8284375
45821.,3.8240625
45822.,3.8115625
45823.,3.8340625
45824.,3.828125
45825.,3.7925
45826.,3.8068750000
45827.,3.79
45828.,3.788125
45829.,3.8290625
45830.,3.833125
45831.,3.786875
45832.,3.8028125
45833.,3.818125
45834.,3.8071875
45835.,3.781875
45836.,3.7843750000
45837.,3.81
45838.,3.816875
45839.,3.80375
45840.,3.77375
45841.,3.8000000000
45842.,3.7975
45843.,3.7925
45844.,3.825
45845.,3.7996875
45846.,3.79625
45847.,3.803125
45848.,3.783125
45849.,3.7771875
45850.,3.785625
45851.,3.80625
45852.,3.7925
45853.,3.7921875000
45854.,3.7665625
45855.,3.7778125
45856.,3.7934375
45857.,3.8025
45858.,3.8046875
45859.,3.7896875
45860.,3.8084375
45861.,3.79375
45862.,3.791875
45863.,3.8046875
45864.,3.8112500000
45865.,3.819375
45866.,3.786875
45867.,3.8043750000
45868.,3.8225000000
45869.,3.810625
45870.,3.8046875
45871.,3.78125
45872.,3.803125
45873.,3.8043750000
45874.,3.80125
45875.,3.8125
45876.,3.813125
45877.,3.8090625
45878.,3.7840625
45879.,3.78375
45880.,3.8103125
45881.,3.8043750000
45882.,3.7800000000
45883.,3.8268750000
45884.,3.8184375
45885.,3.80375
45886.,3.8140625
45887.,3.7990625000
45888.,3.7940625
45889.,3.81375
45890.,3.7800000000
45891.,3.779375
45892.,3.8021875
45893.,3.7884375
45894.,3.7890625
45895.,3.79625
45896.,3.7784375
45897.,3.7790625
45898.,3.7956250000
45899.,3.771875
45900.,3.7728125
45901.,3.7934375
45902.,3.8000000000
45903.,3.7646875
45904.,3.749375
45905.,3.76375
45906.,3.7934375
45907.,3.80125
45908.,3.7746875
45909.,3.8034375000
45910.,3.8046875
45911.,3.8156250000
45912.,3.8046875
45913.,3.808125
45914.,3.81625
45915.,3.8065625
45916.,3.7975
45917.,3.805
45918.,3.8268750000
45919.,3.8615625000
45920.,3.8115625
45921.,3.794375
45922.,3.82125
45923.,3.828125
45924.,3.8096875
45925.,3.8146875000
45926.,3.8059375
45927.,3.8146875000
45928.,3.8478125000
45929.,3.823125
45930.,3.8271875
45931.,3.8390625000
45932.,3.8581250000
45933.,3.805
45934.,3.798125
45935.,3.8434375000
45936.,3.819375
45937.,3.8359375
45938.,3.839375
45939.,3.834375
45940.,3.8596875
45941.,3.821875
45942.,3.8425000000
45943.,3.82625
45944.,3.8346875000
45945.,3.80625
45946.,3.8028125
45947.,3.816875
45948.,3.7912500000
45949.,3.821875
45950.,3.8200000000
45951.,3.8268750000
45952.,3.8075
45953.,3.8071875
45954.,3.783125
45955.,3.7753125
45956.,3.8140625
45957.,3.813125
45958.,3.8025
45959.,3.830625
45960.,3.81875
45961.,3.824375
45962.,3.7828125
45963.,3.821875
45964.,3.79875
45965.,3.8146875000
45966.,3.8128125
45967.,3.8221875
45968.,3.8090625
45969.,3.8346875000
45970.,3.79875
45971.,3.8000000000
45972.,3.831875
45973.,3.8040625
45974.,3.833125
45975.,3.800625
45976.,3.82625
45977.,3.808125
45978.,3.8153125
45979.,3.7996875
45980.,3.8290625
45981.,3.825625
45982.,3.8240625
45983.,3.825
45984.,3.8053125
45985.,3.8225000000
45986.,3.7975
45987.,3.8225000000
45988.,3.81375
45989.,3.79375
45990.,3.815
45991.,3.7996875
45992.,3.8134375
45993.,3.8296875
45994.,3.800625
45995.,3.8290625
45996.,3.8043750000
45997.,3.8196875
45998.,3.818125
45999.,3.8465625
46000.,3.81375
46001.,3.813125
46002.,3.8071875
46003.,3.8156250000
46004.,3.8025
46005.,3.775
46006.,3.788125
46007.,3.8296875
46008.,3.818125
46009.,3.8253125
46010.,3.813125
46011.,3.82125
46012.,3.8203125
46013.,3.8109375
46014.,3.789375
46015.,3.830625
46016.,3.796875
46017.,3.805625
46018.,3.794375
46019.,3.7815625
46020.,3.81625
46021.,3.783125
46022.,3.7865625
46023.,3.8043750000
46024.,3.7840625
46025.,3.8015625
46026.,3.783125
46027.,3.8025
46028.,3.79375
46029.,3.83
46030.,3.815
46031.,3.801875
46032.,3.8068750000
46033.,3.795
46034.,3.825625
46035.,3.84375
46036.,3.7909375
46037.,3.835
46038.,3.7925
46039.,3.7828125
46040.,3.8046875
46041.,3.8471875
46042.,3.8268750000
46043.,3.830625
46044.,3.836875
46045.,3.8134375
46046.,3.8340625
46047.,3.8178125
46048.,3.8078125000
46049.,3.83625
46050.,3.8240625
46051.,3.818125
46052.,3.8043750000
46053.,3.85
46054.,3.8240625
46055.,3.8496875
46056.,3.8215625
46057.,3.8175
46058.,3.805
46059.,3.840625
46060.,3.8453125
46061.,3.7959375
46062.,3.789375
46063.,3.809375
46064.,3.7756250000
46065.,3.7828125
46066.,3.8071875
46067.,3.7990625000
46068.,3.8121875000
46069.,3.7996875
46070.,3.8103125
46071.,3.8171875
46072.,3.81
46073.,3.7975
46074.,3.7990625000
46075.,3.79625
46076.,3.8415625
46077.,3.824375
46078.,3.7978125
46079.,3.83
46080.,3.81625
46081.,3.8378125
46082.,3.8171875
46083.,3.850625
46084.,3.80375
46085.,3.82875
46086.,3.805625
46087.,3.803125
46088.,3.8109375
46089.,3.8278125000
46090.,3.8403125
46091.,3.833125
46092.,3.8284375
46093.,3.861875
46094.,3.850625
46095.,3.83
46096.,3.8334375
46097.,3.84625
46098.,3.85
46099.,3.8384375
46100.,3.8521875
46101.,3.8578125
46102.,3.85875
46103.,3.83625
46104.,3.8571875
46105.,3.86125
46106.,3.8478125000
46107.,3.8446875
46108.,3.8559375
46109.,3.8575
46110.,3.850625
46111.,3.8521875
46112.,3.831875
46113.,3.8275
46114.,3.8321875
46115.,3.834375
46116.,3.8353125
46117.,3.8484375
46118.,3.8490625
46119.,3.85625
46120.,3.8334375
46121.,3.8546875000
46122.,3.856875
46123.,3.8396875
46124.,3.829375
46125.,3.8353125
46126.,3.8678125
46127.,3.849375
46128.,3.8559375
46129.,3.830625
46130.,3.849375
46131.,3.839375
46132.,3.8334375
46133.,3.8559375
46134.,3.8296875
46135.,3.8478125000
46136.,3.8359375
46137.,3.8546875000
46138.,3.8384375
46139.,3.825
46140.,3.8468750000
46141.,3.840625
46142.,3.81625
46143.,3.8200000000
46144.,3.8296875
46145.,3.84625
46146.,3.8125
46147.,3.825
46148.,3.8515625
46149.,3.8496875
46150.,3.8340625
46151.,3.83
46152.,3.845
46153.,3.8446875
46154.,3.85625
46155.,3.8534375
46156.,3.850625
46157.,3.8759375
46158.,3.86125
46159.,3.799375
46160.,3.8693750000
46161.,3.835
46162.,3.864375
46163.,3.8403125
46164.,3.8340625
46165.,3.8253125
46166.,3.8590625000
46167.,3.8659375000
46168.,3.84375
46169.,3.835
46170.,3.843125
46171.,3.8537500000
46172.,3.8200000000
46173.,3.845625
46174.,3.836875
46175.,3.83625
46176.,3.819375
46177.,3.844375
46178.,3.8321875
46179.,3.8356250000
46180.,3.8384375
46181.,3.8175
46182.,3.8034375000
46183.,3.81625
46184.,3.8096875
46185.,3.81375
46186.,3.795
46187.,3.7978125
46188.,3.80125
46189.,3.8240625
46190.,3.788125
46191.,3.80375
46192.,3.8103125
46193.,3.80375
46194.,3.805625
46195.,3.805
46196.,3.800625
46197.,3.801875
46198.,3.7956250000
46199.,3.80375
46200.,3.7971875
46201.,3.8321875
46202.,3.8071875
46203.,3.79625
46204.,3.81375
46205.,3.80625
46206.,3.815
46207.,3.8025
46208.,3.7946875
46209.,3.7996875
46210.,3.7903125
46211.,3.8228125
46212.,3.7825
46213.,3.7940625
46214.,3.8290625
46215.,3.814375
46216.,3.7956250000
46217.,3.8040625
46218.,3.808125
46219.,3.7734375
46220.,3.7728125
46221.,3.824375
46222.,3.80875
46223.,3.7909375
46224.,3.8275
46225.,3.8140625
46226.,3.8259375
46227.,3.8084375
46228.,3.8209375
46229.,3.759375
46230.,3.8353125
46231.,3.811875
46232.,3.82375
46233.,3.7912500000
46234.,3.8471875
46235.,3.8278125000
46236.,3.8121875000
46237.,3.80375
46238.,3.8128125
46239.,3.84
46240.,3.8112500000
46241.,3.776875
46242.,3.77875
46243.,3.789375
46244.,3.805625
46245.,3.7928125
46246.,3.790625
46247.,3.82125
46248.,3.8084375
46249.,3.8009375
46250.,3.833125
46251.,3.8203125
46252.,3.820625
46253.,3.7978125
46254.,3.81875
46255.,3.8046875
46256.,3.8421875
46257.,3.8209375
46258.,3.8375
46259.,3.8200000000
46260.,3.84125
46261.,3.8440625
46262.,3.8071875
46263.,3.8521875
46264.,3.821875
46265.,3.819375
46266.,3.8475
46267.,3.8121875000
46268.,3.79
46269.,3.8312500000
46270.,3.8028125
46271.,3.8375
46272.,3.8234375000
46273.,3.8071875
46274.,3.8068750000
46275.,3.8275
46276.,3.82375
46277.,3.828125
46278.,3.789375
46279.,3.8200000000
46280.,3.8378125
46281.,3.8203125
46282.,3.8221875
46283.,3.831875
46284.,3.8378125
46285.,3.8446875
46286.,3.8096875
46287.,3.8134375
46288.,3.8125
46289.,3.8021875
46290.,3.840625
46291.,3.8284375
46292.,3.83375
46293.,3.8234375000
46294.,3.81875
46295.,3.8640625
46296.,3.8084375
46297.,3.82375
46298.,3.8146875000
46299.,3.80875
46300.,3.8356250000
46301.,3.791875
46302.,3.8156250000
46303.,3.830625
46304.,3.8359375
46305.,3.798125
46306.,3.77875
46307.,3.8128125
46308.,3.81
46309.,3.80125
46310.,3.7956250000
46311.,3.7956250000
46312.,3.8165625
46313.,3.8043750000
46314.,3.771875
46315.,3.8112500000
46316.,3.8171875
46317.,3.800625
46318.,3.799375
46319.,3.8046875
46320.,3.81875
46321.,3.7984375
46322.,3.823125
46323.,3.8078125000
46324.,3.8528125
46325.,3.855
46326.,3.8271875
46327.,3.824375
46328.,3.8275
46329.,3.8290625
46330.,3.816875
46331.,3.8312500000
46332.,3.820625
46333.,3.8065625
46334.,3.7953125
46335.,3.8203125
46336.,3.810625
46337.,3.8159375
46338.,3.81625
46339.,3.8090625
46340.,3.79875
46341.,3.8075
46342.,3.7965625000
46343.,3.818125
46344.,3.8040625
46345.,3.7765625000
46346.,3.8068750000
46347.,3.836875
46348.,3.79875
46349.,3.8096875
46350.,3.8053125
46351.,3.8190625000
46352.,3.774375
46353.,3.8090625
46354.,3.7975
46355.,3.8043750000
46356.,3.808125
46357.,3.783125
46358.,3.765625
46359.,3.7921875000
46360.,3.7687500000
46361.,3.763125
46362.,3.80125
46363.,3.769375
46364.,3.7875
46365.,3.768125
46366.,3.778125
46367.,3.783125
46368.,3.7865625
46369.,3.7775
46370.,3.7628125
46371.,3.8071875
46372.,3.79625
46373.,3.7778125
46374.,3.7921875000
46375.,3.7859375
46376.,3.759375
46377.,3.770625
46378.,3.7756250000
46379.,3.7896875
46380.,3.7865625
46381.,3.795
46382.,3.7800000000
46383.,3.76125
46384.,3.81375
46385.,3.799375
46386.,3.80125
46387.,3.7912500000
46388.,3.79
46389.,3.8000000000
46390.,3.7703125
46391.,3.765
46392.,3.7840625
46393.,3.7853125
46394.,3.7690625
46395.,3.766875
46396.,3.76625
46397.,3.7675
46398.,3.7865625
46399.,3.776875
46400.,3.7796875
46401.,3.7759375
46402.,3.8059375
46403.,3.7912500000
46404.,3.785625
46405.,3.7687500000
46406.,3.76625
46407.,3.7684375
46408.,3.8000000000
46409.,3.79875
46410.,3.8090625
46411.,3.8153125
46412.,3.7665625
46413.,3.7731250000
46414.,3.7646875
46415.,3.800625
46416.,3.7728125
46417.,3.768125
46418.,3.78375
46419.,3.8153125
46420.,3.7909375
46421.,3.7771875
46422.,3.780625
46423.,3.795
46424.,3.80125
46425.,3.7734375
46426.,3.796875
46427.,3.8115625
46428.,3.7884375
46429.,3.799375
46430.,3.7784375
46431.,3.7946875
46432.,3.8059375
46433.,3.7965625000
46434.,3.7859375
46435.,3.7984375
46436.,3.7896875
46437.,3.7809375000
46438.,3.788125
46439.,3.8025
46440.,3.7828125
46441.,3.77125
46442.,3.765625
46443.,3.7978125
46444.,3.805625
46445.,3.80875
46446.,3.788125
46447.,3.8146875000
46448.,3.796875
46449.,3.7978125
46450.,3.8015625
46451.,3.79375
46452.,3.8365625
46453.,3.8115625
46454.,3.7796875
46455.,3.7740625
46456.,3.8196875
46457.,3.7956250000
46458.,3.7728125
46459.,3.7678125000
46460.,3.78125
46461.,3.8071875
46462.,3.796875
46463.,3.7878125000
46464.,3.7834375000
46465.,3.78375
46466.,3.8078125000
46467.,3.80875
46468.,3.79875
46469.,3.8184375
46470.,3.8078125000
46471.,3.814375
46472.,3.8103125
46473.,3.77625
46474.,3.79625
46475.,3.7756250000
46476.,3.801875
46477.,3.7853125
46478.,3.8000000000
46479.,3.8021875
46480.,3.7915625
46481.,3.8128125
46482.,3.799375
46483.,3.800625
46484.,3.8356250000
46485.,3.8290625
46486.,3.836875
46487.,3.8125
46488.,3.7890625
46489.,3.7959375
46490.,3.808125
46491.,3.7687500000
46492.,3.755
46493.,3.8015625
46494.,3.8103125
46495.,3.80875
46496.,3.8090625
46497.,3.798125
46498.,3.7853125
46499.,3.79875
46500.,3.7853125
46501.,3.8146875000
46502.,3.8215625
46503.,3.8303125000
46504.,3.8134375
46505.,3.818125
46506.,3.82875
46507.,3.821875
46508.,3.8228125
46509.,3.785
46510.,3.8000000000
46511.,3.7978125
46512.,3.7959375
46513.,3.8165625
46514.,3.8321875
46515.,3.8503125000
46516.,3.8221875
46517.,3.813125
46518.,3.835
46519.,3.8459375000
46520.,3.8396875
46521.,3.819375
46522.,3.825
46523.,3.8156250000
46524.,3.8296875
46525.,3.8171875
46526.,3.798125
46527.,3.8078125000
46528.,3.8284375
46529.,3.8028125
46530.,3.7878125000
46531.,3.8259375
46532.,3.8271875
46533.,3.8356250000
46534.,3.8146875000
46535.,3.8265625
46536.,3.8240625
46537.,3.821875
46538.,3.8015625
46539.,3.82375
46540.,3.801875
46541.,3.8000000000
46542.,3.8000000000
46543.,3.8003125
46544.,3.7965625000
46545.,3.82375
46546.,3.8034375000
46547.,3.7884375
46548.,3.8268750000
46549.,3.8140625
46550.,3.80125
46551.,3.80125
46552.,3.7865625
46553.,3.8109375
46554.,3.8246875
46555.,3.790625
46556.,3.8015625
46557.,3.8021875
46558.,3.813125
46559.,3.8084375
46560.,3.8103125
46561.,3.8053125
46562.,3.845
46563.,3.8312500000
46564.,3.818125
46565.,3.8065625
46566.,3.8203125
46567.,3.841875
46568.,3.8246875
46569.,3.8156250000
46570.,3.8000000000
46571.,3.8134375
46572.,3.798125
46573.,3.833125
46574.,3.8059375
46575.,3.8140625
46576.,3.80875
46577.,3.7609375000
46578.,3.805
46579.,3.8115625
46580.,3.7703125
46581.,3.7784375
46582.,3.77625
46583.,3.7996875
46584.,3.795
46585.,3.7828125
46586.,3.8015625
46587.,3.795
46588.,3.7965625000
46589.,3.8134375
46590.,3.7821875
46591.,3.8103125
46592.,3.8112500000
46593.,3.8156250000
46594.,3.78625
46595.,3.8328125
46596.,3.8068750000
46597.,3.7815625
46598.,3.7828125
46599.,3.7715625
46600.,3.7725
46601.,3.7965625000
46602.,3.78125
46603.,3.785625
46604.,3.768125
46605.,3.79375
46606.,3.7903125
46607.,3.7859375
46608.,3.796875
46609.,3.7878125000
46610.,3.7934375
46611.,3.79625
46612.,3.7984375
46613.,3.8228125
46614.,3.7971875
46615.,3.79375
46616.,3.7715625
46617.,3.7946875
46618.,3.8043750000
46619.,3.8125
46620.,3.8090625
46621.,3.82375
46622.,3.85
46623.,3.7759375
46624.,3.8065625
46625.,3.8046875
46626.,3.7953125
46627.,3.7756250000
46628.,3.783125
46629.,3.7800000000
46630.,3.81375
46631.,3.7721875000
46632.,3.8125
46633.,3.7946875
46634.,3.780625
46635.,3.755625
46636.,3.7903125
46637.,3.786875
46638.,3.785
46639.,3.7846875
46640.,3.790625
46641.,3.783125
46642.,3.830625
46643.,3.8190625000
46644.,3.8228125
46645.,3.8009375
46646.,3.803125
46647.,3.8159375
46648.,3.815
46649.,3.8043750000
46650.,3.790625
46651.,3.7915625
46652.,3.768125
46653.,3.7925
46654.,3.7921875000
46655.,3.8075
46656.,3.795
46657.,3.7846875
46658.,3.795
46659.,3.8175
46660.,3.771875
46661.,3.8000000000
46662.,3.781875
46663.,3.8225000000
46664.,3.78375
46665.,3.788125
46666.,3.7871875
46667.,3.805
46668.,3.7815625
46669.,3.7971875
46670.,3.8053125
46671.,3.7984375
46672.,3.8065625
46673.,3.7887500000
46674.,3.7740625
46675.,3.8090625
46676.,3.8175
46677.,3.7946875
46678.,3.814375
46679.,3.8209375
46680.,3.848125
46681.,3.8084375
46682.,3.7912500000
46683.,3.8271875
46684.,3.81875
46685.,3.8390625000
46686.,3.8115625
46687.,3.811875
46688.,3.8334375
46689.,3.8253125
46690.,3.8190625000
46691.,3.8196875
46692.,3.8303125000
46693.,3.82875
46694.,3.81
46695.,3.83
46696.,3.84
46697.,3.814375
46698.,3.8034375000
46699.,3.7996875
46700.,3.8209375
46701.,3.7896875
46702.,3.8078125000
46703.,3.7756250000
46704.,3.7565625000
46705.,3.78625
46706.,3.8121875000
46707.,3.7875
46708.,3.7734375
46709.,3.796875
46710.,3.8175
46711.,3.793125
46712.,3.7759375
46713.,3.7996875
46714.,3.7784375
46715.,3.77375
46716.,3.781875
46717.,3.795
46718.,3.8090625
46719.,3.796875
46720.,3.756875
46721.,3.7771875
46722.,3.8009375
46723.,3.8068750000
46724.,3.7715625
46725.,3.7634375
46726.,3.7815625
46727.,3.79
46728.,3.7687500000
46729.,3.77875
46730.,3.76375
46731.,3.783125
46732.,3.7784375
46733.,3.759375
46734.,3.7815625
46735.,3.765
46736.,3.7659375
46737.,3.7915625
46738.,3.754375
46739.,3.790625
46740.,3.7740625
46741.,3.76125
46742.,3.7809375000
46743.,3.7796875
46744.,3.7771875
46745.,3.7671875
46746.,3.7615625
46747.,3.780625
46748.,3.763125
46749.,3.789375
46750.,3.801875
46751.,3.7896875
46752.,3.77875
46753.,3.7912500000
46754.,3.7490625
46755.,3.7756250000
46756.,3.7896875
46757.,3.769375
46758.,3.8109375
46759.,3.7725
46760.,3.783125
46761.,3.7728125
46762.,3.76625
46763.,3.75625
46764.,3.7515625
46765.,3.7678125000
46766.,3.7459375
46767.,3.7731250000
46768.,3.7821875
46769.,3.7796875
46770.,3.8040625
46771.,3.743125
46772.,3.7359375
46773.,3.7878125000
46774.,3.76375
46775.,3.77
46776.,3.7590625
46777.,3.8046875
46778.,3.7778125
46779.,3.791875
46780.,3.76125
46781.,3.7475
46782.,3.7659375
46783.,3.7678125000
46784.,3.794375
46785.,3.7809375000
46786.,3.7825
46787.,3.7890625
46788.,3.780625
46789.,3.7903125
46790.,3.8084375
46791.,3.795
46792.,3.7809375000
46793.,3.796875
46794.,3.7725
46795.,3.7928125
46796.,3.7603125
46797.,3.7903125
46798.,3.7887500000
46799.,3.8078125000
46800.,3.83
46801.,3.793125
46802.,3.7565625000
46803.,3.755625
46804.,3.7990625000
46805.,3.7915625
46806.,3.803125
46807.,3.79625
46808.,3.8209375
46809.,3.7965625000
46810.,3.8000000000
46811.,3.800625
46812.,3.819375
46813.,3.830625
46814.,3.805625
46815.,3.8340625
46816.,3.8190625000
46817.,3.8328125
46818.,3.8328125
46819.,3.818125
46820.,3.8165625
46821.,3.8221875
46822.,3.8200000000
46823.,3.8156250000
46824.,3.8078125000
46825.,3.8165625
46826.,3.805625
46827.,3.7809375000
46828.,3.8028125
46829.,3.7934375
46830.,3.8165625
46831.,3.798125
46832.,3.795
46833.,3.7859375
46834.,3.78625
46835.,3.795
46836.,3.813125
46837.,3.8053125
46838.,3.7953125
46839.,3.80875
46840.,3.8115625
46841.,3.8121875000
46842.,3.80625
46843.,3.80625
46844.,3.794375
46845.,3.808125
46846.,3.810625
46847.,3.8112500000
46848.,3.7996875
46849.,3.8028125
46850.,3.816875
46851.,3.8178125
46852.,3.7984375
46853.,3.8103125
46854.,3.7878125000
46855.,3.8215625
46856.,3.8171875
46857.,3.821875
46858.,3.8115625
46859.,3.785625
46860.,3.808125
46861.,3.80625
46862.,3.82375
46863.,3.8421875
46864.,3.8112500000
46865.,3.790625
46866.,3.81375
46867.,3.819375
46868.,3.8115625
46869.,3.81875
46870.,3.80625
46871.,3.8034375000
46872.,3.8275
46873.,3.8156250000
46874.,3.8112500000
46875.,3.829375
46876.,3.8190625000
46877.,3.8040625
46878.,3.8134375
46879.,3.793125
46880.,3.7965625000
46881.,3.810625
46882.,3.8075
46883.,3.786875
46884.,3.80375
46885.,3.7978125
46886.,3.7940625
46887.,3.7956250000
46888.,3.8112500000
46889.,3.7887500000
46890.,3.8165625
46891.,3.8034375000
46892.,3.7853125
46893.,3.7843750000
46894.,3.771875
46895.,3.7634375
46896.,3.791875
46897.,3.8209375
46898.,3.8046875
46899.,3.8225000000
46900.,3.815
46901.,3.8078125000
46902.,3.790625
46903.,3.805625
46904.,3.8165625
46905.,3.8253125
46906.,3.7912500000
46907.,3.8215625
46908.,3.816875
46909.,3.7721875000
46910.,3.7975
46911.,3.7746875
46912.,3.7978125
46913.,3.8025
46914.,3.813125
46915.,3.8184375
46916.,3.8003125
46917.,3.8171875
46918.,3.8240625
46919.,3.80875
46920.,3.814375
46921.,3.8028125
46922.,3.8084375
46923.,3.7871875
46924.,3.7934375
46925.,3.805
46926.,3.8000000000
46927.,3.8084375
46928.,3.7971875
46929.,3.7896875
46930.,3.788125
46931.,3.8015625
46932.,3.808125
46933.,3.801875
46934.,3.7921875000
46935.,3.8003125
46936.,3.7975
46937.,3.801875
46938.,3.83375
46939.,3.7996875
46940.,3.80375
46941.,3.8040625
46942.,3.8015625
46943.,3.8034375000
46944.,3.8075
46945.,3.80125
46946.,3.7953125
46947.,3.8040625
46948.,3.80375
46949.,3.8003125
46950.,3.8190625000
46951.,3.831875
46952.,3.8078125000
46953.,3.8315625
46954.,3.80875
46955.,3.7896875
46956.,3.7996875
46957.,3.791875
46958.,3.7671875
46959.,3.7946875
46960.,3.8109375
46961.,3.785625
46962.,3.796875
46963.,3.800625
46964.,3.816875
46965.,3.8096875
46966.,3.8246875
46967.,3.8134375
46968.,3.840625
46969.,3.7934375
46970.,3.7996875
46971.,3.788125
46972.,3.8140625
46973.,3.7940625
46974.,3.8046875
46975.,3.80125
46976.,3.7809375000
46977.,3.7928125
46978.,3.7628125
46979.,3.803125
46980.,3.8381250000
46981.,3.8140625
46982.,3.816875
46983.,3.785625
46984.,3.8265625
46985.,3.8040625
46986.,3.7896875
46987.,3.818125
46988.,3.789375
46989.,3.813125
46990.,3.7846875
46991.,3.7912500000
46992.,3.8203125
46993.,3.80375
46994.,3.7909375
46995.,3.7846875
46996.,3.7921875000
46997.,3.805625
46998.,3.81
46999.,3.7853125
47000.,3.80875
47001.,3.83
47002.,3.8071875
47003.,3.7734375
47004.,3.8046875
47005.,3.8128125
47006.,3.8071875
47007.,3.8046875
47008.,3.8225000000
47009.,3.794375
47010.,3.8103125
47011.,3.811875
47012.,3.8381250000
47013.,3.7978125
47014.,3.808125
47015.,3.796875
47016.,3.8065625
47017.,3.793125
47018.,3.8165625
47019.,3.8203125
47020.,3.81
47021.,3.8003125
47022.,3.831875
47023.,3.81375
47024.,3.7996875
47025.,3.8071875
47026.,3.8096875
47027.,3.8146875000
47028.,3.8353125
47029.,3.815
47030.,3.8234375000
47031.,3.8043750000
47032.,3.8328125
47033.,3.7990625000
47034.,3.7925
47035.,3.8425000000
47036.,3.8015625
47037.,3.82375
47038.,3.8184375
47039.,3.8246875
47040.,3.810625
47041.,3.814375
47042.,3.7865625
47043.,3.8059375
47044.,3.81625
47045.,3.7946875
47046.,3.789375
47047.,3.8121875000
47048.,3.813125
47049.,3.7996875
47050.,3.809375
47051.,3.796875
47052.,3.7903125
47053.,3.805
47054.,3.7953125
47055.,3.801875
47056.,3.8103125
47057.,3.7978125
47058.,3.766875
47059.,3.8112500000
47060.,3.8278125000
47061.,3.7928125
47062.,3.8003125
47063.,3.8178125
47064.,3.7990625000
47065.,3.8103125
47066.,3.8134375
47067.,3.81625
47068.,3.7956250000
47069.,3.80375
47070.,3.8156250000
47071.,3.7978125
47072.,3.8321875
47073.,3.8165625
47074.,3.8115625
47075.,3.774375
47076.,3.7875
47077.,3.7956250000
47078.,3.77
47079.,3.7828125
47080.,3.7865625
47081.,3.8043750000
47082.,3.8096875
47083.,3.7884375
47084.,3.7903125
47085.,3.7940625
47086.,3.800625
47087.,3.77
47088.,3.8009375
47089.,3.7975
47090.,3.80125
47091.,3.78625
47092.,3.7915625
47093.,3.814375
47094.,3.79625
47095.,3.825
47096.,3.8171875
47097.,3.7971875
47098.,3.8053125
47099.,3.825625
47100.,3.8196875
47101.,3.81625
47102.,3.7940625
47103.,3.82125
47104.,3.7912500000
47105.,3.816875
47106.,3.7956250000
47107.,3.7959375
47108.,3.8078125000
47109.,3.7659375
47110.,3.8190625000
47111.,3.8209375
47112.,3.7959375
47113.,3.80625
47114.,3.7809375000
47115.,3.7828125
47116.,3.8115625
47117.,3.7909375
47118.,3.7843750000
47119.,3.7953125
47120.,3.8068750000
47121.,3.7890625
47122.,3.78375
47123.,3.803125
47124.,3.8103125
47125.,3.7978125
47126.,3.825625
47127.,3.80875
47128.,3.823125
47129.,3.7503125
47130.,3.8059375
47131.,3.7965625000
47132.,3.809375
47133.,3.8046875
47134.,3.7871875
47135.,3.8246875
47136.,3.8315625
47137.,3.7909375
47138.,3.8275
47139.,3.796875
47140.,3.8359375
47141.,3.8109375
47142.,3.7828125
47143.,3.8234375000
47144.,3.8071875
47145.,3.820625
47146.,3.7921875000
47147.,3.7940625
47148.,3.8196875
47149.,3.8203125
47150.,3.81375
47151.,3.8178125
47152.,3.8184375
47153.,3.7890625
47154.,3.7912500000
47155.,3.7990625000
47156.,3.805625
47157.,3.823125
47158.,3.82375
47159.,3.803125
47160.,3.7887500000
47161.,3.8159375
47162.,3.7740625
47163.,3.8071875
47164.,3.816875
47165.,3.790625
47166.,3.793125
47167.,3.7921875000
47168.,3.80125
47169.,3.825
47170.,3.8090625
47171.,3.7928125
47172.,3.8112500000
47173.,3.8159375
47174.,3.8065625
47175.,3.824375
47176.,3.825625
47177.,3.8084375
47178.,3.833125
47179.,3.81
47180.,3.790625
47181.,3.7959375
47182.,3.8146875000
47183.,3.81
47184.,3.7887500000
47185.,3.8078125000
47186.,3.811875
47187.,3.77625
47188.,3.8134375
47189.,3.8040625
47190.,3.8225000000
47191.,3.8121875000
47192.,3.8059375
47193.,3.8309375
47194.,3.813125
47195.,3.8015625
47196.,3.79625
47197.,3.814375
47198.,3.78625
47199.,3.8003125
47200.,3.8259375
47201.,3.819375
47202.,3.803125
47203.,3.8140625
47204.,3.844375
47205.,3.841875
47206.,3.8125
47207.,3.7975
47208.,3.816875
47209.,3.7971875
47210.,3.7978125
47211.,3.7953125
47212.,3.80375
47213.,3.79875
47214.,3.8209375
47215.,3.79625
47216.,3.8271875
47217.,3.8196875
47218.,3.7978125
47219.,3.8153125
47220.,3.8175
47221.,3.8003125
47222.,3.8003125
47223.,3.7990625000
47224.,3.7928125
47225.,3.7796875
47226.,3.774375
47227.,3.7778125
47228.,3.7834375000
47229.,3.8200000000
47230.,3.80125
47231.,3.8200000000
47232.,3.8171875
47233.,3.8128125
47234.,3.79875
47235.,3.77125
47236.,3.801875
47237.,3.8209375
47238.,3.7871875
47239.,3.7684375
47240.,3.8075
47241.,3.7771875
47242.,3.754375
47243.,3.7790625
47244.,3.79375
47245.,3.816875
47246.,3.7925
47247.,3.79875
47248.,3.7784375
47249.,3.7684375
47250.,3.7690625
47251.,3.810625
47252.,3.7678125000
47253.,3.8034375000
47254.,3.7703125
47255.,3.8121875000
47256.,3.7840625
47257.,3.78125
47258.,3.7690625
47259.,3.775
47260.,3.79375
47261.,3.8000000000
47262.,3.80125
47263.,3.7990625000
47264.,3.7603125
47265.,3.7825
47266.,3.7784375
47267.,3.7909375
47268.,3.7896875
47269.,3.8125
47270.,3.8303125000
47271.,3.8025
47272.,3.8175
47273.,3.824375
47274.,3.8009375
47275.,3.7821875
47276.,3.8040625
47277.,3.794375
47278.,3.825
47279.,3.7721875000
47280.,3.7953125
47281.,3.7925
47282.,3.7731250000
47283.,3.81875
47284.,3.7903125
47285.,3.7734375
47286.,3.7703125
47287.,3.8003125
47288.,3.7684375
47289.,3.76375
47290.,3.7796875
47291.,3.7896875
47292.,3.7934375
47293.,3.78625
47294.,3.7615625
47295.,3.7753125
47296.,3.7871875
47297.,3.7696875
47298.,3.7571875
47299.,3.77375
47300.,3.77
47301.,3.7653125000
47302.,3.7496875000
47303.,3.7746875
47304.,3.7865625
47305.,3.77125
47306.,3.7671875
47307.,3.7875
47308.,3.7590625
47309.,3.7703125
47310.,3.7528125
47311.,3.76625
47312.,3.78125
47313.,3.7978125
47314.,3.7753125
47315.,3.796875
47316.,3.7734375
47317.,3.8000000000
47318.,3.7759375
47319.,3.76625
47320.,3.7731250000
47321.,3.783125
47322.,3.7684375
47323.,3.76375
47324.,3.7778125
47325.,3.7928125
47326.,3.76375
47327.,3.7796875
47328.,3.7756250000
47329.,3.83875
47330.,3.80125
47331.,3.7965625000
47332.,3.80125
47333.,3.7909375
47334.,3.8159375
47335.,3.7978125
47336.,3.7728125
47337.,3.7971875
47338.,3.813125
47339.,3.8034375000
47340.,3.7859375
47341.,3.7796875
47342.,3.80375
47343.,3.7984375
47344.,3.7925
47345.,3.811875
47346.,3.8171875
47347.,3.820625
47348.,3.8009375
47349.,3.8203125
47350.,3.7934375
47351.,3.8428125
47352.,3.809375
47353.,3.7971875
47354.,3.828125
47355.,3.8059375
47356.,3.82375
47357.,3.8021875
47358.,3.816875
47359.,3.820625
47360.,3.79375
47361.,3.803125
47362.,3.8159375
47363.,3.8315625
47364.,3.8396875
47365.,3.809375
47366.,3.821875
47367.,3.7975
47368.,3.816875
47369.,3.8043750000
47370.,3.80625
47371.,3.813125
47372.,3.8253125
47373.,3.8396875
47374.,3.814375
47375.,3.8096875
47376.,3.8128125
47377.,3.8409375
47378.,3.823125
47379.,3.8000000000
47380.,3.8115625
47381.,3.8078125000
47382.,3.8003125
47383.,3.8003125
47384.,3.8565625
47385.,3.8275
47386.,3.8290625
47387.,3.84125
47388.,3.8246875
47389.,3.8090625
47390.,3.8059375
47391.,3.8200000000
47392.,3.801875
47393.,3.8140625
47394.,3.8378125
47395.,3.7871875
47396.,3.7928125
47397.,3.8159375
47398.,3.8159375
47399.,3.818125
47400.,3.8221875
47401.,3.8253125
47402.,3.789375
47403.,3.823125
47404.,3.8053125
47405.,3.801875
47406.,3.7996875
47407.,3.8046875
47408.,3.80875
47409.,3.81625
47410.,3.7990625000
47411.,3.8253125
47412.,3.8071875
47413.,3.791875
47414.,3.8025
47415.,3.7909375
47416.,3.79
47417.,3.8021875
47418.,3.7887500000
47419.,3.8209375
47420.,3.7996875
47421.,3.7690625
47422.,3.7915625
47423.,3.7915625
47424.,3.7843750000
47425.,3.7834375000
47426.,3.783125
47427.,3.7784375
47428.,3.7875
47429.,3.7634375
47430.,3.7884375
47431.,3.8034375000
47432.,3.80125
47433.,3.7621875
47434.,3.7771875
47435.,3.8009375
47436.,3.8084375
47437.,3.7925
47438.,3.7978125
47439.,3.78125
47440.,3.779375
47441.,3.7640625
47442.,3.7971875
47443.,3.7928125
47444.,3.8084375
47445.,3.7984375
47446.,3.79875
47447.,3.7934375
47448.,3.79375
47449.,3.8053125
47450.,3.775
47451.,3.7509375
47452.,3.7715625
47453.,3.7753125
47454.,3.7784375
47455.,3.779375
47456.,3.7740625
47457.,3.7715625
47458.,3.7784375
47459.,3.7628125
47460.,3.7740625
47461.,3.790625
47462.,3.789375
47463.,3.7834375000
47464.,3.7759375
47465.,3.774375
47466.,3.78125
47467.,3.759375
47468.,3.779375
47469.,3.7534375
47470.,3.7778125
47471.,3.7415625
47472.,3.75125
47473.,3.7540625
47474.,3.7684375
47475.,3.7487500000
47476.,3.77875
47477.,3.7821875
47478.,3.79875
47479.,3.7990625000
47480.,3.7815625
47481.,3.7978125
47482.,3.768125
47483.,3.79875
47484.,3.8040625
47485.,3.7953125
47486.,3.77875
47487.,3.8109375
47488.,3.803125
47489.,3.8021875
47490.,3.798125
47491.,3.8225000000
47492.,3.8425000000
47493.,3.81
47494.,3.813125
47495.,3.8075
47496.,3.805
47497.,3.816875
47498.,3.8140625
47499.,3.8200000000
47500.,3.8078125000
47501.,3.809375
47502.,3.836875
47503.,3.845625
47504.,3.82375
47505.,3.8078125000
47506.,3.825625
47507.,3.8128125
47508.,3.8384375
47509.,3.828125
47510.,3.8290625
47511.,3.825
47512.,3.8209375
47513.,3.8321875
47514.,3.805625
47515.,3.836875
47516.,3.8334375
47517.,3.8228125
47518.,3.7946875
47519.,3.82125
47520.,3.8315625
47521.,3.8403125
47522.,3.7815625
47523.,3.811875
47524.,3.835
47525.,3.8278125000
47526.,3.8075
47527.,3.821875
47528.,3.8046875
47529.,3.809375
47530.,3.7978125
47531.,3.8156250000
47532.,3.8021875
47533.,3.841875
47534.,3.80125
47535.,3.8171875
47536.,3.8028125
47537.,3.8240625
47538.,3.8068750000
47539.,3.821875
47540.,3.781875
47541.,3.8046875
47542.,3.8112500000
47543.,3.7978125
47544.,3.798125
47545.,3.8321875
47546.,3.831875
47547.,3.8253125
47548.,3.814375
47549.,3.8078125000
47550.,3.8165625
47551.,3.8159375
47552.,3.8059375
47553.,3.84125
47554.,3.830625
47555.,3.8034375000
47556.,3.8490625
47557.,3.8184375
47558.,3.8312500000
47559.,3.8190625000
47560.,3.823125
47561.,3.8078125000
47562.,3.823125
47563.,3.835
47564.,3.8115625
47565.,3.8340625
47566.,3.8521875
47567.,3.8184375
47568.,3.8312500000
47569.,3.8359375
47570.,3.8265625
47571.,3.8303125000
47572.,3.8384375
47573.,3.8334375
47574.,3.841875
47575.,3.8356250000
47576.,3.8328125
47577.,3.8109375
47578.,3.8209375
47579.,3.8334375
47580.,3.8265625
47581.,3.7912500000
47582.,3.8034375000
47583.,3.7731250000
47584.,3.8178125
47585.,3.7921875000
47586.,3.80125
47587.,3.805625
47588.,3.79625
47589.,3.788125
47590.,3.78375
47591.,3.7859375
47592.,3.7709375
47593.,3.7828125
47594.,3.77875
47595.,3.7903125
47596.,3.7946875
47597.,3.7990625000
47598.,3.7600000000
47599.,3.80875
47600.,3.820625
47601.,3.7928125
47602.,3.80625
47603.,3.785625
47604.,3.7853125
47605.,3.791875
47606.,3.7965625000
47607.,3.77875
47608.,3.7715625
47609.,3.7687500000
47610.,3.7887500000
47611.,3.8000000000
47612.,3.8075
47613.,3.811875
47614.,3.79875
47615.,3.800625
47616.,3.7975
47617.,3.8009375
47618.,3.7825
47619.,3.8009375
47620.,3.7946875
47621.,3.7846875
47622.,3.7959375
47623.,3.7915625
47624.,3.8184375
47625.,3.823125
47626.,3.8134375
47627.,3.80125
47628.,3.7809375000
47629.,3.8253125
47630.,3.8115625
47631.,3.788125
47632.,3.8146875000
47633.,3.8065625
47634.,3.8121875000
47635.,3.8009375
47636.,3.7796875
47637.,3.788125
47638.,3.80375
47639.,3.8009375
47640.,3.7878125000
47641.,3.7909375
47642.,3.803125
47643.,3.8290625
47644.,3.7809375000
47645.,3.76375
47646.,3.7821875
47647.,3.7990625000
47648.,3.7643750000
47649.,3.7912500000
47650.,3.7771875
47651.,3.79
47652.,3.785625
47653.,3.799375
47654.,3.7940625
47655.,3.7531250000
47656.,3.7678125000
47657.,3.776875
47658.,3.7675
47659.,3.7731250000
47660.,3.7715625
47661.,3.800625
47662.,3.79875
47663.,3.789375
47664.,3.7853125
47665.,3.7778125
47666.,3.785
47667.,3.7815625
47668.,3.8115625
47669.,3.8140625
47670.,3.83375
47671.,3.7928125
47672.,3.81375
47673.,3.8146875000
47674.,3.7912500000
47675.,3.8146875000
47676.,3.7915625
47677.,3.7915625
47678.,3.7990625000
47679.,3.8043750000
47680.,3.8278125000
47681.,3.8084375
47682.,3.79375
47683.,3.813125
47684.,3.809375
47685.,3.798125
47686.,3.7984375
47687.,3.790625
47688.,3.8015625
47689.,3.7965625000
47690.,3.8096875
47691.,3.7909375
47692.,3.79625
47693.,3.79625
47694.,3.82625
47695.,3.79375
47696.,3.798125
47697.,3.7959375
47698.,3.8103125
47699.,3.8315625
47700.,3.794375
47701.,3.8040625
47702.,3.825
47703.,3.8096875
47704.,3.8071875
47705.,3.8009375
47706.,3.8128125
47707.,3.8234375000
47708.,3.78125
47709.,3.790625
47710.,3.798125
47711.,3.8034375000
47712.,3.821875
47713.,3.7878125000
47714.,3.7921875000
47715.,3.803125
47716.,3.80125
47717.,3.799375
47718.,3.7990625000
47719.,3.8184375
47720.,3.825
47721.,3.8203125
47722.,3.798125
47723.,3.8396875
47724.,3.8084375
47725.,3.823125
47726.,3.8059375
47727.,3.828125
47728.,3.84375
47729.,3.8540625
47730.,3.8171875
47731.,3.81625
47732.,3.8375
47733.,3.8359375
47734.,3.8309375
47735.,3.829375
47736.,3.8146875000
47737.,3.8196875
47738.,3.84125
47739.,3.833125
47740.,3.819375
47741.,3.844375
47742.,3.8115625
47743.,3.8059375
47744.,3.8046875
47745.,3.8121875000
47746.,3.825625
47747.,3.8234375000
47748.,3.8028125
47749.,3.8190625000
47750.,3.8084375
47751.,3.7890625
47752.,3.8234375000
47753.,3.813125
47754.,3.8215625
47755.,3.7884375
47756.,3.805
47757.,3.7796875
47758.,3.81375
47759.,3.7984375
47760.,3.8321875
47761.,3.79625
47762.,3.8284375
47763.,3.824375
47764.,3.8103125
47765.,3.8112500000
47766.,3.7731250000
47767.,3.8259375
47768.,3.7996875
47769.,3.798125
47770.,3.7934375
47771.,3.7871875
47772.,3.7734375
47773.,3.7731250000
47774.,3.7621875
47775.,3.7925
47776.,3.77125
47777.,3.7956250000
47778.,3.79
47779.,3.77625
47780.,3.7928125
47781.,3.76125
47782.,3.793125
47783.,3.7731250000
47784.,3.781875
47785.,3.7790625
47786.,3.7975
47787.,3.7731250000
47788.,3.7928125
47789.,3.7890625
47790.,3.803125
47791.,3.8059375
47792.,3.819375
47793.,3.7971875
47794.,3.8015625
47795.,3.791875
47796.,3.786875
47797.,3.8109375
47798.,3.7575000000
47799.,3.7775
47800.,3.805
47801.,3.7975
47802.,3.7728125
47803.,3.8046875
47804.,3.8112500000
47805.,3.78625
47806.,3.798125
47807.,3.7734375
47808.,3.7878125000
47809.,3.7890625
47810.,3.771875
47811.,3.756875
47812.,3.794375
47813.,3.788125
47814.,3.7621875
47815.,3.8015625
47816.,3.763125
47817.,3.7540625
47818.,3.813125
47819.,3.7584375
47820.,3.7815625
47821.,3.7834375000
47822.,3.7778125
47823.,3.7643750000
47824.,3.7600000000
47825.,3.780625
47826.,3.7687500000
47827.,3.786875
47828.,3.774375
47829.,3.759375
47830.,3.7796875
47831.,3.7731250000
47832.,3.781875
47833.,3.7565625000
47834.,3.7653125000
47835.,3.788125
47836.,3.7912500000
47837.,3.79375
47838.,3.7515625
47839.,3.7996875
47840.,3.7800000000
47841.,3.7903125
47842.,3.7996875
47843.,3.780625
47844.,3.8021875
47845.,3.7890625
47846.,3.795
47847.,3.8009375
47848.,3.7703125
47849.,3.8390625000
47850.,3.8103125
47851.,3.8303125000
47852.,3.8121875000
47853.,3.8184375
47854.,3.80125
47855.,3.794375
47856.,3.7996875
47857.,3.8115625
47858.,3.8125
47859.,3.8009375
47860.,3.7875
47861.,3.8296875
47862.,3.7887500000
47863.,3.8000000000
47864.,3.7956250000
47865.,3.8090625
47866.,3.7984375
47867.,3.796875
47868.,3.8025
47869.,3.805
47870.,3.8228125
47871.,3.7775
47872.,3.8112500000
47873.,3.8156250000
47874.,3.7765625000
47875.,3.7928125
47876.,3.7840625
47877.,3.7731250000
47878.,3.7912500000
47879.,3.7865625
47880.,3.781875
47881.,3.7725
47882.,3.780625
47883.,3.8084375
47884.,3.7746875
47885.,3.7600000000
47886.,3.799375
47887.,3.7853125
47888.,3.7846875
47889.,3.7765625000
47890.,3.7756250000
47891.,3.7731250000
47892.,3.7628125
47893.,3.7909375
47894.,3.7871875
47895.,3.808125
47896.,3.788125
47897.,3.80375
47898.,3.809375
47899.,3.8000000000
47900.,3.785
47901.,3.7715625
47902.,3.7871875
47903.,3.790625
47904.,3.778125
47905.,3.7846875
47906.,3.8040625
47907.,3.8009375
47908.,3.785
47909.,3.800625
47910.,3.77
47911.,3.7778125
47912.,3.7859375
47913.,3.8109375
47914.,3.7865625
47915.,3.791875
47916.,3.7728125
47917.,3.7559375
47918.,3.78125
47919.,3.76375
47920.,3.813125
47921.,3.7853125
47922.,3.783125
47923.,3.7643750000
47924.,3.785625
47925.,3.7834375000
47926.,3.765625
47927.,3.7756250000
47928.,3.795
47929.,3.7859375
47930.,3.808125
47931.,3.7740625
47932.,3.7978125
47933.,3.7878125000
47934.,3.7709375
47935.,3.7840625
47936.,3.7884375
47937.,3.7971875
47938.,3.8109375
47939.,3.7925
47940.,3.7996875
47941.,3.8046875
47942.,3.7687500000
47943.,3.8071875
47944.,3.781875
47945.,3.7978125
47946.,3.8021875
47947.,3.7921875000
47948.,3.7756250000
47949.,3.8096875
47950.,3.8109375
47951.,3.77625
47952.,3.7996875
47953.,3.786875
47954.,3.774375
47955.,3.7843750000
47956.,3.7846875
47957.,3.7765625000
47958.,3.8000000000
47959.,3.7509375
47960.,3.78625
47961.,3.7715625
47962.,3.7878125000
47963.,3.7675
47964.,3.7996875
47965.,3.7878125000
47966.,3.7859375
47967.,3.775
47968.,3.779375
47969.,3.7843750000
47970.,3.7740625
47971.,3.788125
47972.,3.7921875000
47973.,3.7825
47974.,3.7912500000
47975.,3.774375
47976.,3.766875
47977.,3.7309375
47978.,3.7715625
47979.,3.754375
47980.,3.771875
47981.,3.7603125
47982.,3.748125
47983.,3.771875
47984.,3.7896875
47985.,3.79625
47986.,3.774375
47987.,3.789375
47988.,3.7740625
47989.,3.7778125
47990.,3.7912500000
47991.,3.7928125
47992.,3.788125
47993.,3.7690625
47994.,3.7621875
47995.,3.7746875
47996.,3.7675
47997.,3.7659375
47998.,3.7540625
47999.,3.7509375
48000.,3.7971875
48001.,3.76375
48002.,3.7775
48003.,3.7540625
48004.,3.7759375
48005.,3.7643750000
48006.,3.7565625000
48007.,3.7634375
48008.,3.7596875
48009.,3.7728125
48010.,3.749375
48011.,3.7609375000
48012.,3.74375
48013.,3.76125
48014.,3.7740625
48015.,3.7487500000
48016.,3.75875
48017.,3.7771875
48018.,3.7687500000
48019.,3.7840625
48020.,3.7571875
48021.,3.7696875
48022.,3.7634375
48023.,3.755625
48024.,3.7684375
48025.,3.7825
48026.,3.786875
48027.,3.7443750000
48028.,3.75625
48029.,3.7878125000
48030.,3.78375
48031.,3.7446875
48032.,3.7553125
48033.,3.778125
48034.,3.7884375
48035.,3.785625
48036.,3.778125
48037.,3.7571875
48038.,3.7953125
48039.,3.7915625
48040.,3.7840625
48041.,3.7859375
48042.,3.7909375
48043.,3.833125
48044.,3.7796875
48045.,3.8009375
48046.,3.8096875
48047.,3.813125
48048.,3.7940625
48049.,3.7971875
48050.,3.8078125000
48051.,3.8200000000
48052.,3.794375
48053.,3.7903125
48054.,3.8328125
48055.,3.8115625
48056.,3.8146875000
48057.,3.7796875
48058.,3.815
48059.,3.820625
48060.,3.8059375
48061.,3.775
48062.,3.766875
48063.,3.7853125
48064.,3.8165625
48065.,3.78625
48066.,3.7834375000
48067.,3.813125
48068.,3.7940625
48069.,3.7790625
48070.,3.785
48071.,3.79625
48072.,3.815
48073.,3.8253125
48074.,3.81625
48075.,3.7978125
48076.,3.8253125
48077.,3.814375
48078.,3.7796875
48079.,3.834375
48080.,3.8453125
48081.,3.82875
48082.,3.8103125
48083.,3.808125
48084.,3.818125
48085.,3.7921875000
48086.,3.8043750000
48087.,3.7946875
48088.,3.823125
48089.,3.813125
48090.,3.8268750000
48091.,3.815
48092.,3.8153125
48093.,3.8328125
48094.,3.8134375
48095.,3.8003125
48096.,3.8003125
48097.,3.8021875
48098.,3.8246875
48099.,3.8071875
48100.,3.793125
48101.,3.79
48102.,3.8165625
48103.,3.831875
48104.,3.783125
48105.,3.7775
48106.,3.7778125
48107.,3.785
48108.,3.790625
48109.,3.8109375
48110.,3.7915625
48111.,3.7928125
48112.,3.7996875
48113.,3.7696875
48114.,3.7790625
48115.,3.81625
48116.,3.8140625
48117.,3.785625
48118.,3.7909375
48119.,3.810625
48120.,3.7921875000
48121.,3.7921875000
48122.,3.7896875
48123.,3.79625
48124.,3.8053125
48125.,3.800625
48126.,3.8140625
48127.,3.7809375000
48128.,3.785625
48129.,3.813125
48130.,3.8053125
48131.,3.7978125
48132.,3.785
48133.,3.7953125
48134.,3.7971875
48135.,3.8068750000
48136.,3.81375
48137.,3.788125
48138.,3.8121875000
48139.,3.8215625
48140.,3.8140625
48141.,3.7953125
48142.,3.7596875
48143.,3.780625
48144.,3.8159375
48145.,3.8165625
48146.,3.759375
48147.,3.803125
48148.,3.8121875000
48149.,3.7896875
48150.,3.8178125
48151.,3.8046875
48152.,3.7803125
48153.,3.81
48154.,3.79625
48155.,3.785
48156.,3.79375
48157.,3.8178125
48158.,3.795
48159.,3.7915625
48160.,3.8000000000
48161.,3.7896875
48162.,3.800625
48163.,3.7803125
48164.,3.7946875
48165.,3.781875
48166.,3.776875
48167.,3.7759375
48168.,3.7740625
48169.,3.780625
48170.,3.7865625
48171.,3.7531250000
48172.,3.7521875000
48173.,3.745625
48174.,3.7796875
48175.,3.7778125
48176.,3.7659375
48177.,3.77625
48178.,3.7878125000
48179.,3.80125
48180.,3.7859375
48181.,3.7421875
48182.,3.76125
48183.,3.743125
48184.,3.7600000000
48185.,3.77375
48186.,3.794375
48187.,3.7890625
48188.,3.7790625
48189.,3.770625
48190.,3.7775
48191.,3.7671875
48192.,3.7725
48193.,3.7756250000
48194.,3.7928125
48195.,3.7843750000
48196.,3.7643750000
48197.,3.7865625
48198.,3.7840625
48199.,3.7956250000
48200.,3.7846875
48201.,3.7803125
48202.,3.7828125
48203.,3.7665625
48204.,3.78125
48205.,3.80125
48206.,3.788125
48207.,3.7921875000
48208.,3.81375
48209.,3.7765625000
48210.,3.7575000000
48211.,3.7878125000
48212.,3.79
48213.,3.801875
48214.,3.768125
48215.,3.8003125
48216.,3.760625
48217.,3.8043750000
48218.,3.8109375
48219.,3.8071875
48220.,3.7778125
48221.,3.7953125
48222.,3.7956250000
48223.,3.779375
48224.,3.77875
48225.,3.80875
48226.,3.7959375
48227.,3.799375
48228.,3.8003125
48229.,3.8112500000
48230.,3.805
48231.,3.7896875
48232.,3.818125
48233.,3.8059375
48234.,3.786875
48235.,3.79875
48236.,3.805
48237.,3.7796875
48238.,3.80625
48239.,3.79375
48240.,3.8040625
48241.,3.8128125
48242.,3.8125
48243.,3.7990625000
48244.,3.7821875
48245.,3.809375
48246.,3.8346875000
48247.,3.8015625
48248.,3.8234375000
48249.,3.7843750000
48250.,3.791875
48251.,3.8053125
48252.,3.8268750000
48253.,3.805625
48254.,3.8215625
48255.,3.8278125000
48256.,3.8196875
48257.,3.8440625
48258.,3.829375
48259.,3.84
48260.,3.816875
48261.,3.8353125
48262.,3.8309375
48263.,3.8312500000
48264.,3.8315625
48265.,3.8146875000
48266.,3.793125
48267.,3.84625
48268.,3.8446875
48269.,3.8275
48270.,3.8396875
48271.,3.849375
48272.,3.824375
48273.,3.823125
48274.,3.814375
48275.,3.8075
48276.,3.8425000000
48277.,3.8034375000
48278.,3.7915625
48279.,3.81875
48280.,3.8200000000
48281.,3.815
48282.,3.796875
48283.,3.8043750000
48284.,3.8046875
48285.,3.8178125
48286.,3.8071875
48287.,3.839375
48288.,3.8071875
48289.,3.779375
48290.,3.7875
48291.,3.82375
48292.,3.7965625000
48293.,3.818125
48294.,3.78375
48295.,3.79875
48296.,3.8246875
48297.,3.79875
48298.,3.780625
48299.,3.8059375
48300.,3.8043750000
48301.,3.805625
48302.,3.79875
48303.,3.8315625
48304.,3.8315625
48305.,3.8184375
48306.,3.80875
48307.,3.8112500000
48308.,3.805
48309.,3.8371875
48310.,3.7940625
48311.,3.8071875
48312.,3.8240625
48313.,3.7996875
48314.,3.79875
48315.,3.80875
48316.,3.8015625
48317.,3.8228125
48318.,3.8356250000
48319.,3.8103125
48320.,3.783125
48321.,3.8003125
48322.,3.8540625
48323.,3.8559375
48324.,3.829375
48325.,3.8375
48326.,3.8240625
48327.,3.8378125
48328.,3.80875
48329.,3.819375
48330.,3.8071875
48331.,3.828125
48332.,3.8084375
48333.,3.8209375
48334.,3.8215625
48335.,3.8103125
48336.,3.8068750000
48337.,3.799375
48338.,3.8128125
48339.,3.7956250000
48340.,3.7803125
48341.,3.793125
48342.,3.7659375
48343.,3.7759375
48344.,3.8165625
48345.,3.7746875
48346.,3.77
48347.,3.7684375
48348.,3.7675
48349.,3.7600000000
48350.,3.7540625
48351.,3.7703125
48352.,3.794375
48353.,3.779375
48354.,3.7740625
48355.,3.7709375
48356.,3.76125
48357.,3.75875
48358.,3.765
48359.,3.7484375
48360.,3.7809375000
48361.,3.7928125
48362.,3.7503125
48363.,3.7771875
48364.,3.776875
48365.,3.7821875
48366.,3.7815625
48367.,3.7443750000
48368.,3.7628125
48369.,3.8034375000
48370.,3.785625
48371.,3.7828125
48372.,3.8028125
48373.,3.7928125
48374.,3.761875
48375.,3.756875
48376.,3.7759375
48377.,3.7984375
48378.,3.7415625
48379.,3.7984375
48380.,3.7709375
48381.,3.77875
48382.,3.7821875
48383.,3.79
48384.,3.7771875
48385.,3.79
48386.,3.77625
48387.,3.7531250000
48388.,3.799375
48389.,3.78625
48390.,3.7984375
48391.,3.7825
48392.,3.7903125
48393.,3.7675
48394.,3.7740625
48395.,3.79375
48396.,3.7578125
48397.,3.7731250000
48398.,3.793125
48399.,3.7509375
48400.,3.77
48401.,3.77
48402.,3.7709375
48403.,3.7746875
48404.,3.8159375
48405.,3.798125
48406.,3.7834375000
48407.,3.8290625
48408.,3.7878125000
48409.,3.7996875
48410.,3.788125
48411.,3.8021875
48412.,3.786875
48413.,3.7859375
48414.,3.8321875
48415.,3.828125
48416.,3.7953125
48417.,3.7909375
48418.,3.7790625
48419.,3.7525
48420.,3.7531250000
48421.,3.7765625000
48422.,3.80875
48423.,3.785
48424.,3.7728125
48425.,3.794375
48426.,3.793125
48427.,3.7928125
48428.,3.78375
48429.,3.791875
48430.,3.814375
48431.,3.7875
48432.,3.7809375000
48433.,3.8040625
48434.,3.805625
48435.,3.8078125000
48436.,3.8315625
48437.,3.80875
48438.,3.8040625
48439.,3.793125
48440.,3.8046875
48441.,3.7975
48442.,3.7771875
48443.,3.80625
48444.,3.8284375
48445.,3.8200000000
48446.,3.8015625
48447.,3.808125
48448.,3.8296875
48449.,3.8053125
48450.,3.8121875000
48451.,3.794375
48452.,3.801875
48453.,3.7853125
48454.,3.8196875
48455.,3.7925
48456.,3.7956250000
48457.,3.7925
48458.,3.7809375000
48459.,3.7887500000
48460.,3.7584375
48461.,3.7909375
48462.,3.7759375
48463.,3.7853125
48464.,3.7909375
48465.,3.786875
48466.,3.7687500000
48467.,3.8221875
48468.,3.795
48469.,3.7784375
48470.,3.7909375
48471.,3.803125
48472.,3.7734375
48473.,3.7928125
48474.,3.8003125
48475.,3.8225000000
48476.,3.80375
48477.,3.798125
48478.,3.7956250000
48479.,3.8028125
48480.,3.7778125
48481.,3.791875
48482.,3.78375
48483.,3.7912500000
48484.,3.8000000000
48485.,3.798125
48486.,3.7971875
48487.,3.7734375
48488.,3.7771875
48489.,3.7725
48490.,3.81875
48491.,3.8053125
48492.,3.791875
48493.,3.765625
48494.,3.795
48495.,3.785625
48496.,3.76375
48497.,3.7753125
48498.,3.7953125
48499.,3.77
48500.,3.7840625
48501.,3.7940625
48502.,3.78375
48503.,3.77375
48504.,3.7925
48505.,3.8109375
48506.,3.7921875000
48507.,3.781875
48508.,3.79625
48509.,3.7575000000
48510.,3.78375
48511.,3.78625
48512.,3.7884375
48513.,3.7709375
48514.,3.75875
48515.,3.761875
48516.,3.8015625
48517.,3.7934375
48518.,3.7721875000
48519.,3.7600000000
48520.,3.7740625
48521.,3.7678125000
48522.,3.7696875
48523.,3.7653125000
48524.,3.750625
48525.,3.7503125
48526.,3.7490625
48527.,3.7696875
48528.,3.786875
48529.,3.7825
48530.,3.8028125
48531.,3.776875
48532.,3.780625
48533.,3.8109375
48534.,3.7890625
48535.,3.79375
48536.,3.776875
48537.,3.779375
48538.,3.7575000000
48539.,3.7953125
48540.,3.7887500000
48541.,3.7878125000
48542.,3.80625
48543.,3.7853125
48544.,3.789375
48545.,3.8209375
48546.,3.798125
48547.,3.786875
48548.,3.805
48549.,3.81
48550.,3.805625
48551.,3.803125
48552.,3.8221875
48553.,3.7875
48554.,3.7946875
48555.,3.8196875
48556.,3.831875
48557.,3.7990625000
48558.,3.8125
48559.,3.80625
48560.,3.7703125
48561.,3.8021875
48562.,3.8215625
48563.,3.8153125
48564.,3.7975
48565.,3.7725
48566.,3.796875
48567.,3.8046875
48568.,3.7784375
48569.,3.763125
48570.,3.7625
48571.,3.8040625
48572.,3.8159375
48573.,3.8009375
48574.,3.7984375
48575.,3.763125
48576.,3.80125
48577.,3.80625
48578.,3.8178125
48579.,3.7915625
48580.,3.8096875
48581.,3.79625
48582.,3.8146875000
48583.,3.7709375
48584.,3.808125
48585.,3.774375
48586.,3.798125
48587.,3.8165625
48588.,3.801875
48589.,3.7953125
48590.,3.80875
48591.,3.800625
48592.,3.8075
48593.,3.8090625
48594.,3.8096875
48595.,3.805625
48596.,3.796875
48597.,3.8268750000
48598.,3.8015625
48599.,3.819375
48600.,3.8000000000
48601.,3.8203125
48602.,3.836875
48603.,3.80625
48604.,3.80625
48605.,3.810625
48606.,3.83375
48607.,3.81
48608.,3.8253125
48609.,3.8034375000
48610.,3.8075
48611.,3.83375
48612.,3.809375
48613.,3.830625
48614.,3.82625
48615.,3.8084375
48616.,3.78625
48617.,3.8128125
48618.,3.821875
48619.,3.8225000000
48620.,3.7921875000
48621.,3.8071875
48622.,3.811875
48623.,3.8228125
48624.,3.80375
48625.,3.8321875
48626.,3.8153125
48627.,3.8296875
48628.,3.7928125
48629.,3.8165625
48630.,3.8321875
48631.,3.7896875
48632.,3.7871875
48633.,3.7896875
48634.,3.7909375
48635.,3.8221875
48636.,3.7971875
48637.,3.8090625
48638.,3.8175
48639.,3.8225000000
48640.,3.818125
48641.,3.766875
48642.,3.7903125
48643.,3.815
48644.,3.7928125
48645.,3.786875
48646.,3.7871875
48647.,3.8156250000
48648.,3.8340625
48649.,3.7934375
48650.,3.790625
48651.,3.803125
48652.,3.8065625
48653.,3.8025
48654.,3.7803125
48655.,3.783125
48656.,3.8196875
48657.,3.8046875
48658.,3.7615625
48659.,3.7887500000
48660.,3.7990625000
48661.,3.7940625
48662.,3.790625
48663.,3.790625
48664.,3.7875
48665.,3.793125
48666.,3.7965625000
48667.,3.80375
48668.,3.7759375
48669.,3.77125
48670.,3.795
48671.,3.7887500000
48672.,3.7984375
48673.,3.75875
48674.,3.77125
48675.,3.7675
48676.,3.7759375
48677.,3.776875
48678.,3.801875
48679.,3.8246875
48680.,3.820625
48681.,3.794375
48682.,3.7784375
48683.,3.81375
48684.,3.7784375
48685.,3.7821875
48686.,3.758125
48687.,3.8043750000
48688.,3.7956250000
48689.,3.8175
48690.,3.7809375000
48691.,3.78375
48692.,3.78125
48693.,3.795
48694.,3.79375
48695.,3.7956250000
48696.,3.7925
48697.,3.80125
48698.,3.7865625
48699.,3.8084375
48700.,3.7815625
48701.,3.7878125000
48702.,3.7843750000
48703.,3.7684375
48704.,3.805
48705.,3.7696875
48706.,3.796875
48707.,3.790625
48708.,3.803125
48709.,3.8003125
48710.,3.7803125
48711.,3.7803125
48712.,3.82375
48713.,3.7959375
48714.,3.810625
48715.,3.8000000000
48716.,3.7965625000
48717.,3.810625
48718.,3.7771875
48719.,3.7984375
48720.,3.790625
48721.,3.8246875
48722.,3.7825
48723.,3.8125
48724.,3.8268750000
48725.,3.8140625
48726.,3.7771875
48727.,3.799375
48728.,3.80125
48729.,3.8146875000
48730.,3.790625
48731.,3.7884375
48732.,3.8015625
48733.,3.7696875
48734.,3.8040625
48735.,3.7775
48736.,3.8115625
48737.,3.8034375000
48738.,3.8365625
48739.,3.8103125
48740.,3.8171875
48741.,3.8003125
48742.,3.7984375
48743.,3.79875
48744.,3.8371875
48745.,3.8115625
48746.,3.808125
48747.,3.8112500000
48748.,3.8271875
48749.,3.8271875
48750.,3.8109375
48751.,3.79625
48752.,3.8396875
48753.,3.816875
48754.,3.8200000000
48755.,3.7996875
48756.,3.8053125
48757.,3.8234375000
48758.,3.79625
48759.,3.8034375000
48760.,3.8090625
48761.,3.8134375
48762.,3.8296875
48763.,3.8184375
48764.,3.7990625000
48765.,3.7725
48766.,3.8028125
48767.,3.798125
48768.,3.8009375
48769.,3.7953125
48770.,3.8009375
48771.,3.8059375
48772.,3.805625
48773.,3.779375
48774.,3.7978125
48775.,3.816875
48776.,3.8221875
48777.,3.8121875000
48778.,3.823125
48779.,3.83
48780.,3.8371875
48781.,3.8196875
48782.,3.8165625
48783.,3.8584375
48784.,3.8284375
48785.,3.813125
48786.,3.8378125
48787.,3.8375
48788.,3.8200000000
48789.,3.8384375
48790.,3.7984375
48791.,3.8275
48792.,3.860625
48793.,3.855
48794.,3.8178125
48795.,3.8396875
48796.,3.8390625000
48797.,3.8325
48798.,3.813125
48799.,3.828125
48800.,3.8140625
48801.,3.8315625
48802.,3.8453125
48803.,3.82375
48804.,3.8225000000
48805.,3.8321875
48806.,3.8265625
48807.,3.829375
48808.,3.8109375
48809.,3.828125
48810.,3.8196875
48811.,3.836875
48812.,3.84125
48813.,3.845625
48814.,3.830625
48815.,3.80875
48816.,3.8225000000
48817.,3.8178125
48818.,3.7956250000
48819.,3.815
48820.,3.80375
48821.,3.8225000000
48822.,3.8228125
48823.,3.82125
48824.,3.793125
48825.,3.8046875
48826.,3.8034375000
48827.,3.8059375
48828.,3.785
48829.,3.8121875000
48830.,3.8365625
48831.,3.8178125
48832.,3.8375
48833.,3.831875
48834.,3.8175
48835.,3.811875
48836.,3.8109375
48837.,3.8000000000
48838.,3.8065625
48839.,3.8381250000
48840.,3.8221875
48841.,3.8068750000
48842.,3.801875
48843.,3.8475
48844.,3.83375
48845.,3.798125
48846.,3.8196875
48847.,3.8365625
48848.,3.8165625
48849.,3.8140625
48850.,3.818125
48851.,3.8334375
48852.,3.821875
48853.,3.8425000000
48854.,3.8128125
48855.,3.80125
48856.,3.8225000000
48857.,3.8253125
48858.,3.814375
48859.,3.8381250000
48860.,3.8203125
48861.,3.828125
48862.,3.80125
48863.,3.7825
48864.,3.791875
48865.,3.820625
48866.,3.7946875
48867.,3.8165625
48868.,3.7775
48869.,3.7912500000
48870.,3.8090625
48871.,3.8140625
48872.,3.8200000000
48873.,3.83625
48874.,3.8084375
48875.,3.8040625
48876.,3.7834375000
48877.,3.8015625
48878.,3.840625
48879.,3.80125
48880.,3.830625
48881.,3.785625
48882.,3.788125
48883.,3.8234375000
48884.,3.7921875000
48885.,3.8165625
48886.,3.7971875
48887.,3.8125
48888.,3.8000000000
48889.,3.8268750000
48890.,3.8043750000
48891.,3.7959375
48892.,3.8090625
48893.,3.8309375
48894.,3.8384375
48895.,3.810625
48896.,3.801875
48897.,3.781875
48898.,3.7890625
48899.,3.7871875
48900.,3.8184375
48901.,3.7896875
48902.,3.7875
48903.,3.801875
48904.,3.794375
48905.,3.7953125
48906.,3.805
48907.,3.814375
48908.,3.8268750000
48909.,3.8096875
48910.,3.8015625
48911.,3.80625
48912.,3.8328125
48913.,3.8200000000
48914.,3.7921875000
48915.,3.793125
48916.,3.815
48917.,3.795
48918.,3.7709375
48919.,3.7884375
48920.,3.8315625
48921.,3.8065625
48922.,3.80625
48923.,3.8109375
48924.,3.8346875000
48925.,3.8046875
48926.,3.8021875
48927.,3.808125
48928.,3.8309375
48929.,3.81
48930.,3.8121875000
48931.,3.823125
48932.,3.8146875000
48933.,3.8109375
48934.,3.8153125
48935.,3.8125
48936.,3.8734375
48937.,3.825625
48938.,3.8112500000
48939.,3.805
48940.,3.7578125
48941.,3.8134375
48942.,3.8171875
48943.,3.8196875
48944.,3.8071875
48945.,3.8221875
48946.,3.80125
48947.,3.80625
48948.,3.8328125
48949.,3.8034375000
48950.,3.844375
48951.,3.8478125000
48952.,3.82875
48953.,3.8190625000
48954.,3.80375
48955.,3.8128125
48956.,3.8134375
48957.,3.80375
48958.,3.821875
48959.,3.818125
48960.,3.8328125
48961.,3.824375
48962.,3.8112500000
48963.,3.8203125
48964.,3.780625
48965.,3.816875
48966.,3.8015625
48967.,3.7871875
48968.,3.7959375
48969.,3.8275
48970.,3.7953125
48971.,3.8290625
48972.,3.80625
48973.,3.8165625
48974.,3.8128125
48975.,3.7825
48976.,3.8175
48977.,3.8225000000
48978.,3.8196875
48979.,3.8009375
48980.,3.8115625
48981.,3.76125
48982.,3.80375
48983.,3.8059375
48984.,3.814375
48985.,3.8003125
48986.,3.7984375
48987.,3.7765625000
48988.,3.8134375
48989.,3.78125
48990.,3.7871875
48991.,3.77875
48992.,3.7784375
48993.,3.816875
48994.,3.7912500000
48995.,3.77375
48996.,3.7996875
48997.,3.8103125
48998.,3.7821875
48999.,3.8140625
49000.,3.8046875
49001.,3.80875
49002.,3.8090625
49003.,3.7971875
49004.,3.8125
49005.,3.8068750000
49006.,3.815
49007.,3.8046875
49008.,3.7978125
49009.,3.8078125000
49010.,3.8121875000
49011.,3.82375
49012.,3.786875
49013.,3.815
49014.,3.81375
49015.,3.8175
49016.,3.8268750000
49017.,3.8103125
49018.,3.799375
49019.,3.8165625
49020.,3.7925
49021.,3.8200000000
49022.,3.8228125
49023.,3.7912500000
49024.,3.783125
49025.,3.811875
49026.,3.813125
49027.,3.7921875000
49028.,3.7659375
49029.,3.7959375
49030.,3.8265625
49031.,3.8003125
49032.,3.8068750000
49033.,3.8115625
49034.,3.80875
49035.,3.8234375000
49036.,3.7728125
49037.,3.8353125
49038.,3.8034375000
49039.,3.79875
49040.,3.811875
49041.,3.8103125
49042.,3.8075
49043.,3.7834375000
49044.,3.7784375
49045.,3.76375
49046.,3.77875
49047.,3.7934375
49048.,3.796875
49049.,3.758125
49050.,3.7653125000
49051.,3.76125
49052.,3.8009375
49053.,3.78125
49054.,3.7909375
49055.,3.7621875
49056.,3.8125
49057.,3.79625
49058.,3.80625
49059.,3.7828125
49060.,3.7828125
49061.,3.7853125
49062.,3.8071875
49063.,3.8515625
49064.,3.8165625
49065.,3.7890625
49066.,3.803125
49067.,3.7971875
49068.,3.7990625000
49069.,3.7921875000
49070.,3.7971875
49071.,3.7884375
49072.,3.825625
49073.,3.8190625000
49074.,3.8040625
49075.,3.8200000000
49076.,3.840625
49077.,3.814375
49078.,3.820625
49079.,3.8234375000
49080.,3.839375
49081.,3.831875
49082.,3.7887500000
49083.,3.786875
49084.,3.813125
49085.,3.7940625
49086.,3.8365625
49087.,3.841875
49088.,3.8171875
49089.,3.824375
49090.,3.83
49091.,3.798125
49092.,3.819375
49093.,3.825
49094.,3.801875
49095.,3.789375
49096.,3.8246875
49097.,3.8215625
49098.,3.8203125
49099.,3.7990625000
49100.,3.8396875
49101.,3.8259375
49102.,3.816875
49103.,3.8028125
49104.,3.809375
49105.,3.8134375
49106.,3.82375
49107.,3.8046875
49108.,3.80875
49109.,3.7971875
49110.,3.8153125
49111.,3.808125
49112.,3.79875
49113.,3.8396875
49114.,3.8312500000
49115.,3.8346875000
49116.,3.8328125
49117.,3.8178125
49118.,3.8121875000
49119.,3.7843750000
49120.,3.8128125
49121.,3.809375
49122.,3.8268750000
49123.,3.8103125
49124.,3.80375
49125.,3.8328125
49126.,3.82875
49127.,3.829375
49128.,3.81375
49129.,3.819375
49130.,3.8175
49131.,3.8434375000
49132.,3.8221875
49133.,3.831875
49134.,3.8315625
49135.,3.8153125
49136.,3.828125
49137.,3.8284375
49138.,3.83
49139.,3.845
49140.,3.8312500000
49141.,3.8240625
49142.,3.825625
49143.,3.83625
49144.,3.8415625
49145.,3.82125
49146.,3.8434375000
49147.,3.8396875
49148.,3.8375
49149.,3.8228125
49150.,3.83375
49151.,3.8625000000
49152.,3.8512500000
49153.,3.843125
49154.,3.8371875
49155.,3.8478125000
49156.,3.8590625000
49157.,3.8159375
49158.,3.8468750000
49159.,3.839375
49160.,3.840625
49161.,3.833125
49162.,3.8196875
49163.,3.8303125000
49164.,3.825625
49165.,3.8246875
49166.,3.7990625000
49167.,3.7853125
49168.,3.7984375
49169.,3.81625
49170.,3.81625
49171.,3.791875
49172.,3.795
49173.,3.8346875000
49174.,3.8184375
49175.,3.815
49176.,3.8303125000
49177.,3.8034375000
49178.,3.8215625
49179.,3.8046875
49180.,3.8034375000
49181.,3.814375
49182.,3.8421875
49183.,3.8009375
49184.,3.8084375
49185.,3.8446875
49186.,3.8134375
49187.,3.8296875
49188.,3.8159375
49189.,3.830625
49190.,3.845
49191.,3.83375
49192.,3.82875
49193.,3.829375
49194.,3.8165625
49195.,3.8678125
49196.,3.8365625
49197.,3.8528125
49198.,3.8184375
49199.,3.8221875
49200.,3.844375
49201.,3.81375
49202.,3.8115625
49203.,3.84625
49204.,3.8378125
49205.,3.8403125
49206.,3.8346875000
49207.,3.810625
49208.,3.8353125
49209.,3.8496875
49210.,3.8321875
49211.,3.8128125
49212.,3.8271875
49213.,3.81375
49214.,3.795
49215.,3.8196875
49216.,3.8503125000
49217.,3.7978125
49218.,3.8153125
49219.,3.8268750000
49220.,3.839375
49221.,3.8165625
49222.,3.8253125
49223.,3.8175
49224.,3.8268750000
49225.,3.835
49226.,3.815
49227.,3.821875
49228.,3.8296875
49229.,3.8065625
49230.,3.8078125000
49231.,3.78625
49232.,3.7803125
49233.,3.8156250000
49234.,3.801875
49235.,3.8140625
49236.,3.8209375
49237.,3.8075
49238.,3.8068750000
49239.,3.796875
49240.,3.7756250000
49241.,3.78375
49242.,3.7821875
49243.,3.819375
49244.,3.7825
49245.,3.805
49246.,3.8203125
49247.,3.8178125
49248.,3.8215625
49249.,3.8253125
49250.,3.8090625
49251.,3.809375
49252.,3.8134375
49253.,3.813125
49254.,3.810625
49255.,3.7959375
49256.,3.8034375000
49257.,3.82875
49258.,3.8196875
49259.,3.836875
49260.,3.8134375
49261.,3.845
49262.,3.8112500000
49263.,3.8515625
49264.,3.8353125
49265.,3.8375
49266.,3.8309375
49267.,3.841875
49268.,3.8240625
49269.,3.84
49270.,3.800625
49271.,3.8603125
49272.,3.8396875
49273.,3.816875
49274.,3.8165625
49275.,3.81625
49276.,3.815
49277.,3.82625
49278.,3.8425000000
49279.,3.8390625000
49280.,3.8565625
49281.,3.8371875
49282.,3.831875
49283.,3.8096875
49284.,3.875625
49285.,3.881875
49286.,3.8215625
49287.,3.8171875
49288.,3.82125
49289.,3.8059375
49290.,3.83
49291.,3.8203125
49292.,3.8178125
49293.,3.8425000000
49294.,3.809375
49295.,3.8440625
49296.,3.8375
49297.,3.86875
49298.,3.803125
49299.,3.813125
49300.,3.8225000000
49301.,3.8040625
49302.,3.7853125
49303.,3.77625
49304.,3.79875
49305.,3.853125
49306.,3.8153125
49307.,3.8246875
49308.,3.8153125
49309.,3.8156250000
49310.,3.865
49311.,3.848125
49312.,3.86
49313.,3.8465625
49314.,3.8375
49315.,3.8221875
49316.,3.8356250000
49317.,3.8696875
49318.,3.861875
49319.,3.8225000000
49320.,3.8353125
49321.,3.8103125
49322.,3.84375
49323.,3.849375
49324.,3.836875
49325.,3.83625
49326.,3.8503125000
49327.,3.830625
49328.,3.829375
49329.,3.864375
49330.,3.8621875
49331.,3.8171875
49332.,3.850625
49333.,3.820625
49334.,3.8200000000
49335.,3.8253125
49336.,3.8259375
49337.,3.82125
49338.,3.834375
49339.,3.8321875
49340.,3.845
49341.,3.856875
49342.,3.830625
49343.,3.805
49344.,3.8375
49345.,3.8378125
49346.,3.824375
49347.,3.8556250000
49348.,3.8525
49349.,3.8525
49350.,3.8596875
49351.,3.870625
49352.,3.8534375
49353.,3.8171875
49354.,3.8315625
49355.,3.863125
49356.,3.845625
49357.,3.8328125
49358.,3.839375
49359.,3.8221875
49360.,3.843125
49361.,3.8296875
49362.,3.8559375
49363.,3.8325
49364.,3.856875
49365.,3.8503125000
49366.,3.8240625
49367.,3.825625
49368.,3.8665625
49369.,3.825625
49370.,3.816875
49371.,3.805625
49372.,3.8196875
49373.,3.8356250000
49374.,3.8228125
49375.,3.8268750000
49376.,3.8115625
49377.,3.8175
49378.,3.8078125000
49379.,3.820625
49380.,3.8275
49381.,3.82375
49382.,3.84375
49383.,3.8384375
49384.,3.844375
49385.,3.8275
49386.,3.8034375000
49387.,3.8278125000
49388.,3.8121875000
49389.,3.8125
49390.,3.80625
49391.,3.8221875
49392.,3.8425000000
49393.,3.82125
49394.,3.8284375
49395.,3.7996875
49396.,3.823125
49397.,3.830625
49398.,3.8403125
49399.,3.8265625
49400.,3.8375
49401.,3.8321875
49402.,3.8484375
49403.,3.8046875
49404.,3.816875
49405.,3.8200000000
49406.,3.8190625000
49407.,3.8165625
49408.,3.8115625
49409.,3.8646875
49410.,3.8403125
49411.,3.8209375
49412.,3.8334375
49413.,3.814375
49414.,3.8415625
49415.,3.82125
49416.,3.85
49417.,3.8309375
49418.,3.8415625
49419.,3.8590625000
49420.,3.8415625
49421.,3.82625
49422.,3.85875
49423.,3.8309375
49424.,3.825625
49425.,3.8471875
49426.,3.8359375
49427.,3.8421875
49428.,3.823125
49429.,3.803125
49430.,3.8156250000
49431.,3.853125
49432.,3.8015625
49433.,3.8165625
49434.,3.81375
49435.,3.8340625
49436.,3.8425000000
49437.,3.8068750000
49438.,3.814375
49439.,3.8028125
49440.,3.7996875
49441.,3.8268750000
49442.,3.8046875
49443.,3.7940625
49444.,3.8215625
49445.,3.7925
49446.,3.8171875
49447.,3.8046875
49448.,3.8203125
49449.,3.7965625000
49450.,3.7809375000
49451.,3.84
49452.,3.81625
49453.,3.819375
49454.,3.8043750000
49455.,3.8225000000
49456.,3.8253125
49457.,3.8115625
49458.,3.8003125
49459.,3.7846875
49460.,3.8190625000
49461.,3.810625
49462.,3.8196875
49463.,3.8146875000
49464.,3.8040625
49465.,3.796875
49466.,3.8043750000
49467.,3.7975
49468.,3.8071875
49469.,3.8356250000
49470.,3.8203125
49471.,3.8103125
49472.,3.81
49473.,3.8312500000
49474.,3.8021875
49475.,3.7940625
49476.,3.813125
49477.,3.8009375
49478.,3.7843750000
49479.,3.785
49480.,3.8128125
49481.,3.8178125
49482.,3.80625
49483.,3.81625
49484.,3.8240625
49485.,3.81
49486.,3.8375
49487.,3.818125
49488.,3.8225000000
49489.,3.810625
49490.,3.8346875000
49491.,3.834375
49492.,3.8390625000
49493.,3.8346875000
49494.,3.836875
49495.,3.818125
49496.,3.831875
49497.,3.823125
49498.,3.8303125000
49499.,3.851875
49500.,3.8209375
49501.,3.8284375
49502.,3.8421875
49503.,3.8625000000
49504.,3.8312500000
49505.,3.844375
49506.,3.8403125
49507.,3.840625
49508.,3.8384375
49509.,3.8178125
49510.,3.7956250000
49511.,3.844375
49512.,3.8340625
49513.,3.8284375
49514.,3.8200000000
49515.,3.81875
49516.,3.8446875
49517.,3.828125
49518.,3.8043750000
49519.,3.829375
49520.,3.8228125
49521.,3.8175
49522.,3.81375
49523.,3.8284375
49524.,3.8128125
49525.,3.825
49526.,3.824375
49527.,3.815
49528.,3.818125
49529.,3.8146875000
49530.,3.8221875
49531.,3.8121875000
49532.,3.81625
49533.,3.8315625
49534.,3.8025
49535.,3.788125
49536.,3.800625
49537.,3.8171875
49538.,3.81625
49539.,3.8421875
49540.,3.8325
49541.,3.831875
49542.,3.824375
49543.,3.810625
49544.,3.8353125
49545.,3.8346875000
49546.,3.8190625000
49547.,3.8328125
49548.,3.8228125
49549.,3.8015625
49550.,3.800625
49551.,3.8078125000
49552.,3.818125
49553.,3.7896875
49554.,3.81875
49555.,3.81625
49556.,3.8021875
49557.,3.828125
49558.,3.80875
49559.,3.8096875
49560.,3.8134375
49561.,3.816875
49562.,3.819375
49563.,3.82625
49564.,3.810625
49565.,3.8315625
49566.,3.8440625
49567.,3.821875
49568.,3.8390625000
49569.,3.8325
49570.,3.8353125
49571.,3.825625
49572.,3.8109375
49573.,3.794375
49574.,3.8040625
49575.,3.7800000000
49576.,3.799375
49577.,3.80625
49578.,3.8209375
49579.,3.8309375
49580.,3.8178125
49581.,3.8040625
49582.,3.810625
49583.,3.819375
49584.,3.8390625000
49585.,3.8356250000
49586.,3.8159375
49587.,3.82125
49588.,3.8284375
49589.,3.811875
49590.,3.8043750000
49591.,3.8190625000
49592.,3.8315625
49593.,3.8365625
49594.,3.825625
49595.,3.8240625
49596.,3.8321875
49597.,3.841875
49598.,3.8078125000
49599.,3.795
49600.,3.8153125
49601.,3.81625
49602.,3.851875
49603.,3.8321875
49604.,3.8675
49605.,3.8234375000
49606.,3.8375
49607.,3.8628125
49608.,3.84
49609.,3.8528125
49610.,3.8268750000
49611.,3.8128125
49612.,3.8581250000
49613.,3.8609375
49614.,3.8512500000
49615.,3.8225000000
49616.,3.8565625
49617.,3.84375
49618.,3.856875
49619.,3.8365625
49620.,3.8346875000
49621.,3.841875
49622.,3.855
49623.,3.81
49624.,3.8468750000
49625.,3.8365625
49626.,3.8503125000
49627.,3.82125
49628.,3.79875
49629.,3.8246875
49630.,3.8178125
49631.,3.8475
49632.,3.8259375
49633.,3.818125
49634.,3.821875
49635.,3.834375
49636.,3.8353125
49637.,3.814375
49638.,3.8259375
49639.,3.8046875
49640.,3.8365625
49641.,3.8115625
49642.,3.820625
49643.,3.811875
49644.,3.849375
49645.,3.8315625
49646.,3.8275
49647.,3.8490625
49648.,3.8196875
49649.,3.8200000000
49650.,3.7843750000
49651.,3.8128125
49652.,3.79875
49653.,3.809375
49654.,3.81375
49655.,3.8221875
49656.,3.836875
49657.,3.86125
49658.,3.814375
49659.,3.8268750000
49660.,3.8478125000
49661.,3.844375
49662.,3.82375
49663.,3.8171875
49664.,3.8468750000
49665.,3.840625
49666.,3.84375
49667.,3.825625
49668.,3.83875
49669.,3.8225000000
49670.,3.83875
49671.,3.8171875
49672.,3.8309375
49673.,3.8296875
49674.,3.8396875
49675.,3.8453125
49676.,3.825625
49677.,3.844375
49678.,3.8078125000
49679.,3.8171875
49680.,3.8175
49681.,3.798125
49682.,3.77625
49683.,3.7896875
49684.,3.7846875
49685.,3.7965625000
49686.,3.81875
49687.,3.825
49688.,3.7909375
49689.,3.8165625
49690.,3.82625
49691.,3.7865625
49692.,3.7978125
49693.,3.811875
49694.,3.8000000000
49695.,3.800625
49696.,3.7859375
49697.,3.79
49698.,3.809375
49699.,3.8375
49700.,3.798125
49701.,3.8140625
49702.,3.8146875000
49703.,3.82875
49704.,3.8309375
49705.,3.80375
49706.,3.85875
49707.,3.7984375
49708.,3.84
49709.,3.7975
49710.,3.8203125
49711.,3.8203125
49712.,3.81375
49713.,3.8321875
49714.,3.8200000000
49715.,3.800625
49716.,3.82875
49717.,3.8090625
49718.,3.818125
49719.,3.8415625
49720.,3.8203125
49721.,3.82125
49722.,3.810625
49723.,3.8353125
49724.,3.8175
49725.,3.8156250000
49726.,3.810625
49727.,3.811875
49728.,3.7959375
49729.,3.7915625
49730.,3.8115625
49731.,3.8325
49732.,3.793125
49733.,3.8200000000
49734.,3.820625
49735.,3.81625
49736.,3.8325
49737.,3.831875
49738.,3.8125
49739.,3.830625
49740.,3.7896875
49741.,3.8384375
49742.,3.8196875
49743.,3.8265625
49744.,3.803125
49745.,3.80875
49746.,3.7915625
49747.,3.8028125
49748.,3.8053125
49749.,3.8312500000
49750.,3.83
49751.,3.8428125
49752.,3.8025
49753.,3.8021875
49754.,3.8112500000
49755.,3.8059375
49756.,3.799375
49757.,3.8034375000
49758.,3.82375
49759.,3.81
49760.,3.82375
49761.,3.8175
49762.,3.8253125
49763.,3.818125
49764.,3.8365625
49765.,3.81625
49766.,3.8334375
49767.,3.845625
49768.,3.841875
49769.,3.83875
49770.,3.8578125
49771.,3.84
49772.,3.816875
49773.,3.8053125
49774.,3.8528125
49775.,3.844375
49776.,3.8359375
49777.,3.8278125000
49778.,3.825625
49779.,3.8484375
49780.,3.8265625
49781.,3.848125
49782.,3.8709375
49783.,3.84875
49784.,3.8328125
49785.,3.8571875
49786.,3.865625
49787.,3.8584375
49788.,3.835
49789.,3.8378125
49790.,3.8465625
49791.,3.849375
49792.,3.8390625000
49793.,3.848125
49794.,3.8271875
49795.,3.8528125
49796.,3.8478125000
49797.,3.845
49798.,3.8315625
49799.,3.8468750000
49800.,3.8659375000
49801.,3.815
49802.,3.8321875
49803.,3.8665625
49804.,3.87625
49805.,3.8075
49806.,3.7990625000
49807.,3.8459375000
49808.,3.839375
49809.,3.8703125000
49810.,3.873125
49811.,3.8346875000
49812.,3.84625
49813.,3.8428125
49814.,3.805
49815.,3.8509375
49816.,3.8515625
49817.,3.8390625000
49818.,3.813125
49819.,3.8546875000
49820.,3.8496875
49821.,3.83625
49822.,3.831875
49823.,3.8509375
49824.,3.87
49825.,3.84625
49826.,3.8128125
49827.,3.81
49828.,3.8584375
49829.,3.8459375000
49830.,3.8128125
49831.,3.87
49832.,3.865
49833.,3.84
49834.,3.8578125
49835.,3.8590625000
49836.,3.8403125
49837.,3.8581250000
49838.,3.86375
49839.,3.8646875
49840.,3.8615625000
49841.,3.850625
49842.,3.87
49843.,3.8478125000
49844.,3.8428125
49845.,3.840625
49846.,3.83625
49847.,3.7956250000
49848.,3.8159375
49849.,3.833125
49850.,3.8453125
49851.,3.8428125
49852.,3.825
49853.,3.860625
49854.,3.8581250000
49855.,3.8240625
49856.,3.8196875
49857.,3.7971875
49858.,3.8078125000
49859.,3.8103125
49860.,3.82125
49861.,3.8209375
49862.,3.833125
49863.,3.8228125
49864.,3.83625
49865.,3.8484375
49866.,3.8225000000
49867.,3.8259375
49868.,3.825
49869.,3.7840625
49870.,3.8146875000
49871.,3.8356250000
49872.,3.8381250000
49873.,3.8134375
49874.,3.8621875
49875.,3.8303125000
49876.,3.82375
49877.,3.8340625
49878.,3.83625
49879.,3.843125
49880.,3.8321875
49881.,3.8646875
49882.,3.8540625
49883.,3.851875
49884.,3.839375
49885.,3.8278125000
49886.,3.8415625
49887.,3.8371875
49888.,3.8312500000
49889.,3.8228125
49890.,3.8396875
49891.,3.82625
49892.,3.8246875
49893.,3.8175
49894.,3.8156250000
49895.,3.8321875
49896.,3.8646875
49897.,3.8265625
49898.,3.776875
49899.,3.7746875
49900.,3.8146875000
49901.,3.8046875
49902.,3.793125
49903.,3.8165625
49904.,3.801875
49905.,3.8440625
49906.,3.8271875
49907.,3.8490625
49908.,3.81
49909.,3.81625
49910.,3.7843750000
49911.,3.8043750000
49912.,3.80875
49913.,3.798125
49914.,3.7965625000
49915.,3.805625
49916.,3.833125
49917.,3.8378125
49918.,3.8475
49919.,3.8071875
49920.,3.8396875
49921.,3.8325
49922.,3.8471875
49923.,3.7990625000
49924.,3.8140625
49925.,3.8128125
49926.,3.8203125
49927.,3.81
49928.,3.7925
49929.,3.80875
49930.,3.7887500000
49931.,3.796875
49932.,3.791875
49933.,3.7884375
49934.,3.789375
49935.,3.7956250000
49936.,3.7659375
49937.,3.763125
49938.,3.783125
49939.,3.7928125
49940.,3.8003125
49941.,3.8328125
49942.,3.8184375
49943.,3.815
49944.,3.82625
49945.,3.8140625
49946.,3.7940625
49947.,3.8184375
49948.,3.81
49949.,3.7975
49950.,3.8003125
49951.,3.809375
49952.,3.8046875
49953.,3.79625
49954.,3.8046875
49955.,3.83375
49956.,3.84125
49957.,3.819375
49958.,3.8109375
49959.,3.828125
49960.,3.8459375000
49961.,3.8365625
49962.,3.833125
49963.,3.8265625
49964.,3.825
49965.,3.8153125
49966.,3.823125
49967.,3.821875
49968.,3.8428125
49969.,3.8334375
49970.,3.8253125
49971.,3.815
49972.,3.8375
49973.,3.84625
49974.,3.841875
49975.,3.8321875
49976.,3.8240625
49977.,3.843125
49978.,3.7903125
49979.,3.8271875
49980.,3.7921875000
49981.,3.8034375000
49982.,3.8109375
49983.,3.7971875
49984.,3.82125
49985.,3.796875
49986.,3.811875
49987.,3.8268750000
49988.,3.8125
49989.,3.8321875
49990.,3.8468750000
49991.,3.8034375000
49992.,3.8403125
49993.,3.8068750000
49994.,3.820625
49995.,3.813125
49996.,3.81375
49997.,3.811875
49998.,3.8290625
49999.,3.82375
